t_days,h_well1,h_well2,h_well3,h_exact1,h_exact2,h_exact3
4.101386021250e+01,2.628864507656e-01,2.029466640417e-01,9.105097069945e-02,2.626062366251e-01,2.026463787286e-01,9.094730455601e-02
4.101903546300e+01,2.458651211697e-01,1.942885380018e-01,8.999407806455e-02,2.455805266717e-01,1.939774885767e-01,8.987578789201e-02
4.102421071350e+01,2.284247748987e-01,1.852023548316e-01,8.868595705498e-02,2.281369312416e-01,1.848818448790e-01,8.855369171982e-02
4.102938596400e+01,2.106388372221e-01,1.757292159106e-01,8.713561629010e-02,2.103488805011e-01,1.754005760485e-01,8.699007227469e-02
4.103456121450e+01,1.925815063404e-01,1.659113840974e-01,8.535290571040e-02,1.922905730708e-01,1.655759666704e-01,8.519482420811e-02
4.103973646500e+01,1.743274563007e-01,1.557921117536e-01,8.334847373752e-02,1.740366789483e-01,1.554512854514e-01,8.317863757951e-02
4.104491171550e+01,1.559515386677e-01,1.454154652558e-01,8.113372140908e-02,1.556620412033e-01,1.450706096784e-01,8.095295183513e-02
4.105008696600e+01,1.375284841299e-01,1.348261466960e-01,7.872075367345e-02,1.372413776257e-01,1.344786468865e-01,7.852990695966e-02
4.105526221650e+01,1.191326052235e-01,1.240693134752e-01,7.612232804053e-02,1.188489835091e-01,1.237205544427e-01,7.592229199738e-02
4.106043746700e+01,1.008375013480e-01,1.131903965099e-01,7.335180079508e-02,1.005584367422e-01,1.128417577635e-01,7.314349114980e-02
4.106561271750e+01,8.271576724084e-02,1.022349177704e-01,7.042307098850e-02,8.244230637701e-02,1.018877678859e-01,7.020742766610e-02
4.107078796800e+01,6.483870606214e-02,9.124830787551e-02,6.735052243360e-02,6.457186582313e-02,9.090399911618e-02,6.712850575144e-02
4.107596321850e+01,4.727604822227e-02,8.027572446545e-02,6.414896393466e-02,4.701681180049e-02,7.993558747913e-02,6.392155072556e-02
4.108113846900e+01,3.009567706176e-02,6.936187207386e-02,6.083356799173e-02,2.984499016067e-02,6.902721068551e-02,6.060174767114e-02
4.108631371950e+01,1.336336246539e-02,5.855082421007e-02,5.741980822437e-02,1.312212965658e-02,5.822291033156e-02,5.718457881710e-02
4.109148897000e+01,-2.857496540169e-03,4.788584835649e-02,5.392339576434e-02,-3.088415289494e-03,4.756591703333e-02,5.368575990667e-02
4.109666422050e+01,-1.850611919132e-02,3.740923457250e-02,5.036021487123e-02,-1.872591180721e-02,3.709847918678e-02,5.012117580417e-02
4.110183947100e+01,-3.352457942183e-02,2.716212838195e-02,4.674625802750e-02,-3.373248481571e-02,2.686169603069e-02,4.650681559721e-02
4.110701472150e+01,-4.785803039704e-02,1.718436860422e-02,4.309756077151e-02,-4.805334134918e-02,1.689535567093e-02,4.285870745247e-02
4.111218997200e+01,-6.145491626605e-02,7.514330768310e-03,3.943013652786e-02,-6.163698208897e-02,7.237778705407e-03,3.919285348479e-02
4.111736522250e+01,-7.426717030136e-02,-1.811223272480e-03,3.575991169429e-02,-7.443539927296e-02,-2.074331934082e-03,3.552516489818e-02
4.112254047300e+01,-8.625039864953e-02,-1.075728893305e-02,3.210266124311e-02,-8.640426020627e-02,-1.100603433136e-02,3.187139765675e-02
4.112771572350e+01,-9.736404897406e-02,-1.929075513102e-02,2.847394509294e-02,-9.750307565594e-02,-1.952428356292e-02,2.824708894111e-02
4.113289097400e+01,-1.075715633319e-01,-2.738053262770e-02,2.488904550338e-02,-1.076953524715e-01,-2.759805976769e-02,2.466749464226e-02
4.113806622450e+01,-1.168405146879e-01,-3.499767397139e-02,2.136290574091e-02,-1.169487298372e-01,-3.519848780664e-02,2.114752814110e-02
4.114324147500e+01,-1.251427265365e-01,-4.211548457267e-02,1.791007025920e-02,-1.252350986257e-01,-4.229894804293e-02,1.770170061623e-02
4.114841672550e+01,-1.324543751681e-01,-4.870962447665e-02,1.454462663077e-02,-1.325307033923e-01,-4.887517780884e-02,1.434406311635e-02
4.115359197600e+01,-1.387560741846e-01,-5.475820043433e-02,1.128014945992e-02,-1.388162266154e-01,-5.490536316267e-02,1.108815062680e-02
4.115876722650e+01,-1.440329409428e-01,-6.024184791392e-02,8.129646498771e-03,-1.440768548612e-01,-6.037022057799e-02,7.946928351281e-03
4.116394247700e+01,-1.482746446716e-01,-6.514380273317e-02,5.105507179428e-03,-1.483023266232e-01,-6.525306824728e-02,4.932740421269e-03
4.116911772750e+01,-1.514754360872e-01,-6.944996203513e-02,2.219453765503e-03,-1.514869616576e-01,-6.953988672386e-02,2.057261235509e-03
4.117429297800e+01,-1.536341583981e-01,-7.314893437210e-02,-5.175046842539e-04,-1.536296717112e-01,-7.321936866815e-02,-6.685503783270e-04
4.117946822850e+01,-1.547542396724e-01,-7.623207870613e-02,-3.095115358788e-03,-1.547339526125e-01,-7.628295750798e-02,-3.234493999180e-03
4.118464347900e+01,-1.548436666069e-01,-7.869353217848e-02,-5.503921574572e-03,-1.548078577693e-01,-7.872487486670e-02,-5.631167276781e-03
4.118981872950e+01,-1.539149398186e-01,-8.053022654512e-02,-7.735299335697e-03,-1.538639531915e-01,-8.054213665744e-02,-7.850002268479e-03
4.119499398000e+01,-1.519850108453e-01,-8.174189322056e-02,-9.781490430721e-03,-1.519192542301e-01,-8.173455778740e-02,-9.883298306230e-03
4.120016923050e+01,-1.490752011226e-01,-8.233105691772e-02,-1.163563193668e-02,-1.489951442972e-01,-8.230474546090e-02,-1.172425126492e-02
4.120534448100e+01,-1.452111032679e-01,-8.230301791655e-02,-1.329178201498e-02,-1.451172759021e-01,-8.225808111555e-02,-1.336697911785e-02
4.121051973150e+01,-1.404224650798e-01,-8.166582304003e-02,-1.474494189875e-02,-1.403154544107e-01,-8.160269107127e-02,-1.480654367975e-02
4.121569498200e+01,-1.347430567247e-01,-8.043022546031e-02,-1.599107398644e-02,-1.346235050013e-01,-8.034940601635e-02,-1.603896845327e-02
4.122087023250e+01,-1.282105216519e-01,-7.860963350290e-02,-1.702711597202e-02,-1.280791233597e-01,-7.851170949963e-02,-1.706125251000e-02
4.122604548300e+01,-1.208662118426e-01,-7.622004866008e-02,-1.785099095780e-02,-1.207237107183e-01,-7.610567564130e-02,-1.787138035348e-02
4.123122073350e+01,-1.127550080592e-01,-7.327999306789e-02,-1.846161351231e-02,-1.126021939095e-01,-7.314989631779e-02,-1.846832772706e-02
4.123639598400e+01,-1.039251258228e-01,-6.981042674284e-02,-1.885889165131e-02,-1.037628311583e-01,-6.966539811814e-02,-1.885206334622e-02
4.124157123450e+01,-9.442790790266e-02,-6.583465491526e-02,-1.904372473682e-02,-9.425700440130e-02,-6.567554940981e-02,-1.902354655086e-02
4.124674648500e+01,-8.431760415414e-02,-6.137822583558e-02,-1.901799730486e-02,-8.413899896795e-02,-6.120595789134e-02,-1.898472088944e-02
4.125192173550e+01,-7.365113959300e-02,-5.646881946771e-02,-1.878456884928e-02,-7.346577151371e-02,-5.628435904694e-02,-1.873850366311e-02
4.125709698600e+01,-6.248787164068e-02,-5.113612751992e-02,-1.834725960469e-02,-6.229670713884e-02,-5.094049595450e-02,-1.828877147410e-02
4.126227223650e+01,-5.088933751727e-02,-4.541172529814e-02,-1.771083238796e-02,-5.069336667111e-02,-4.520599093266e-02,-1.764034183842e-02
4.126744748700e+01,-3.891899279896e-02,-3.932893589901e-02,-1.688097057306e-02,-3.871922512938e-02,-3.911420954523e-02,-1.679895093886e-02
4.127262273750e+01,-2.664194219131e-02,-3.292268729056e-02,-1.586425228966e-02,-2.643940241955e-02,-3.270011751157e-02,-1.577122760938e-02
4.127779798800e+01,-1.412466360106e-02,-2.622936285676e-02,-1.466812095095e-02,-1.392038734625e-02,-2.600013109965e-02,-1.456466365728e-02
4.128297323850e+01,-1.434726615371e-03,-1.928664600803e-02,-1.330085223057e-02,-1.229756049028e-03,-1.905196160479e-02,-1.318758064391e-02
4.128814848900e+01,1.135949347984e-02,-1.213335948349e-02,-1.177151762309e-02,1.156411400479e-02,-1.189445454021e-02,-1.164909325897e-02
4.129332373950e+01,2.418910499353e-02,-4.809299992008e-03,-1.008994473560e-02,2.439233332178e-02,-4.567424186756e-03,-9.959069437005e-03
4.129849899000e+01,3.698499127255e-02,2.644931142569e-03,-8.266674471526e-03,3.718579181588e-02,2.888515832082e-03,-8.128087377471e-03
4.130367424050e+01,4.967810312321e-02,1.018810065055e-02,-6.312915279708e-03,4.987545120292e-02,1.043212526851e-02,-6.167389642544e-03
4.130884949100e+01,6.219975103636e-02,1.777851860514e-02,-4.240494653924e-03,6.239263718118e-02,1.802171256694e-02,-4.088834518042e-03
4.131402474150e+01,7.448189604181e-02,2.537421562579e-02,-2.061808078620e-03,7.466933022419e-02,2.561531207367e-02,-1.904844834038e-03
4.131919999200e+01,8.645743802312e-02,3.293312128323e-02,2.102343728950e-04,8.663845381675e-02,3.317086242668e-02,3.716455481950e-04
4.132437524250e+01,9.806050033395e-02,4.041324298858e-02,2.562263572326e-03,9.823415897599e-02,4.064638540815e-02,2.727247366974e-03
4.132955049300e+01,1.092267095717e-01,4.777284464684e-02,4.980508778279e-03,1.093921039133e-01,4.800016454012e-02,5.148173484304e-03
4.133472574350e+01,1.198934693829e-01,5.497062435607e-02,7.450856754493e-03,1.200497277123e-01,5.519092270444e-02,7.620298071224e-03
4.133990099400e+01,1.300002271996e-01,6.196589043693e-02,9.958912326042e-03,1.301465169223e-01,6.217799807289e-02,1.012921721588e-02
4.134507624450e+01,1.394887328323e-01,6.871873508425e-02,1.249006012933e-02,1.396242639933e-01,6.892151763841e-02,1.266031070979e-02
4.135025149500e+01,1.483032878779e-01,7.519020494134e-02,1.502952730696e-02,1.484273165130e-01,7.538256764963e-02,1.519880476341e-02
4.135542674550e+01,1.563909849389e-01,8.134246790989e-02,1.756244689468e-02,1.565028162399e-01,8.152336026129e-02,1.772983539790e-02
4.136060199600e+01,1.637019356878e-01,8.713897552329e-02,2.007392164492e-02,1.638009269698e-01,8.730739572982e-02,2.023851225785e-02
4.136577724650e+01,1.701894868562e-01,9.254462022878e-02,2.254908802942e-02,1.702750503156e-01,9.269961949930e-02,2.270998258725e-02
4.137095249700e+01,1.758104232774e-01,9.752588694357e-02,2.497318016298e-02,1.758820285281e-01,9.766657354458e-02,2.512949511106e-02
4.137612774750e+01,1.805251571587e-01,1.020509982733e-01,2.733159339035e-02,1.805823335375e-01,1.021765413601e-01,2.748246356437e-02
4.138130299800e+01,1.842979028191e-01,1.060900528056e-01,2.960994727972e-02,1.843402414499e-01,1.061996860085e-01,2.975452961298e-02
4.138647824850e+01,1.870968361804e-01,1.096151559200e-01,3.179414776848e-02,1.871239917902e-01,1.097081806711e-01,3.193162491130e-02
4.139165349900e+01,1.888942383658e-01,1.126005425829e-01,3.387044821025e-02,1.889059308435e-01,1.126763311699e-01,3.400003204692e-02
4.139682874950e+01,1.896666228171e-01,1.150226916314e-01,3.582550907652e-02,1.896626385103e-01,1.150806899661e-01,3.594644412564e-02
4.140200400000e+01,1.893948454130e-01,1.168604310798e-01,3.764645607153e-02,1.893750381561e-01,1.169001611703e-01,3.775802275588e-02
4.140717925050e+01,1.880641971324e-01,1.180950340211e-01,3.932093642501e-02,1.880284890028e-01,1.181160961373e-01,3.942245419797e-02
4.141235450100e+01,1.856644788814e-01,1.187103047314e-01,4.083717313516e-02,1.856128606802e-01,1.187123792547e-01,4.092800345077e-02
4.141752975150e+01,1.821900581695e-01,1.186926546244e-01,4.218401694159e-02,1.821225896243e-01,1.186755035749e-01,4.226356605645e-02
4.142270500200e+01,1.776399073937e-01,1.180311677431e-01,4.335099581744e-02,1.775567170832e-01,1.179946359777e-01,4.341871741297e-02
4.142788025250e+01,1.720176235630e-01,1.167176555194e-01,4.432836177961e-02,1.719189085632e-01,1.166616715944e-01,4.438375939402e-02
4.143305550300e+01,1.653314293691e-01,1.147467005699e-01,4.510713482627e-02,1.652174546218e-01,1.146712772671e-01,4.514976408646e-02
4.143823075350e+01,1.575941555811e-01,1.121156893460e-01,4.567914382273e-02,1.574652529883e-01,1.120209238576e-01,4.570861446686e-02
4.144340600400e+01,1.488232048207e-01,1.088248334960e-01,4.603706416828e-02,1.486797720669e-01,1.087109072680e-01,4.605304185091e-02
4.144858125450e+01,1.390404968421e-01,1.048771798424e-01,4.617445208979e-02,1.388829959501e-01,1.047443580779e-01,4.617665996202e-02
4.145375650500e+01,1.282723955211e-01,1.002786089257e-01,4.608577542079e-02,1.281013511465e-01,1.001272397483e-01,4.607399547905e-02
4.145893175550e+01,1.165496178252e-01,9.503782210677e-02,4.576644073910e-02,1.163656152957e-01,9.486833538806e-02,4.574051493684e-02
4.146410700600e+01,1.039071251099e-01,8.916631726985e-02,4.521281675008e-02,1.037108082179e-01,8.897922312519e-02,4.517264786783e-02
4.146928225650e+01,9.038399715848e-02,8.267835320967e-02,4.442225381774e-02,9.017606571507e-02,8.247424016802e-02,4.436780608776e-02
4.147445750700e+01,7.602328944831e-02,7.559090283409e-02,4.339309956106e-02,7.580449660808e-02,7.537043568889e-02,4.332439904394e-02
4.147963275750e+01,6.087187419490e-02,6.792359535627e-02,4.212471044851e-02,6.064302356252e-02,6.768751270558e-02,4.204184515987e-02
4.148480800800e+01,4.498026578997e-02,5.969864769490e-02,4.061745933967e-02,4.474220831949e-02,5.944775918051e-02,4.052057912633e-02
4.148998325850e+01,2.840243131082e-02,5.094078534381e-02,3.887273893873e-02,2.815606200991e-02,5.067596859987e-02,3.876205510453e-02
4.149515850900e+01,1.119558683856e-02,4.167715301409e-02,3.689296114118e-02,1.094184129079e-02,4.139935033733e-02,3.676874582374e-02
4.150033375950e+01,-6.580019620896e-03,3.193721539273e-02,3.468155227103e-02,-6.840168902276e-03,3.164743014714e-02,3.454413757162e-02
4.150550901000e+01,-2.486133776559e-02,2.175264840105e-02,3.224294422223e-02,-2.512688513785e-02,2.145194117106e-02,3.209272109207e-02
4.151068426050e+01,-4.358275627846e-02,1.115722137392e-02,2.958256153448e-02,-4.385266690874e-02,1.084670588133e-02,2.941997842155e-02
4.151585951100e+01,-6.267635481641e-02,1.866706173259e-04,2.670680444941e-02,-6.294956874462e-02,-1.324905822826e-04,2.653236571097e-02
4.152103476150e+01,-8.207216572006e-02,-1.112143516418e-02,2.362302800930e-02,-8.234760202937e-02,-1.144803518843e-02,2.343729209619e-02
4.152621001200e+01,-1.016984444186e-01,-2.272783704578e-02,2.033951727627e-02,-1.019750054970e-01,-2.306062937831e-02,2.014309469596e-02
4.153138526250e+01,-1.214819474678e-01,-3.459173511179e-02,1.686545876513e-02,-1.217585233443e-01,-3.492943846240e-02,1.665900983132e-02
4.153656051300e+01,-1.413482171310e-01,-4.667094415346e-02,1.321090819826e-02,-1.416236898684e-01,-4.701224746653e-02,1.299514057589e-02
4.154173576350e+01,-1.612218713820e-01,-5.892205522613e-02,9.386754705577e-03,-1.614951195099e-01,-5.926562281743e-02,9.162420760625e-03
4.154691101400e+01,-1.810268981924e-01,-7.130060243355e-02,5.404681606676e-03,-1.812968011628e-01,-7.164507923548e-02,5.172575571132e-03
4.155208626450e+01,-2.006869529435e-01,-8.376123428591e-02,1.277123925935e-03,-2.009523955906e-01,-8.410525118022e-02,1.038078888971e-03
4.155726151500e+01,-2.201256577920e-01,-9.625788895966e-02,-2.982777195563e-03,-2.203855347793e-01,-9.660006817684e-02,-3.227892458476e-03
4.156243676550e+01,-2.392669018111e-01,-1.087439727715e-01,-7.361223015113e-03,-2.395201220478e-01,-1.090829333354e-01,-7.611507362747e-03
4.156761201600e+01,-2.580351407222e-01,-1.211725411656e-01,-1.184380844256e-02,-2.582806317322e-01,-1.215069043617e-01,-1.209833182518e-02
4.157278726650e+01,-2.763556950366e-01,-1.334964815029e-01,-1.641557583468e-02,-2.765924072614e-01,-1.338248763492e-01,-1.667338287438e-02
4.157796251700e+01,-2.941550454296e-01,-1.456686969339e-01,-2.106107112074e-02,-2.943819564490e-01,-1.459897656316e-01,-2.132118480094e-02
4.158313776750e+01,-3.113611241807e-01,-1.576422906308e-01,-2.576440204080e-02,-3.115772428349e-01,-1.579546939749e-01,-2.602582749033e-02
4.158831301800e+01,-3.279036015288e-01,-1.693707496551e-01,-3.050929826984e-02,-3.281079719246e-01,-1.696731723816e-01,-3.077102662681e-02
4.159348826850e+01,-3.437141658100e-01,-1.808081277342e-01,-3.527917319322e-02,-3.439058711952e-01,-1.810992837847e-01,-3.554018553351e-02
4.159866351900e+01,-3.587267962690e-01,-1.919092262286e-01,-4.005718709221e-02,-3.589049627609e-01,-1.921878639099e-01,-4.031645840704e-02
4.160383876950e+01,-3.728780274653e-01,-2.026297725748e-01,-4.482631149272e-02,-3.730418276171e-01,-2.028946795934e-01,-4.508281469977e-02
4.160901402000e+01,-3.861072042258e-01,-2.129265954991e-01,-4.956939442545e-02,-3.862558604170e-01,-2.131766038516e-01,-4.982210439763e-02
4.161418927050e+01,-3.983567261326e-01,-2.227577963118e-01,-5.426922634198e-02,-3.984895137705e-01,-2.229917870104e-01,-5.451712393805e-02
4.161936452100e+01,-4.095722805767e-01,-2.320829156036e-01,-5.890860642858e-02,-4.096885310956e-01,-2.322998232187e-01,-5.915068250971e-02
4.162453977150e+01,-4.197030634508e-01,-2.408630946849e-01,-6.347040905775e-02,-4.198021670967e-01,-2.410619116867e-01,-6.370566847414e-02
4.162971502200e+01,-4.287019866037e-01,-2.490612311302e-01,-6.793765011666e-02,-4.287833949945e-01,-2.492410120119e-01,-6.816511564853e-02
4.163489027250e+01,-4.365258712305e-01,-2.566421278096e-01,-7.229355295220e-02,-4.365890996802e-01,-2.568019929758e-01,-7.251226918954e-02
4.164006552300e+01,-4.431356264273e-01,-2.635726348182e-01,-7.652161367339e-02,-4.431802560253e-01,-2.637117742229e-01,-7.673065081919e-02
4.164524077350e+01,-4.484964121964e-01,-2.698217837389e-01,-8.060566555455e-02,-4.485220916342e-01,-2.699394602587e-01,-8.080412313641e-02
4.165041602400e+01,-4.525777862505e-01,-2.753609137055e-01,-8.452994228569e-02,-4.525842333868e-01,-2.754564662343e-01,-8.471695276110e-02
4.165559127450e+01,-4.553538340257e-01,-2.801637887645e-01,-8.827913982120e-02,-4.553408371852e-01,-2.802366350178e-01,-8.845387206233e-02
4.166076652500e+01,-4.568032813801e-01,-2.842067060681e-01,-9.183847658306e-02,-4.567707003799e-01,-2.842563450847e-01,-9.200013922707e-02
4.166594177550e+01,-4.569095895223e-01,-2.874685944658e-01,-9.519375178125e-02,-4.568573564214e-01,-2.874946087980e-01,-9.534159643298e-02
4.167111702600e+01,-4.556610317830e-01,-2.899311031009e-01,-9.833140162119e-02,-4.555891513526e-01,-2.899331606831e-01,-9.846472589539e-02
4.167629227650e+01,-4.530507519153e-01,-2.915786796559e-01,-1.012385531762e-01,-4.529593018264e-01,-2.915565353452e-01,-1.013567035673e-01
4.168146752700e+01,-4.490768036796e-01,-2.923986379327e-01,-1.039030757121e-01,-4.489659344091e-01,-2.923521347137e-01,-1.040054502798e-01
4.168664277750e+01,-4.437421715450e-01,-2.923812144924e-01,-1.063136292603e-01,-4.436121059980e-01,-2.923102843432e-01,-1.063996801212e-01
4.169181802800e+01,-4.370547724107e-01,-2.915196141271e-01,-1.084597102485e-01,-4.369058052621e-01,-2.914242785404e-01,-1.085289458619e-01
4.169699327850e+01,-4.290274383262e-01,-2.898100439734e-01,-1.103316940054e-01,-4.288599350830e-01,-2.896904141331e-01,-1.103836812467e-01
4.170216852900e+01,-4.196778802647e-01,-2.872517361286e-01,-1.119208739731e-01,-4.194922760530e-01,-2.871080127380e-01,-1.119552399841e-01
4.170734377950e+01,-4.090286330758e-01,-2.838469586698e-01,-1.132194974699e-01,-4.088254311565e-01,-2.836794314341e-01,-1.132359312800e-01
4.171251903000e+01,-3.971069818203e-01,-2.796010150246e-01,-1.142207978606e-01,-3.968867518398e-01,-2.794100617888e-01,-1.142190517719e-01
4.171769428050e+01,-3.839448697606e-01,-2.745222316879e-01,-1.149190230067e-01,-3.837082457426e-01,-2.743083172325e-01,-1.148989137372e-01
4.172286953100e+01,-3.695787883547e-01,-2.686219343229e-01,-1.153094598812e-01,-3.693264664404e-01,-2.683856088223e-01,-1.152708694617e-01
4.172804478150e+01,-3.540496496678e-01,-2.619144123312e-01,-1.153884552497e-01,-3.537823856149e-01,-2.616563094814e-01,-1.153313316705e-01
4.173322003200e+01,-3.374026416920e-01,-2.544168720234e-01,-1.151534323338e-01,-3.371212481396e-01,-2.541377068444e-01,-1.150777899387e-01
4.173839528250e+01,-3.196870671227e-01,-2.461493785628e-01,-1.146029033880e-01,-3.193924106348e-01,-2.458499448858e-01,-1.145088230133e-01
4.174357053300e+01,-3.009561662132e-01,-2.371347869022e-01,-1.137364781393e-01,-3.006491641111e-01,-2.368159545495e-01,-1.136241069974e-01
4.174874578350e+01,-2.812669243860e-01,-2.273986619752e-01,-1.125548680511e-01,-2.809485413819e-01,-2.270613736453e-01,-1.124244193596e-01
4.175392103400e+01,-2.606798653427e-01,-2.169691884462e-01,-1.110598863951e-01,-2.603511099880e-01,-2.166144563147e-01,-1.109116387513e-01
4.175909628450e+01,-2.392588304688e-01,-2.058770703632e-01,-1.092544441240e-01,-2.389207514302e-01,-2.055059724131e-01,-1.090887406277e-01
4.176427153500e+01,-2.170707453844e-01,-1.941554210990e-01,-1.071425415615e-01,-2.167244275627e-01,-1.937690971947e-01,-1.069597886899e-01
4.176944678550e+01,-1.941853745443e-01,-1.818396440021e-01,-1.047292559364e-01,-1.938319350510e-01,-1.814392917218e-01,-1.045299221743e-01
4.177462203600e+01,-1.706750648334e-01,-1.689673042172e-01,-1.020207248082e-01,-1.703156488401e-01,-1.685541744604e-01,-1.018053390392e-01
4.177979728650e+01,-1.466144791512e-01,-1.555779921687e-01,-9.902412544501e-02,-1.462502556287e-01,-1.551533845553e-01,-9.879327510973e-02
4.178497253700e+01,-1.220803210162e-01,-1.417131792328e-01,-9.574765023188e-02,-1.217124783791e-01,-1.412784373117e-01,-9.550197926021e-02
4.179014778750e+01,-9.715105125528e-02,-1.274160661566e-01,-9.220047820196e-02,-9.678079292972e-02,-1.269725724422e-01,-9.194068472714e-02
4.179532303800e+01,-7.190659787743e-02,-1.127314248078e-01,-8.839274279945e-02,-7.153513780849e-02,-1.122805956642e-01,-8.811957666287e-02
4.180049828850e+01,-4.642806025461e-02,-9.770543386777e-02,-8.433549599691e-02,-4.605661837126e-02,-9.724871425981e-02,-8.404975605304e-02
4.180567353900e+01,-2.079740875703e-02,-8.238550910273e-02,-8.004066890430e-02,-2.042720641224e-02,-8.192436723484e-02,-7.974320013629e-02
4.181084878950e+01,4.902818992854e-03,-6.682012887010e-02,-7.552102902068e-02,5.270563589353e-03,-6.635605073308e-02,-7.521271947753e-02
4.181602404000e+01,3.058982406986e-02,-5.105865553439e-02,-7.079013429264e-02,3.095390040817e-02,-5.059313938189e-02,-7.047191185993e-02
4.182119929050e+01,5.618085321276e-02,-3.515115348465e-02,-6.586228415620e-02,5.654006301122e-02,-3.468570426043e-02,-6.553511317269e-02
4.182637454100e+01,8.159350561764e-02,-1.914820445758e-02,-6.075246775031e-02,8.194666730529e-02,-1.868432819538e-02,-6.041734548352e-02
4.183154979150e+01,1.067460383683e-01,-3.100720881755e-03,-5.547630950162e-02,1.070919915041e-01,-2.639919099307e-03,-5.513426249601e-02
4.183672504200e+01,1.315576693191e-01,1.294024203453e-02,-5.005001229007e-02,1.318952789307e-01,1.339647792533e-02,-4.970209260192e-02
4.184190029250e+01,1.559488762564e-01,2.892367474368e-02,-4.449029841457e-02,1.562770370813e-01,2.937386898899e-02,-4.413757974810e-02
4.184707554300e+01,1.798416911780e-01,4.479880159797e-02,-3.881434858650e-02,1.801593317914e-01,4.524149959482e-02,-3.845792234619e-02
4.185225079350e+01,2.031599885507e-01,6.051526815822e-02,-3.303973918641e-02,2.034660753630e-01,6.094904186685e-02,-3.268071046080e-02
4.185742604400e+01,2.258297664290e-01,7.602332684684e-02,-2.718437802634e-02,2.261233075380e-01,7.644678010127e-02,-2.682386151882e-02
4.186260129450e+01,2.477794193450e-01,9.127402022638e-02,-2.126643886565e-02,2.480594682281e-01,9.168579392287e-02,-2.090555478799e-02
4.186777654500e+01,2.689400019151e-01,1.062193611941e-01,-1.530429493332e-02,2.692056609461e-01,1.066181383372e-01,-1.494416487794e-02
4.187295179550e+01,2.892454821404e-01,1.208125093954e-01,-9.316451713633e-03,2.894959059185e-01,1.211970199819e-01,-8.958194520365e-03
4.187812704600e+01,3.086329834237e-01,1.350079431735e-01,-3.321479254649e-03,3.088673819013e-01,1.353769688958e-01,-2.966206888253e-03
4.188330229650e+01,3.270430143664e-01,1.487616263903e-01,2.662055738859e-03,3.272606557630e-01,1.491140051404e-01,3.013242284659e-03
4.188847754700e+01,3.444196854581e-01,1.620311694749e-01,8.615657765849e-03,3.446198989501e-01,1.623657996319e-01,8.961672521865e-03
4.189365279750e+01,3.607109118232e-01,1.747759840753e-01,1.452097008072e-02,3.608930899983e-01,1.750918285597e-01,1.486074609767e-02
4.189882804800e+01,3.758686012432e-01,1.869574307193e-01,2.035984167552e-02,3.760322023103e-01,1.872535207985e-01,2.069233494580e-02
4.190400329850e+01,3.898488267310e-01,1.985389589129e-01,2.611439343401e-02,3.899933764771e-01,1.988143977432e-01,2.643858672475e-02
4.190917854900e+01,4.026119829952e-01,2.094862391377e-01,3.176708320253e-02,4.027370764815e-01,2.097402050286e-01,3.208198978501e-02
4.191435379950e+01,4.141229261935e-01,2.197672862386e-01,3.730076952645e-02,4.142282291848e-01,2.199990356278e-01,3.760543678753e-02
4.191952905000e+01,4.243510964432e-01,2.293525737285e-01,4.269877380670e-02,4.244363465644e-01,2.295614438553e-01,4.299228672837e-02
4.192470430050e+01,4.332706226206e-01,2.382151385712e-01,4.794494063684e-02,4.333356302362e-01,2.384005498385e-01,4.822642513027e-02
4.192987955100e+01,4.408604090538e-01,2.463306760409e-01,5.302369608834e-02,4.409050578673e-01,2.464921340563e-01,5.329232216980e-02
4.193505480150e+01,4.471042037823e-01,2.536776242974e-01,5.792010371998e-02,4.471284511532e-01,2.538147215859e-01,5.817508851617e-02
4.194023005200e+01,4.519906481308e-01,2.602372383541e-01,6.261991809598e-02,4.519945251077e-01,2.603496557364e-01,6.286052866740e-02
4.194540530250e+01,4.555133074161e-01,2.659936531596e-01,6.710963560754e-02,4.554969184867e-01,2.660811607896e-01,6.733519157884e-02
4.195058055300e+01,4.576706826819e-01,2.709339355549e-01,7.137654240288e-02,4.576342052399e-01,2.709963936133e-01,7.158641839024e-02
4.195575580350e+01,4.584662034287e-01,2.750481249128e-01,7.540875924239e-02,4.584098869613e-01,2.750854839549e-01,7.560238706856e-02
4.196093105400e+01,4.579082013822e-01,2.783292623102e-01,7.919528310745e-02,4.578323663802e-01,2.783415632652e-01,7.937215379597e-02
4.196610630450e+01,4.560098654175e-01,2.807734081290e-01,8.272602540435e-02,4.559149020127e-01,2.807607819523e-01,8.288569094540e-02
4.197128155500e+01,4.527891778285e-01,2.823796480260e-01,8.599184661815e-02,4.526755441650e-01,2.823423150052e-01,8.613392149923e-02
4.197645680550e+01,4.482688322087e-01,2.831500872591e-01,8.898458728504e-02,4.481370525528e-01,2.830883559781e-01,8.910874978078e-02
4.198163205600e+01,4.424761332767e-01,2.830898334023e-01,9.169709516658e-02,4.423267958744e-01,2.830040993655e-01,9.180308838280e-02
4.198680730650e+01,4.354428790555e-01,2.822069675262e-01,9.412324852379e-02,4.352766337455e-01,2.820977114501e-01,9.421088119186e-02
4.199198255700e+01,4.272052258799e-01,2.805125039678e-01,9.625797540449e-02,4.270227814715e-01,2.803802897468e-01,9.632712242326e-02
4.199715780750e+01,4.178035367743e-01,2.780203388572e-01,9.809726887312e-02,4.176056582015e-01,2.778658112108e-01,9.814787159631e-02
4.200233305800e+01,4.072822138112e-01,2.747471876122e-01,9.963819812776e-02,4.070697190726e-01,2.745710694239e-01,9.967026439605e-02
4.200750830850e+01,3.956895151177e-01,2.707125116566e-01,1.008789154657e-01,3.954632720159e-01,2.705156010149e-01,1.008925193835e-01
4.201268355900e+01,3.830773572629e-01,2.659384346581e-01,1.018186590750e-01,3.828382799561e-01,2.657216016113e-01,1.018139405330e-01
4.201785880950e+01,3.695011038130e-01,2.604496486250e-01,1.024577516452e-01,3.692501491908e-01,2.602138316623e-01,1.024349155910e-01
4.202303406000e+01,3.550193408942e-01,2.542733102378e-01,1.027975948085e-01,3.547575047949e-01,2.540195125119e-01,1.027569102679e-01
4.202820931050e+01,3.396936406581e-01,2.474389278332e-01,1.028406594367e-01,3.394219539391e-01,2.471682131381e-01,1.027824582902e-01
4.203338456100e+01,3.235883135866e-01,2.399782394907e-01,1.025904718374e-01,3.233078380658e-01,2.396917280113e-01,1.025151473567e-01
4.203855981150e+01,3.067701506188e-01,2.319250827111e-01,1.020515959079e-01,3.064819749027e-01,2.316239465611e-01,1.019596010582e-01
4.204373506200e+01,2.893081561245e-01,2.233152562045e-01,1.012296113214e-01,2.890133913375e-01,2.230007147704e-01,1.011214568366e-01
4.204891031250e+01,2.712732727777e-01,2.141863743388e-01,1.001310878360e-01,2.709730482127e-01,2.138596894491e-01,1.000073400744e-01
4.205408556300e+01,2.527380994230e-01,2.045777148292e-01,9.876355583157e-02,2.524335581271e-01,2.042401857663e-01,9.862483442062e-02
4.205926081350e+01,2.337766030477e-01,1.945300602713e-01,9.713547319369e-02,2.334688973628e-01,1.941830186472e-01,9.698244847365e-02
4.206443606400e+01,2.144638259991e-01,1.840855341487e-01,9.525618868094e-02,2.141541130737e-01,1.837303386642e-01,9.508957895684e-02
4.206961131450e+01,1.948755896035e-01,1.732874319658e-01,9.313590192156e-02,1.945650268940e-01,1.729254630739e-01,9.295647053516e-02
4.207478656500e+01,1.750881953569e-01,1.621800481726e-01,9.078562020174e-02,1.747779361351e-01,1.618127026671e-01,9.059417243477e-02
4.207996181550e+01,1.551781248646e-01,1.508084995705e-01,8.821711221900e-02,1.548693137508e-01,1.504371851210e-01,8.801449204012e-02
4.208513706600e+01,1.352217397162e-01,1.392185458944e-01,8.544285898605e-02,1.349155082529e-01,1.388446755498e-01,8.522994565439e-02
4.209031231650e+01,1.152949824741e-01,1.274564082834e-01,8.247600208183e-02,1.149924447610e-01,1.270813949646e-01,8.225370662064e-02
4.209548756700e+01,9.547307995751e-02,1.155685863554e-01,7.933028945656e-02,9.517532836121e-02,1.151938373597e-01,7.909955101086e-02
4.210066281750e+01,7.583024998660e-02,1.036016746100e-01,7.602001900715e-02,7.553835094497e-02,1.032285861482e-01,7.578180109992e-02
4.210583806800e+01,5.643941274172e-02,9.160217888255e-02,7.255998014794e-02,5.615440267745e-02,9.123213067091e-02,7.231526684955e-02
4.211101331850e+01,3.737190787207e-02,7.961633357444e-02,6.896539360959e-02,3.709478923229e-02,7.925068350181e-02,6.871518563571e-02
4.211618856900e+01,1.869721846492e-02,6.768992038018e-02,6.525184970556e-02,1.842895590200e-02,6.732999927198e-02,6.499716045887e-02
4.212136381950e+01,4.827029590072e-04,5.586808922469e-02,6.143524531153e-02,2.242196676557e-04,5.551519572401e-02,6.117709688304e-02
4.212653907000e+01,-1.720666394653e-02,4.419518211633e-02,5.753171980828e-02,-1.745448972171e-02,4.385057770212e-02,5.727113895379e-02
4.213171432050e+01,-3.430854037213e-02,3.271456060856e-02,5.355759024202e-02,-3.454487864486e-02,3.237946477058e-02,5.329560434975e-02
4.213688957100e+01,-5.076345535173e-02,2.146843754836e-02,4.952928595931e-02,-5.098752750524e-02,2.114402313769e-02,4.926691902466e-02
4.214206482150e+01,-6.651503500920e-02,1.049771377262e-02,4.546328297573e-02,-6.672611669835e-02,1.018510254591e-02,4.520155159881e-02
4.214724007200e+01,-8.151021593397e-02,-1.581796067008e-04,4.137603833796e-02,-8.170763976685e-02,-4.579212318596e-04,4.111594775980e-02
4.215241532250e+01,-9.569944492326e-02,-1.046143271010e-02,3.728392473905e-02,-9.588260291203e-02,-1.074729767205e-02,3.702646493206e-02
4.215759057300e+01,-1.090368643129e-01,-2.037600159712e-02,3.320316564543e-02,-1.092052100844e-01,-2.064704596366e-02,3.294930747345e-02
4.216276582350e+01,-1.214804821765e-01,-2.986774560576e-02,2.914977119188e-02,-1.216335329338e-01,-3.012309208973e-02,2.890046265490e-02
4.216794107400e+01,-1.329923267321e-01,-3.890455678799e-02,2.513947509757e-02,-1.331296649601e-01,-3.914339799102e-02,2.489563767592e-02
4.217311632450e+01,-1.435385843598e-01,-4.745648093596e-02,2.118767285206e-02,-1.436598592676e-01,-4.767808230809e-02,2.095019796428e-02
4.217829157500e+01,-1.530897206974e-01,-5.549582972756e-02,1.730936141483e-02,-1.531946493927e-01,-5.569953223110e-02,1.707910700328e-02
4.218346682550e+01,-1.616205843503e-01,-6.299728355509e-02,1.351908066594e-02,-1.617089527404e-01,-6.318250602253e-02,1.329686792332e-02
4.218864207600e+01,-1.691104928184e-01,-6.993798463797e-02,9.830856838097e-03,-1.691821562361e-01,-7.010422581498e-02,9.617467087831e-03
4.219381732650e+01,-1.755433003174e-01,-7.629762005953e-02,6.258148152601e-03,-1.755981838674e-01,-7.644446032495e-02,6.054319895192e-03
4.219899257700e+01,-1.809074472388e-01,-8.205849440746e-02,2.813792872629e-03,-1.809455458659e-01,-8.218559716424e-02,2.620219009510e-03
4.220416782750e+01,-1.851959910711e-01,-8.720559173953e-02,-4.900400223775e-04,-1.852173693480e-01,-8.731270447093e-02,-6.727147766704e-04
4.220934307800e+01,-1.884066186741e-01,-9.172662663824e-02,-3.641897347975e-03,-1.884114103112e-01,-9.181358162575e-02,-3.813078855265e-03
4.221451832850e+01,-1.905416398744e-01,-9.561208416164e-02,-6.631085229674e-03,-1.905300469531e-01,-9.567879886193e-02,-6.790232109946e-03
4.221969357900e+01,-1.916079624242e-01,-9.885524854179e-02,-9.447709451657e-03,-1.915802543580e-01,-9.890172562154e-02,-9.594335048825e-03
4.222486882950e+01,-1.916170484391e-01,-1.014522205270e-01,-1.208271248199e-02,-1.915735606652e-01,-1.014785475558e-01,-1.221638660598e-02
4.223004408000e+01,-1.905848525034e-01,-1.034019233091e-01,-1.452790703035e-02,-1.905259849116e-01,-1.034082721118e-01,-1.464825746887e-02
4.223521933050e+01,-1.885317417058e-01,-1.047060970223e-01,-1.677600600816e-02,-1.884579568112e-01,-1.046927226941e-01,-1.688271980236e-02
4.224039458100e+01,-1.854823979394e-01,-1.053692818462e-01,-1.882064877543e-02,-1.853942188048e-01,-1.053365214341e-01,-1.891347325461e-02
4.224556983150e+01,-1.814657028679e-01,-1.053987897895e-01,-2.065642357329e-02,-1.813637107864e-01,-1.053470606461e-01,-2.073516714481e-02
4.225074508200e+01,-1.765146060339e-01,-1.048046652776e-01,-2.227888605664e-02,-1.763994379800e-01,-1.047344630939e-01,-2.234341874816e-02
4.225592033250e+01,-1.706659766459e-01,-1.035996347098e-01,-2.368457385670e-02,-1.705383225052e-01,-1.035115312354e-01,-2.373482760880e-02
4.226109558300e+01,-1.639604396505e-01,-1.017990451982e-01,-2.487101711921e-02,-1.638210392399e-01,-1.016936856573e-01,-2.490698582743e-02
4.226627083350e+01,-1.564421967546e-01,-9.942079273982e-02,-2.583674497997e-02,-1.562918366448e-01,-9.929889295500e-02,-2.585848428642e-02
4.227144608400e+01,-1.481588331247e-01,-9.648524011934e-02,-2.658128795561e-02,-1.479983432779e-01,-9.634758335368e-02,-2.658891479122e-02
4.227662133450e+01,-1.391611105466e-01,-9.301512487705e-02,-2.710517624395e-02,-1.389913607822e-01,-9.286255840786e-02,-2.709886812334e-02
4.228179658500e+01,-1.295027478806e-01,-8.903545771876e-02,-2.740993394417e-02,-1.293246441846e-01,-8.886888915677e-02,-2.738992801625e-02
4.228697183550e+01,-1.192401897010e-01,-8.457341178062e-02,-2.749806922377e-02,-1.190546703923e-01,-8.439380514941e-02,-2.746466108209e-02
4.229214708600e+01,-1.084323640513e-01,-7.965820319875e-02,-2.737306047504e-02,-1.082403958215e-01,-7.946657479039e-02,-2.732660273280e-02
4.229732233650e+01,-9.714043029432e-02,-7.432096346814e-02,-2.703933851992e-02,-9.694300413613e-02,-7.411837749162e-02,-2.698023915555e-02
4.230249758700e+01,-8.542751807072e-02,-6.859460410745e-02,-2.650226493780e-02,-8.522564511240e-02,-6.838216814763e-02,-2.643098541799e-02
4.230767283750e+01,-7.335845841927e-02,-6.251367417729e-02,-2.576810660618e-02,-7.315316568033e-02,-6.229253448237e-02,-2.568515979395e-02
4.231284808800e+01,-6.099950813927e-02,-5.611421122753e-02,-2.484400655939e-02,-6.079183422552e-02,-5.588554784421e-02,-2.474995441579e-02
4.231802333850e+01,-4.841806850499e-02,-4.943358627542e-02,-2.373795128484e-02,-4.820905926003e-02,-4.919860805137e-02,-2.363340237368e-02
4.232319858900e+01,-3.568239946288e-02,-4.251034344002e-02,-2.245873459092e-02,-3.547310359313e-02,-4.227028291350e-02,-2.234434139659e-02
4.232837383950e+01,-2.286133046058e-02,-3.538403487939e-02,-2.101591819377e-02,-2.265279515161e-02,-3.514014307669e-02,-2.089237426312e-02
4.233354909000e+01,-1.002396907001e-02,-2.809505169575e-02,-1.941978918378e-02,-9.817235611751e-03,-2.784859285746e-02,-1.928782610355e-02
4.233872434050e+01,2.760591424457e-03,-2.068445148992e-02,-1.768131454449e-02,2.964491986164e-03,-2.043669774695e-02,-1.754169876663e-02
4.234389959100e+01,1.542356429802e-02,-1.319378325925e-02,-1.581209290878e-02,1.562361546618e-02,-1.294600928017e-02,-1.566562243640e-02
4.234907484150e+01,2.789676034316e-02,-5.664910344128e-03,-1.382430374791e-02,2.809196441334e-02,-5.418387975157e-03,-1.367180469526e-02
4.235425009200e+01,4.011287634419e-02,1.860167864357e-03,-1.173065419936e-02,4.030225857026e-02,2.104174945060e-03,-1.157297723980e-02
4.235942534250e+01,5.200577990949e-02,9.339494737973e-03,-9.544323748661e-03,5.218839257457e-02,9.579736330351e-03,-9.382340464858e-03
4.236460059300e+01,6.351078951695e-02,1.673133502665e-02,-7.278906989140e-03,6.368571589357e-02,1.696657966189e-02,-7.113506140265e-03
4.236977584350e+01,7.456494864716e-02,2.399435255670e-02,-4.948354690917e-03,7.473130683045e-02,2.422339267228e-02,-4.780438411850e-03
4.237495109400e+01,8.510729290238e-02,3.108778629685e-02,-2.566913417434e-03,8.526423950109e-02,3.130944331282e-02,-2.397393365317e-03
4.238012634450e+01,9.507910903723e-02,3.797162408354e-02,-1.490639334315e-04,9.522584270772e-02,3.818475335954e-02,2.114260291561e-05
4.238530159500e+01,1.044241848594e-01,4.460677330608e-02,2.290541346823e-03,1.045599496685e-01,4.481026895949e-02,2.460515358988e-03
4.239047684550e+01,1.130890489944e-01,5.095522786470e-02,4.737141618462e-03,1.132131375978e-01,5.114802743025e-02,4.905966296249e-03
4.239565209600e+01,1.210231995500e-01,5.698023072881e-02,7.175931396663e-03,1.211349561728e-01,5.716131964114e-02,7.342696035851e-03
4.240082734650e+01,1.281793207573e-01,6.264643144080e-02,9.592124421768e-03,1.282781439657e-01,6.281484732196e-02,9.755928306094e-03
4.240600259700e+01,1.345134867176e-01,6.792003793049e-02,1.197101750087e-02,1.345988319698e-01,6.807487466509e-02,1.213097374263e-02
4.241117784750e+01,1.399853514307e-01,7.276896202794e-02,1.429805402807e-02,1.400567333971e-01,7.290937360971e-02,1.445329335187e-02
4.241635309800e+01,1.445583243377e-01,7.716295808756e-02,1.655888692688e-02,1.446153189813e-01,7.728816222159e-02,1.670856138124e-02
4.242152834850e+01,1.481997306690e-01,8.107375416358e-02,1.873944076050e-02,1.482419770766e-01,8.118303561008e-02,1.888272734252e-02
4.242670359900e+01,1.508809559459e-01,8.447517520666e-02,2.082597275909e-02,1.509081579044e-01,8.456788885245e-02,2.096207693735e-02
4.243187884950e+01,1.525775740511e-01,8.734325778317e-02,2.280513251730e-02,1.525895013607e-01,8.741883142879e-02,2.293329163901e-02
4.243705410000e+01,1.532694583447e-01,8.965635585212e-02,2.466402012061e-02,1.532659478651e-01,8.971429270309e-02,2.478350668918e-02
4.244222935050e+01,1.529408753728e-01,9.139523717050e-02,2.639024246545e-02,1.529218317975e-01,9.143511802280e-02,2.650036727526e-02
4.244740460100e+01,1.515805607835e-01,9.254316993478e-02,2.797196754495e-02,1.515459571383e-01,9.256465504555e-02,2.807208266064e-02
4.245257985150e+01,1.491817771347e-01,9.308599930535e-02,2.939797648039e-02,1.491316550002e-01,9.308882994136e-02,2.948747804874e-02
4.245775510200e+01,1.457423533538e-01,9.301221350060e-02,3.065771308733e-02,1.456768228088e-01,9.299621315800e-02,3.073604397026e-02
4.246293035250e+01,1.412647056775e-01,9.231299918902e-02,3.174133077530e-02,1.411839449649e-01,9.227807447944e-02,3.180798299336e-02
4.246810560300e+01,1.357558399773e-01,9.098228595009e-02,3.263973659015e-02,1.356600948930e-01,9.092842714937e-02,3.269425356664e-02
4.247328085350e+01,1.292273354485e-01,8.901677961817e-02,3.334463221997e-02,1.291169184556e-01,8.894406087536e-02,3.338661081650e-02
4.247845610400e+01,1.216953097150e-01,8.641598436793e-02,3.384855179714e-02,1.215705987872e-01,8.632456357353e-02,3.387764413246e-02
4.248363135450e+01,1.131803654761e-01,8.318221344430e-02,3.414489634210e-02,1.130418026743e-01,8.307233175814e-02,3.416081138662e-02
4.248880660500e+01,1.037075188954e-01,7.932058848552e-02,3.422796470747e-02,1.035556086834e-01,7.919256952596e-02,3.423046964710e-02
4.249398185550e+01,9.330611000311e-02,7.483902743278e-02,3.409298089522e-02,9.314141730834e-02,7.469327613019e-02,3.408190225887e-02
4.249915710600e+01,8.200969545701e-02,6.974822106558e-02,3.373611763410e-02,8.183284348489e-02,6.958522218471e-02,3.371134218009e-02
4.250433235650e+01,6.985592407485e-02,6.406159824722e-02,3.315451611905e-02,6.966759188463e-02,6.388191458389e-02,3.311599147680e-02
4.250950760700e+01,5.688639562203e-02,5.779528000952e-02,3.234630182987e-02,5.668731547373e-02,5.759955026891e-02,3.229403689415e-02
4.251468285750e+01,4.314650340329e-02,5.096802265069e-02,3.131059636193e-02,4.293745788643e-02,5.075695901515e-02,3.124466143781e-02
4.251985810800e+01,2.868526127284e-02,4.360115006342e-02,3.004752521739e-02,2.846708022804e-02,4.337553545971e-02,2.996805191524e-02
4.252503335850e+01,1.355511573894e-02,3.571847555388e-02,2.855822152178e-02,1.332867298472e-02,3.547916063022e-02,2.846540240247e-02
4.253020860900e+01,-2.188256101445e-03,2.734621345358e-02,2.684482564652e-02,-2.422046223981e-03,2.709411327850e-02,2.673891361811e-02
4.253538385950e+01,-1.848616200559e-02,1.851288086703e-02,2.491048073484e-02,-1.872634825630e-02,1.824897136303e-02,2.479178820290e-02
4.254055911000e+01,-3.527712255988e-02,9.249189937503e-03,2.275932414427e-02,-3.552272057726e-02,8.974504063420e-03,2.262822191909e-02
4.254573436050e+01,-5.249711079087e-02,-4.120689491444e-04,2.039647483550e-02,-5.274710700864e-02,-6.964452518798e-04,2.025339080035e-02
4.255090961100e+01,-7.007980246996e-02,-1.043615256629e-02,1.782801675342e-02,-7.033315815751e-02,-1.072908464767e-02,1.767343429890e-02
4.255608486150e+01,-8.795683612655e-02,-2.078649836332e-02,1.506097826215e-02,-8.821249153678e-02,-2.108680734213e-02,1.489543449280e-02
4.256126011200e+01,-1.060580817452e-01,-3.142486557436e-02,1.210330771140e-02,-1.063149603537e-01,-3.173133300119e-02,1.192739143141e-02
4.256643536250e+01,-1.243119170878e-01,-4.231148336535e-02,8.963845227373e-03,-1.245689299062e-01,-4.262285605288e-02,8.778194713306e-03
4.257161061300e+01,-1.426455105499e-01,-5.340520543776e-02,5.652290835804e-03,-1.429015604969e-01,-5.372020043933e-02,5.457591404993e-03
4.257678586350e+01,-1.609851094366e-01,-6.466367048142e-02,2.179169040093e-03,-1.612390957487e-01,-6.498098019797e-02,1.976150424208e-03
4.258196111400e+01,-1.792563325164e-01,-7.604346784509e-02,-1.444210008957e-03,-1.795071551811e-01,-7.636176524055e-02,-1.654776474883e-03
4.258713636450e+01,-1.973844657001e-01,-8.750030777268e-02,-5.205792601313e-03,-1.976310298941e-01,-8.781825167684e-02,-5.423096963351e-03
4.259231161500e+01,-2.152947596733e-01,-9.898919553447e-02,-9.092826650439e-03,-2.155359801882e-01,-9.930543601269e-02,-9.316023482071e-03
4.259748686550e+01,-2.329127283056e-01,-1.104646087666e-01,-1.309190979479e-02,-2.331475339427e-01,-1.107777925348e-01,-1.332012149263e-02
4.260266211600e+01,-2.501644466557e-01,-1.218806773194e-01,-1.718904023060e-02,-2.503917845737e-01,-1.221894531832e-01,-1.742136044660e-02
4.260783736650e+01,-2.669768473914e-01,-1.331913649049e-01,-2.136967007755e-02,-2.671956873886e-01,-1.334943892005e-01,-2.160516727418e-02
4.261301261700e+01,-2.832780144499e-01,-1.443506518245e-01,-2.561876106873e-02,-2.834873531644e-01,-1.446465938413e-01,-2.585648218309e-02
4.261818786750e+01,-2.989974727734e-01,-1.553127180572e-01,-2.992084234689e-02,-2.991963377848e-01,-1.556002654187e-01,-3.015981654935e-02
4.262336311800e+01,-3.140664729718e-01,-1.660321259816e-01,-3.426007014063e-02,-3.142539267873e-01,-1.663099899648e-01,-3.449931267315e-02
4.262853836850e+01,-3.284182697795e-01,-1.764640020096e-01,-3.862028908637e-02,-3.285934136894e-01,-1.767309227811e-01,-3.885880516534e-02
4.263371361900e+01,-3.419883932026e-01,-1.865642164138e-01,-4.298509495545e-02,-3.421503709889e-01,-1.868189681611e-01,-4.322188372362e-02
4.263888886950e+01,-3.547149112762e-01,-1.962895606329e-01,-4.733789853991e-02,-3.548629127605e-01,-1.965309565722e-01,-4.757195705182e-02
4.264406412000e+01,-3.665386833863e-01,-2.055979213557e-01,-5.166199044566e-02,-3.666719478020e-01,-2.058248185946e-01,-5.189231767076e-02
4.264923937050e+01,-3.774036031486e-01,-2.144484506899e-01,-5.594060653809e-02,-3.775214223242e-01,-2.146597549262e-01,-5.616620736577e-02
4.265441462100e+01,-3.872568298729e-01,-2.228017317412e-01,-6.015699378238e-02,-3.873585512137e-01,-2.229964017797e-01,-6.037688301293e-02
4.265958987150e+01,-3.960490076916e-01,-2.306199389454e-01,-6.429447621904e-02,-3.961340369479e-01,-2.307969910134e-01,-6.450768252485e-02
4.266476512200e+01,-4.037344714746e-01,-2.378669925132e-01,-6.833652081427e-02,-4.038022752851e-01,-2.380255043585e-01,-6.854209065551e-02
4.266994037250e+01,-4.102714387069e-01,-2.445087063756e-01,-7.226680292555e-02,-4.103215469068e-01,-2.446478211301e-01,-7.246380440473e-02
4.267511562300e+01,-4.156221865583e-01,-2.505129290379e-01,-7.606927112351e-02,-4.156541942435e-01,-2.506318588316e-01,-7.625679776368e-02
4.268029087350e+01,-4.197532134350e-01,-2.558496767814e-01,-7.972821111407e-02,-4.197667827733e-01,-2.559477060920e-01,-7.990538554570e-02
4.268546612400e+01,-4.226353843605e-01,-2.604912586796e-01,-8.322830850794e-02,-4.226302461431e-01,-2.605677474041e-01,-8.339428604963e-02
4.269064137450e+01,-4.242440595989e-01,-2.644123929289e-01,-8.655471018879e-02,-4.242200145252e-01,-2.644667791657e-01,-8.670868230771e-02
4.269581662500e+01,-4.245592059986e-01,-2.675903140274e-01,-8.969308403720e-02,-4.245161256893e-01,-2.676221165563e-01,-8.983428167544e-02
4.270099187550e+01,-4.235654906013e-01,-2.700048703696e-01,-9.262967677320e-02,-4.235033183354e-01,-2.700136908210e-01,-9.275737352671e-02
4.270616712600e+01,-4.212523561318e-01,-2.716386118662e-01,-9.535136968801e-02,-4.211711073048e-01,-2.716241365695e-01,-9.546488482547e-02
4.271134237650e+01,-4.176140780548e-01,-2.724768672311e-01,-9.784573204332e-02,-4.175138403557e-01,-2.724388687354e-01,-9.794443335284e-02
4.271651762700e+01,-4.126498029574e-01,-2.725078106252e-01,-1.001010719258e-01,-4.125307362634e-01,-2.724461488860e-01,-1.001843783780e-01
4.272169287750e+01,-4.063635680883e-01,-2.717225173823e-01,-1.021064843538e-01,-4.062259040773e-01,-2.716371406086e-01,-1.021738685711e-01
4.272686812800e+01,-3.987643019600e-01,-2.701150085879e-01,-1.038518964455e-01,-3.986083434430e-01,-2.700059537470e-01,-1.039028869661e-01
4.273204337850e+01,-3.898658059939e-01,-2.676822843264e-01,-1.053281094658e-01,-3.896919259687e-01,-2.675496773028e-01,-1.053622927958e-01
4.273721862900e+01,-3.796867172629e-01,-2.644243454531e-01,-1.065268375861e-01,-3.794953576929e-01,-2.642684008624e-01,-1.065438600289e-01
4.274239387950e+01,-3.682504524596e-01,-2.603442037968e-01,-1.074407431995e-01,-3.680421227827e-01,-2.601652244526e-01,-1.074403124567e-01
4.274756913000e+01,-3.555851332940e-01,-2.554478807398e-01,-1.080634686501e-01,-3.553604086659e-01,-2.552462567778e-01,-1.080453551867e-01
4.275274438050e+01,-3.417234935942e-01,-2.497443941709e-01,-1.083896642483e-01,-3.414830128751e-01,-2.495206018316e-01,-1.083537024166e-01
4.275791963100e+01,-3.267027684597e-01,-2.432457338521e-01,-1.084150124581e-01,-3.264472319493e-01,-2.430003339271e-01,-1.083611013757e-01
4.276309488150e+01,-3.105645658835e-01,-2.359668252826e-01,-1.081362481572e-01,-3.102947328149e-01,-2.357004612307e-01,-1.080643523358e-01
4.276827013200e+01,-2.933547213304e-01,-2.279254821925e-01,-1.075511748882e-01,-2.930714071322e-01,-2.276388779325e-01,-1.074613246099e-01
4.277344538250e+01,-2.751231358266e-01,-2.191423478418e-01,-1.066586770314e-01,-2.748272091628e-01,-2.188363052290e-01,-1.065509684707e-01
4.277862063300e+01,-2.559235981773e-01,-2.096408253417e-01,-1.054587278480e-01,-2.556159777778e-01,-2.093162213405e-01,-1.053333229393e-01
4.278379588350e+01,-2.358135919953e-01,-1.994469972641e-01,-1.039523933585e-01,-2.354952432880e-01,-1.991047808248e-01,-1.038095194093e-01
4.278897113400e+01,-2.148540882812e-01,-1.885895348404e-01,-1.021418320369e-01,-2.145260198391e-01,-1.882307234936e-01,-1.019817810874e-01
4.279414638450e+01,-1.931093243524e-01,-1.770995970979e-01,-1.000302903172e-01,-1.927725841702e-01,-1.767252732790e-01,-9.985341824901e-02
4.279932163500e+01,-1.706465699734e-01,-1.650107203165e-01,-9.762209392587e-02,-1.703022415869e-01,-1.646220274353e-01,-9.742881932305e-02
4.280449688550e+01,-1.475358815896e-01,-1.523586982306e-01,-9.492263507079e-02,-1.471850800536e-01,-1.519568364997e-01,-9.471343783727e-02
4.280967213600e+01,-1.238498456127e-01,-1.391814534346e-01,-9.193835553161e-02,-1.234937133527e-01,-1.387676754740e-01,-9.171377527029e-02
4.281484738650e+01,-9.966331175034e-02,-1.255189004858e-01,-8.867672571446e-02,-9.930301430430e-02,-1.250945067205e-01,-8.843735987402e-02
4.282002263700e+01,-7.505311741164e-02,-1.114128012330e-01,-8.514621974836e-02,-7.468983907877e-02,-1.109791351003e-01,-8.489272154486e-02
4.282519788750e+01,-5.009780425488e-02,-9.690661292563e-02,-8.135628671719e-02,-4.973274366726e-02,-9.646505591227e-02,-8.108936283829e-02
4.283037313800e+01,-2.487732797481e-02,-8.204532969152e-02,-7.731731813540e-02,-2.451169361006e-02,-8.159729621849e-02,-7.703772623603e-02
4.283554838850e+01,5.272375457607e-04,-6.687531799345e-02,-7.304061179100e-02,8.922318936808e-04,-6.642225016941e-02,-7.274915779004e-02
4.284072363900e+01,2.603400057358e-02,-5.144414670087e-02,-6.853833209327e-02,2.639714034778e-02,-5.098750896384e-02,-6.823586728160e-02
4.284589888950e+01,5.156055518736e-02,-3.580041243322e-02,-6.382346707648e-02,5.192062962803e-02,-3.534168610151e-02,-6.351088504746e-02
4.285107414000e+01,7.702428708736e-02,-1.999356085032e-02,-5.890978222387e-02,7.738009378046e-02,-1.953423860389e-02,-5.858801563817e-02
4.285624939050e+01,1.023426803657e-01,-4.073704581155e-03,-5.381177128889e-02,1.026930297628e-01,-3.615284894834e-03,-5.348178848600e-02
4.286142464100e+01,1.274336240475e-01,1.190856150419e-02,-4.854460430218e-02,1.277773439386e-01,1.236457995393e-02,-4.820740577179e-02
4.286659989150e+01,1.522157172130e-01,2.790234696440e-02,-4.312407296400e-02,1.525516571366e-01,2.835447089768e-02,-4.278068769067e-02
4.287177514200e+01,1.766085715171e-01,4.385665367557e-02,-3.756653363201e-02,1.769356070875e-01,4.430340079015e-02,-3.721801532753e-02
4.287695039250e+01,2.005331099320e-01,5.972056421108e-02,-3.188884812381e-02,2.008501470697e-01,6.016046872482e-02,-3.153627136155e-02
4.288212564300e+01,2.239118605534e-01,7.544342998269e-02,-2.610832256210e-02,2.242178396008e-01,7.587504811589e-02,-2.575277882835e-02
4.288730089350e+01,2.466692443305e-01,9.097505841428e-02,-2.024264449808e-02,2.469631440372e-01,9.139697379040e-02,-1.988523817583e-02
4.289247614400e+01,2.687318556042e-01,1.062658984227e-01,-1.430981855556e-02,2.690126969658e-01,1.066767273667e-01,-1.395166285599e-02
4.289765139450e+01,2.900287343629e-01,1.212672234877e-01,-8.328100843893e-03,2.902955842995e-01,1.216656202008e-01,-7.970313701561e-03
4.290282664500e+01,3.104916291626e-01,1.359313116004e-01,-2.315932392761e-03,3.107436040215e-01,1.363159731927e-01,-1.959632340189e-03
4.290800189550e+01,3.300552496903e-01,1.502116213958e-01,3.708128134288e-03,3.302915185602e-01,1.505812927545e-01,4.061826096510e-03
4.291317714600e+01,3.486575079922e-01,1.640629637837e-01,9.725472187840e-03,3.488772958153e-01,1.644164422611e-01,1.007546070951e-02
4.291835239650e+01,3.662397474322e-01,1.774416684169e-01,1.571750928064e-02,3.664423379022e-01,1.777778083177e-01,1.606269275296e-02
4.292352764700e+01,3.827469584940e-01,1.903057443501e-01,2.166573487329e-02,3.829316967297e-01,1.906234612011e-01,2.200503347668e-02
4.292870289750e+01,3.981279805928e-01,2.026150342682e-01,2.755179793561e-02,3.982942755753e-01,2.029133088549e-01,2.788415162852e-02
4.293387814800e+01,4.123356891140e-01,2.143313616892e-01,3.335756792271e-02,4.124830158794e-01,2.146092438419e-01,3.368194035606e-02
4.293905339850e+01,4.253271669599e-01,2.254186705698e-01,3.906520090737e-02,4.254550685381e-01,2.256752826859e-01,3.938058324945e-02
4.294422864900e+01,4.370638599397e-01,2.358431567776e-01,4.465720461345e-02,4.371719490323e-01,2.360776970658e-01,4.496261927039e-02
4.294940389950e+01,4.475117154060e-01,2.455733909205e-01,5.011650209933e-02,4.475996757969e-01,2.457851363542e-01,5.041100631688e-02
4.295457915000e+01,4.566413036049e-01,2.545804320599e-01,5.542649384585e-02,4.567088912977e-01,2.547687410291e-01,5.570918317838e-02
4.295975440050e+01,4.644279212745e-01,2.628379318718e-01,6.057111800933e-02,4.644749653523e-01,2.630022465223e-01,6.084112964270e-02
4.296492965100e+01,4.708516770954e-01,2.703222288523e-01,6.553490860738e-02,4.708780803006e-01,2.704620771041e-01,6.579142452284e-02
4.297010490150e+01,4.758975586708e-01,2.770124322095e-01,7.030305141356e-02,4.759032977016e-01,2.771274294454e-01,7.054530138035e-02
4.297528015200e+01,4.795554807822e-01,2.828904951177e-01,7.486143734556e-02,4.795406063052e-01,2.829803455375e-01,7.508870173085e-02
4.298045540250e+01,4.818203147426e-01,2.879412770571e-01,7.919671314179e-02,4.817849511218e-01,2.880057746900e-01,7.940832552692e-02
4.298563065300e+01,4.826918987427e-01,2.921525950005e-01,8.329632913163e-02,4.826362434859e-01,2.921916243740e-01,8.349167872459e-02
4.299080590350e+01,4.821750291599e-01,2.955152632558e-01,8.714858391599e-02,4.820993520838e-01,2.955287997166e-01,8.732711775101e-02
4.299598115400e+01,4.802794328730e-01,2.980231218138e-01,9.074266578714e-02,4.801840749925e-01,2.980112315015e-01,9.090389070270e-02
4.300115640450e+01,4.770197207035e-01,2.996730531003e-01,9.406869072918e-02,4.769050928472e-01,2.996358925725e-01,9.421217511705e-02
4.300633165500e+01,4.724153221738e-01,3.004649870717e-01,9.711773685447e-02,4.722819033328e-01,3.004028025835e-01,9.724311217298e-02
4.301150690550e+01,4.664904018487e-01,3.004018946443e-01,9.988187514464e-02,4.663387372648e-01,3.003150210837e-01,9.998883719043e-02
4.301668215600e+01,4.592737575977e-01,2.994897694885e-01,1.023541963798e-01,4.591044565985e-01,2.993786289733e-01,1.024425063133e-01
4.302185740650e+01,4.507987011871e-01,2.977375982674e-01,1.045288341544e-01,4.506124347765e-01,2.976026984085e-01,1.045983192748e-01
4.302703265700e+01,4.411029216776e-01,2.951573194441e-01,1.064009838930e-01,4.409004198914e-01,2.949992512826e-01,1.064515381607e-01
4.303220790750e+01,4.302283321735e-01,2.917637708257e-01,1.079669177960e-01,4.300103812105e-01,2.915832064512e-01,1.079985020996e-01
4.303738315800e+01,4.182209005327e-01,2.875746260573e-01,1.092239956596e-01,4.179883396724e-01,2.873723159178e-01,1.092366378273e-01
4.304255840850e+01,4.051304647089e-01,2.826103203210e-01,1.101706715329e-01,4.048841830282e-01,2.823870902346e-01,1.101644660880e-01
4.304773365900e+01,3.910105334598e-01,2.768939655395e-01,1.108064961884e-01,3.907514663619e-01,2.766507134194e-01,1.107816038501e-01
4.305290890950e+01,3.759180732090e-01,2.704512554211e-01,1.111321154005e-01,3.756471987768e-01,2.701889477278e-01,1.110887623323e-01
4.305808416000e+01,3.599132819057e-01,2.633103607276e-01,1.111492640431e-01,3.596316170962e-01,2.630300286611e-01,1.110877408517e-01
4.306325941050e+01,3.430593507763e-01,2.555018151793e-01,1.108607560325e-01,3.427679474688e-01,2.552045506272e-01,1.107814165213e-01
4.306843466100e+01,3.254222149076e-01,2.470583924525e-01,1.102704701587e-01,3.251221558231e-01,2.467453437098e-01,1.101737298410e-01
4.307360991150e+01,3.070702936479e-01,2.380149747559e-01,1.093833318646e-01,3.067626881539e-01,2.376873420332e-01,1.092696662423e-01
4.307878516200e+01,2.880742218478e-01,2.284084135090e-01,1.082052910482e-01,2.877602016669e-01,2.280674442466e-01,1.080752336628e-01
4.308396041250e+01,2.685065730018e-01,2.182773826715e-01,1.067432959777e-01,2.681872878394e-01,2.179243666784e-01,1.065974362421e-01
4.308913566300e+01,2.484415753804e-01,2.076622253054e-01,1.050052634256e-01,2.481181884891e-01,2.072984897418e-01,1.048442442444e-01
4.309431091350e+01,2.279548222698e-01,1.966047939767e-01,1.030000451430e-01,2.276285059686e-01,1.962316982000e-01,1.028245603309e-01
4.309948616400e+01,2.071229774610e-01,1.851482856251e-01,1.007373908072e-01,2.067949086255e-01,1.847672159196e-01,1.005481823163e-01
4.310466141450e+01,1.860234771445e-01,1.733370715553e-01,9.822790759253e-02,1.856948326876e-01,1.729494357663e-01,9.802576255926e-02
4.310983666500e+01,1.647342293845e-01,1.612165232190e-01,9.548301652528e-02,1.644061817430e-01,1.608237453120e-01,9.526876414825e-02
4.311501191550e+01,1.433333123509e-01,1.488328344747e-01,9.251490579739e-02,1.430070249983e-01,1.484363490422e-01,9.228941405890e-02
4.312018716600e+01,1.218986724963e-01,1.362328410259e-01,8.933648122426e-02,1.215752954967e-01,1.358340877614e-01,8.910065346834e-02
4.312536241650e+01,1.005078238609e-01,1.234638377472e-01,8.596131404425e-02,1.001884894835e-01,1.230642559101e-01,8.571608542467e-02
4.313053766700e+01,7.923754968466e-02,1.105733946178e-01,8.240358626690e-02,7.892336809520e-02,1.101744175099e-01,8.214992007922e-02
4.313571291750e+01,5.816360749761e-02,9.760917198638e-02,7.867803378698e-02,5.785566254313e-02,9.721222146113e-02,7.841691769903e-02
4.314088816800e+01,3.736043884211e-02,8.461873589231e-02,7.479988748960e-02,3.705978394623e-02,8.422521691936e-02,7.453232968525e-02
4.314606341850e+01,1.690088476417e-02,7.164937416873e-02,7.078481257976e-02,1.660853894855e-02,7.126066947444e-02,7.051183783120e-02
4.315123866900e+01,-3.144091813365e-03,5.874791404968e-02,6.664884637634e-02,-3.427147765714e-03,5.836537885469e-02,6.637149206023e-02
4.315641391950e+01,-2.270567575060e-02,4.596054199605e-02,6.240833481633e-02,-2.297850297552e-02,4.558549887034e-02,6.212764688959e-02
4.316158917000e+01,-4.171746033022e-02,3.333262644669e-02,5.807986792033e-02,-4.197916539141e-02,3.296636030241e-02,5.779689687128e-02
4.316676442050e+01,-6.011569785978e-02,2.090854418886e-02,5.368021447380e-02,-6.036543607321e-02,2.055229743032e-02,5.339601126456e-02
4.317193967100e+01,-7.783953926008e-02,8.731511027435e-03,4.922625618181e-02,-7.807651782078e-02,8.386478877333e-03,4.894186819794e-02
4.317711492150e+01,-9.483126170670e-02,-3.156582584927e-03,4.473492155675e-02,-9.505474260594e-02,-3.489256565128e-03,4.445138857997e-02
4.318229017200e+01,-1.110364834395e-01,-1.471533031466e-02,4.022311979942e-02,-1.112457861610e-01,-1.503455849249e-02,3.994147001916e-02
4.318746542250e+01,-1.264043649066e-01,-2.590596249152e-02,3.570767493364e-02,-1.265988688912e-01,-2.621071720294e-02,3.542892101309e-02
4.319264067300e+01,-1.408877954622e-01,-3.669149183548e-02,3.120526045342e-02,-1.410669423319e-01,-3.698080918034e-02,3.093039566551e-02
4.319781592350e+01,-1.544435648983e-01,-4.703685179904e-02,2.673233473959e-02,-1.546068604307e-01,-4.730983517778e-02,2.646232918783e-02
4.320299117400e+01,-1.670325191461e-01,-5.690902698689e-02,2.230507749927e-02,-1.671795349918e-01,-5.716485036497e-02,2.204087443844e-02
4.320816642450e+01,-1.786196995506e-01,-6.627717514691e-02,1.793932747778e-02,-1.787500746875e-01,-6.651508603416e-02,1.768183974872e-02
4.321334167500e+01,-1.891744651834e-01,-7.511274025976e-02,1.365052168697e-02,-1.892879071017e-01,-7.533206239329e-02,1.340062827933e-02
4.321851692550e+01,-1.986705977291e-01,-8.338955628987e-02,9.453636388053e-03,-1.987668833425e-01,-8.358969201037e-02,9.212179144502e-03
4.322369217600e+01,-2.070863885463e-01,-9.108394119810e-02,5.363130059782e-03,-2.071653648277e-01,-9.126437351025e-02,5.130910534417e-03
4.322886742650e+01,-2.144047075795e-01,-9.817478085463e-02,1.392888574903e-03,-2.144662919163e-01,-9.833507516397e-02,1.170665058092e-03
4.323404267700e+01,-2.206130538662e-01,-1.046436025313e-01,-2.443827201194e-03,-2.206572341362e-01,-1.047834080509e-01,-2.655342479979e-03
4.323921792750e+01,-2.257035874580e-01,-1.104746376934e-01,-6.134431185340e-03,-2.257304218254e-01,-1.105936885155e-01,-6.334574665926e-03
4.324439317800e+01,-2.296731426493e-01,-1.156548738548e-01,-9.667059031251e-03,-2.296827590806e-01,-1.157529896824e-01,-9.855218232234e-03
4.324956842850e+01,-2.325232224791e-01,-1.201740953012e-01,-1.303061208158e-02,-2.325158179833e-01,-1.202511818391e-01,-1.320622780164e-02
4.325474367900e+01,-2.342599745475e-01,-1.240249125341e-01,-1.621479814694e-02,-2.342358141419e-01,-1.240809615354e-01,-1.637736644956e-02
4.325991892950e+01,-2.348941482614e-01,-1.272027803285e-01,-1.921016895419e-02,-2.348535636683e-01,-1.272378692998e-01,-1.935924292809e-02
4.326509418000e+01,-2.344410336978e-01,-1.297060043478e-01,-2.200815411954e-02,-2.343844217772e-01,-1.297202959120e-01,-2.214334540825e-02
4.327026943050e+01,-2.329203823457e-01,-1.315357362985e-01,-2.460109151597e-02,-2.328482032711e-01,-1.315294772195e-01,-2.472207161060e-02
4.327544468100e+01,-2.303563100602e-01,-1.326959576587e-01,-2.698225391868e-02,-2.302690852438e-01,-1.326694775319e-01,-2.708875520921e-02
4.328061993150e+01,-2.267771826312e-01,-1.331934520563e-01,-2.914587182741e-02,-2.266754924080e-01,-1.331471616704e-01,-2.923768840849e-02
4.328579518200e+01,-2.222154844394e-01,-1.330377664176e-01,-3.108715237935e-02,-2.220999655191e-01,-1.329721557942e-01,-3.116414060773e-02
4.329097043250e+01,-2.167076707383e-01,-1.322411610542e-01,-3.280229428223e-02,-2.165790134359e-01,-1.321567971739e-01,-3.286437308388e-02
4.329614568300e+01,-2.102940041659e-01,-1.308185488965e-01,-3.428849871274e-02,-2.101529494211e-01,-1.307160731203e-01,-3.433564963877e-02
4.330132093350e+01,-2.030183761525e-01,-1.287874241279e-01,-3.554397614183e-02,-2.028657123511e-01,-1.286675493251e-01,-3.557624317324e-02
4.330649618400e+01,-1.949281139500e-01,-1.261677805146e-01,-3.656794906427e-02,-1.947646735592e-01,-1.260312879077e-01,-3.658543816653e-02
4.331167143450e+01,-1.860737740652e-01,-1.229820197659e-01,-3.736065062638e-02,-1.859004300973e-01,-1.228297555068e-01,-3.736352905604e-02
4.331684668500e+01,-1.765089229337e-01,-1.192548503011e-01,-3.792331916208e-02,-1.763265852518e-01,-1.190877217912e-01,-3.791181452819e-02
4.332202193550e+01,-1.662899057210e-01,-1.150131768353e-01,-3.825818866353e-02,-1.660995172012e-01,-1.148321488056e-01,-3.823258774821e-02
4.332719718600e+01,-1.554756041840e-01,-1.102859812351e-01,-3.836847522918e-02,-1.552781367504e-01,-1.100920716006e-01,-3.832912257191e-02
4.333237243650e+01,-1.441271845698e-01,-1.051041951257e-01,-3.825835954736e-02,-1.439236351172e-01,-1.048984706326e-01,-3.820565579925e-02
4.333754768700e+01,-1.323078365670e-01,-9.950056476912e-02,-3.793296549005e-02,-1.320992227894e-01,-9.928413645049e-02,-3.786736554456e-02
4.334272293750e+01,-1.200825043624e-01,-9.350950875723e-02,-3.739833490623e-02,-1.198698605012e-01,-9.328352721733e-02,-3.732034581429e-02
4.334789818800e+01,-1.075176108828e-01,-8.716696909834e-02,-3.666139871979e-02,-1.073019834147e-01,-8.693261964293e-02,-3.657157739765e-02
4.335307343850e+01,-9.468077633307e-02,-8.051025629675e-02,-3.572994445131e-02,-9.446321961279e-02,-8.026875392991e-02,-3.562889519063e-02
4.335824868900e+01,-8.164053216040e-02,-7.357788905142e-02,-3.461258029742e-02,-8.142210403700e-02,-7.333047335877e-02,-3.450095208768e-02
4.336342393950e+01,-6.846603159495e-02,-6.640942922027e-02,-3.331869591496e-02,-6.824778901821e-02,-6.615735915885e-02,-3.319717958899e-02
4.336859919000e+01,-5.522675792858e-02,-5.904531271501e-02,-3.185842007033e-02,-5.500975256392e-02,-5.878986133110e-02,-3.172774528466e-02
4.337377444050e+01,-4.199223170361e-02,-5.152667700793e-02,-3.024257532669e-02,-4.177750557250e-02,-5.126912610370e-02,-3.010350738893e-02
4.337894969100e+01,-2.883171798665e-02,-4.389518594492e-02,-2.848262995376e-02,-2.862029915038e-02,-4.363682071557e-02,-2.833596650971e-02
4.338412494150e+01,-1.581393490236e-02,-3.619285256990e-02,-2.659064725534e-02,-1.560683320587e-02,-3.593495623240e-02,-2.643721484944e-02
4.338930019200e+01,-3.006764596615e-03,-2.846186067337e-02,-2.457923252072e-02,-2.804967489946e-03,-2.820570910866e-02,-2.441988304349e-02
4.339447544250e+01,9.523032211176e-03,-2.074438578274e-02,-2.246147781474e-02,9.718563757478e-03,-2.049124221269e-02,-2.229708485170e-02
4.339965069300e+01,2.171009694143e-02,-1.308241631439e-02,-2.025090483049e-02,2.189843241036e-02,-1.283352603491e-02,-2.008235992726e-02
4.340482594350e+01,3.349074800735e-02,-5.517575606314e-03,-1.796140603579e-02,3.367099118345e-02,-5.274160797516e-03,-1.778961489430e-02
4.341000119400e+01,4.480324870470e-02,1.909054453224e-03,-1.560718435171e-02,4.497454138019e-02,2.145799818780e-03,-1.543306297298e-02
4.341517644450e+01,5.558806706351e-02,9.157107492033e-03,-1.320269160695e-02,5.574959258817e-02,9.386022622840e-03,-1.302716239584e-02
4.342035169500e+01,6.578812661908e-02,1.618710371576e-02,-1.076256601680e-02,6.593911327923e-02,1.640706583649e-02,-1.058655386456e-02
4.342552694550e+01,7.534904709569e-02,2.296061727746e-02,-8.301568939315e-03,7.548877130935e-02,2.317054630669e-02,-8.125997299473e-03
4.343070219600e+01,8.421937403683e-02,2.944043928214e-02,-5.834521164112e-03,8.434716335174e-02,2.963930233360e-02,-5.660308137663e-03
4.343587744650e+01,9.235079645955e-02,3.559073577090e-02,-3.376238990945e-03,9.246603234234e-02,3.577755146041e-02,-3.204293436520e-03
4.344105269700e+01,9.969835165876e-02,4.137720004933e-02,-9.414703562001e-04,9.980047206417e-02,4.155104259023e-02,-7.726880407825e-04
4.344622794750e+01,1.062206163379e-01,4.676719874750e-02,1.455168734926e-03,1.063091180476e-01,4.692720181800e-02,1.619908929157e-03
4.345140319800e+01,1.118798832971e-01,5.172991102354e-02,3.799257213973e-03,1.119543240188e-01,5.187527139071e-02,3.959097011514e-03
4.345657844850e+01,1.166423229679e-01,5.623646035064e-02,6.076631138173e-03,1.167023231866e-01,5.636644123627e-02,6.230736505745e-03
4.346175369900e+01,1.204781291430e-01,6.026003835638e-02,8.273444811785e-03,1.205233737165e-01,6.037397253152e-02,8.421009493056e-03
4.346692894950e+01,1.233616483131e-01,6.377602021522e-02,1.037623059303e-02,1.233918878056e-01,6.387331281068e-02,1.051647952818e-02
4.347210420000e+01,1.252714920881e-01,6.676207112858e-02,1.237195714511e-02,1.252865438366e-01,6.684220215037e-02,1.250414976162e-02
4.347727945050e+01,1.261906322469e-01,6.919824346234e-02,1.424808589600e-02,1.261903811563e-01,6.926077000173e-02,1.437151925725e-02
4.348245470100e+01,1.261064780294e-01,7.106706414887e-02,1.599262547884e-02,1.260908770925e-01,7.111162227839e-02,1.610663727809e-02
4.348762995150e+01,1.250109353551e-01,7.235361199946e-02,1.759418393279e-02,1.249800058958e-01,7.237991834698e-02,1.769815532029e-02
4.349280520200e+01,1.229004477247e-01,7.304558461308e-02,1.904201845323e-02,1.228542793631e-01,7.305343760785e-02,1.913537668515e-02
4.349798045250e+01,1.197760186322e-01,7.313335460898e-02,2.032608248970e-02,1.197147689725e-01,7.312263539429e-02,2.040830338825e-02
4.350315570300e+01,1.156432153929e-01,7.261001495294e-02,2.143707000096e-02,1.155671094340e-01,7.258068796199e-02,2.150768021568e-02
4.350833095350e+01,1.105121543615e-01,7.147141319054e-02,2.236645668733e-02,1.104214836334e-01,7.142352638286e-02,2.242503574854e-02
4.351350620400e+01,1.043974675918e-01,6.971617444501e-02,2.310653803307e-02,1.042925890211e-01,6.964985920258e-02,2.315272018907e-02
4.351868145450e+01,9.731825106295e-02,6.734571308167e-02,2.365046400377e-02,9.719958557212e-02,6.726118376496e-02,2.368393983438e-02
4.352385670500e+01,8.929799466983e-02,6.436423298652e-02,2.399227025738e-02,8.916602551503e-02,6.426178615218e-02,2.401278805735e-02
4.352903195550e+01,8.036449424830e-02,6.077871645155e-02,2.412690574121e-02,8.021976510299e-02,6.065872973468e-02,2.413427266777e-02
4.353420720600e+01,7.054974597730e-02,5.659890170471e-02,2.405025656171e-02,7.039285876901e-02,5.646183237022e-02,2.404433954158e-02
4.353938245650e+01,5.988982357046e-02,5.183724916804e-02,2.375916602861e-02,5.972143607920e-02,5.168363233660e-02,2.373989242080e-02
4.354455770700e+01,4.842473873802e-02,4.650889657196e-02,2.325145079025e-02,4.824556196599e-02,4.633934312766e-02,2.321880880181e-02
4.354973295750e+01,3.619828546682e-02,4.063160309831e-02,2.252591299259e-02,3.600908078965e-02,4.044679728613e-02,2.247995184560e-02
4.355490820800e+01,2.325786873058e-02,3.422568276861e-02,2.158234841004e-02,2.305944484149e-02,3.402637949127e-02,2.152317825898e-02
4.356008345850e+01,9.654318304740e-03,2.731392733646e-02,2.042155051252e-02,9.447527963812e-03,2.710094916130e-02,2.034934211234e-02
4.356525870900e+01,-4.558311580037e-03,1.992151898550e-02,1.904531044914e-02,-4.772574978723e-03,1.969575287321e-02,1.896029457505e-02
4.357043395950e+01,-1.932295595571e-02,1.207593317422e-02,1.745641294527e-02,-1.954376198544e-02,1.183832694234e-02,1.735887956666e-02
4.357560921000e+01,-3.457976536183e-02,3.806832009117e-03,1.565862812613e-02,-3.480615031872e-02,3.558390544296e-03,1.554892533758e-02
4.358078446050e+01,-5.026634372383e-02,-4.854051435281e-03,1.365669929596e-02,-5.049731452160e-02,-5.112270201217e-03,1.353523200968e-02
4.358595971100e+01,-6.631799692397e-02,-1.387303739420e-02,1.145632671850e-02,-6.655253511239e-02,-1.413992672842e-02,1.132355512310e-02
4.359113496150e+01,-8.266799108155e-02,-2.321463179890e-02,9.064147459811e-03,-8.290505697294e-02,-2.348904061531e-02,8.920585251541e-03
4.359631021200e+01,-9.924781951991e-02,-3.284166624952e-02,6.487711370673e-03,-9.948635640681e-02,-3.312240374220e-02,6.333923764064e-03
4.360148546250e+01,-1.159874773627e-01,-4.271544502216e-02,3.735453301058e-03,-1.162264158104e-01,-4.300128546631e-02,3.572054826694e-03
4.360666071300e+01,-1.328157426713e-01,-5.279589852971e-02,8.166616540689e-04,-1.330540048678e-01,-5.308558623099e-02,6.443137522299e-04
4.361183596350e+01,-1.496604630088e-01,-6.304174263006e-02,-2.258556598395e-03,-1.498969671552e-01,-6.333399700257e-02,-2.439148178780e-03
4.361701121400e+01,-1.664488462936e-01,-7.341064315155e-02,-5.479314302022e-03,-1.666825110172e-01,-7.370416390447e-02,-5.667402288850e-03
4.362218646450e+01,-1.831077547880e-01,-8.385938498487e-02,-8.833985758588e-03,-1.833375035606e-01,-8.415285739693e-02,-9.028784315474e-03
4.362736171500e+01,-1.995640010556e-01,-9.434404507179e-02,-1.231025145368e-02,-1.997887665996e-01,-9.463614533289e-02,-1.251093930062e-02
4.363253696550e+01,-2.157446447100e-01,-1.048201686055e-01,-1.589514569835e-02,-2.159633733745e-01,-1.051095692039e-01,-1.610086938178e-02
4.363771221600e+01,-2.315772887765e-01,-1.152429477440e-01,-1.957510699767e-02,-2.317889448661e-01,-1.155283228779e-01,-1.978498429700e-02
4.364288746650e+01,-2.469903744878e-01,-1.255674021281e-01,-2.333603094835e-02,-2.471939445264e-01,-1.258474331200e-01,-2.354915440548e-02
4.364806271700e+01,-2.619134733406e-01,-1.357485604872e-01,-2.716332545723e-02,-2.621079702544e-01,-1.360219411793e-01,-2.737876601508e-02
4.365323796750e+01,-2.762775752502e-01,-1.457416426123e-01,-3.104196806326e-02,-2.764620424515e-01,-1.460070847219e-01,-3.125877879888e-02
4.365841321800e+01,-2.900153716552e-01,-1.555022409726e-01,-3.495656513695e-02,-2.901888870120e-01,-1.557584793856e-01,-3.517378507445e-02
4.366358846850e+01,-3.030615324433e-01,-1.649865012552e-01,-3.889141272389e-02,-3.032232121182e-01,-1.652322992368e-01,-3.910807071195e-02
4.366876371900e+01,-3.153529755935e-01,-1.741513011073e-01,-4.283055879191e-02,-3.155019777367e-01,-1.743854554095e-01,-4.304567743064e-02
4.367393896950e+01,-3.268291284580e-01,-1.829544263721e-01,-4.675786663619e-02,-3.269646567402e-01,-1.831757722170e-01,-4.697046623758e-02
4.367911422000e+01,-3.374321796399e-01,-1.913547441150e-01,-5.065707919135e-02,-3.375534866089e-01,-1.915621600339e-01,-5.086618175772e-02
4.368428947050e+01,-3.471073204574e-01,-1.993123717503e-01,-5.451188399626e-02,-3.472137107081e-01,-1.995047842605e-01,-5.471651720073e-02
4.368946472100e+01,-3.558029750300e-01,-2.067888415944e-01,-5.830597855415e-02,-3.558938081724e-01,-2.069652296930e-01,-5.850517970744e-02
4.369463997150e+01,-3.634710180621e-01,-2.137472601882e-01,-6.202313582919e-02,-3.635457114761e-01,-2.139066596466e-01,-6.221595581687e-02
4.369981522200e+01,-3.700669794493e-01,-2.201524617518e-01,-6.564726961967e-02,-3.701250108159e-01,-2.202939691929e-01,-6.583277679421e-02
4.370499047250e+01,-3.755502348858e-01,-2.259711551576e-01,-6.916249954853e-02,-3.755911444838e-01,-2.260939318994e-01,-6.933978356062e-02
4.371016572300e+01,-3.798841817032e-01,-2.311720638333e-01,-7.255321541296e-02,-3.799075744620e-01,-2.312753394833e-01,-7.272139096680e-02
4.371534097350e+01,-3.830363992310e-01,-2.357260580335e-01,-7.580414063751e-02,-3.830419465314e-01,-2.358091338196e-01,-7.596235115512e-02
4.372051622400e+01,-3.849787930285e-01,-2.396062789476e-01,-7.890039457823e-02,-3.849662342443e-01,-2.396685307728e-01,-7.904781575813e-02
4.372569147450e+01,-3.856877224017e-01,-2.427882541468e-01,-8.182755342980e-02,-3.856568661756e-01,-2.428291353530e-01,-8.196339668574e-02
4.373086672500e+01,-3.851441106855e-01,-2.452500039013e-01,-8.457170949301e-02,-3.850948359334e-01,-2.452690477343e-01,-8.469522525912e-02
4.373604197550e+01,-3.833335378351e-01,-2.469721379410e-01,-8.711952856621e-02,-3.832657944759e-01,-2.469689597033e-01,-8.723000945522e-02
4.374121722600e+01,-3.802463149460e-01,-2.479379422647e-01,-8.945830523145e-02,-3.801601243524e-01,-2.479122411501e-01,-8.955508903337e-02
4.374639247650e+01,-3.758775403876e-01,-2.481334556456e-01,-9.157601581450e-02,-3.757729955566e-01,-2.480850162459e-01,-9.165848832360e-02
4.375156772700e+01,-3.702271373105e-01,-2.475475355196e-01,-9.346136880649e-02,-3.701044027525e-01,-2.474762289985e-01,-9.352896646533e-02
4.375674297750e+01,-3.632998723605e-01,-2.461719129852e-01,-9.510385254529e-02,-3.631591837073e-01,-2.460776979135e-01,-9.515606489504e-02
4.376191822800e+01,-3.551053555053e-01,-2.440012366849e-01,-9.649377996487e-02,-3.549470188379e-01,-2.438841595343e-01,-9.653015189207e-02
4.376709347850e+01,-3.456580209552e-01,-2.410331053854e-01,-9.762233023283e-02,-3.454824118540e-01,-2.408933006777e-01,-9.764246400338e-02
4.377226872900e+01,-3.349770892327e-01,-2.372680891136e-01,-9.848158710790e-02,-3.347846515539e-01,-2.371057792245e-01,-9.848514418013e-02
4.377744397950e+01,-3.230865105214e-01,-2.327097387532e-01,-9.906457386247e-02,-3.228777549033e-01,-2.325252333717e-01,-9.905127647178e-02
4.378261923000e+01,-3.100148894951e-01,-2.273645840524e-01,-9.936528462830e-02,-3.097903916009e-01,-2.271582792974e-01,-9.933491713686e-02
4.378779448050e+01,-2.957953919065e-01,-2.212421200362e-01,-9.937871203765e-02,-2.955557904098e-01,-2.210144972328e-01,-9.933112204364e-02
4.379296973100e+01,-2.804656332804e-01,-2.143547818660e-01,-9.910087104661e-02,-2.802116276007e-01,-2.141064059865e-01,-9.903597024823e-02
4.379814498150e+01,-2.640675501318e-01,-2.067179082298e-01,-9.852881884229e-02,-2.637998979293e-01,-2.064494260052e-01,-9.844658365296e-02
4.380332023200e+01,-2.466472541949e-01,-1.983496933973e-01,-9.766067075076e-02,-2.463667686342e-01,-1.980618311064e-01,-9.756114266275e-02
4.380849548250e+01,-2.282548702189e-01,-1.892711281134e-01,-9.649561207856e-02,-2.279624170115e-01,-1.889646890577e-01,-9.637889777330e-02
4.381367073300e+01,-2.089443579479e-01,-1.795059295512e-01,-9.503390583624e-02,-2.086408521855e-01,-1.791817912249e-01,-9.490017704062e-02
4.381884598350e+01,-1.887733189677e-01,-1.690804605867e-01,-9.327689630864e-02,-1.884597217584e-01,-1.687395715533e-01,-9.312638939760e-02
4.382402123400e+01,-1.678027891606e-01,-1.580236387002e-01,-9.122700845309e-02,-1.674801040807e-01,-1.576670151876e-01,-9.106002379971e-02
4.382919648450e+01,-1.460970175653e-01,-1.463668348505e-01,-8.888774312268e-02,-1.457662869411e-01,-1.459955570767e-01,-8.870464419804e-02
4.383437173500e+01,-1.237232324953e-01,-1.341437627068e-01,-8.626366812852e-02,-1.233855335284e-01,-1.337589709516e-01,-8.606488035465e-02
4.383954698550e+01,-1.007513958160e-01,-1.213903586615e-01,-8.336040517101e-02,-1.004078365678e-01,-1.209932490988e-01,-8.314641453105e-02
4.384472223600e+01,-7.725394633089e-02,-1.081446530845e-01,-8.018461268644e-02,-7.690566158220e-02,-1.077364733907e-01,-7.995596409726e-02
4.384989748650e+01,-5.330553326843e-02,-9.444663331137e-02,-7.674396467126e-02,-5.295368026926e-02,-9.402867806822e-02,-7.650126012464e-02
4.385507273700e+01,-2.898274090049e-02,-8.033809889417e-02,-7.304712556215e-02,-2.862849502723e-02,-7.991170480263e-02,-7.279102204154e-02
4.386024798750e+01,-4.363805359004e-03,-6.586250967125e-02,-6.910372126562e-02,-4.008355695880e-03,-6.542905059541e-02,-6.883492844635e-02
4.386542323800e+01,2.047167525175e-02,-5.106482724166e-02,-6.492430644576e-02,2.082713038990e-02,-5.062570910204e-02,-6.464358418756e-02
4.387059848850e+01,4.544303632348e-02,-3.599135045659e-02,-6.052032819382e-02,4.579729390968e-02,-3.554800599232e-02,-6.022848383512e-02
4.387577373900e+01,7.046884664640e-02,-2.068954556287e-02,-5.590408621718e-02,7.082070348341e-02,-2.024342898344e-02,-5.560197168167e-02
4.388094898950e+01,9.546721158210e-02,-5.207871655382e-03,-5.108868969922e-02,9.581546885044e-02,-4.760453202395e-03,-5.077719842566e-02
4.388612424000e+01,1.203560783295e-01,1.040439788634e-02,-4.608801099455e-02,1.206995461234e-01,1.085163744598e-02,-4.576807470176e-02
4.389129949050e+01,1.450535420985e-01,2.609735728619e-02,-4.091663633660e-02,1.453910439324e-01,2.654293221442e-02,-4.058922163598e-02
4.389647474100e+01,1.694781520012e-01,4.182065287964e-02,-3.558981374634e-02,1.698085292688e-01,4.226307804695e-02,-3.525591861504e-02
4.390164999150e+01,1.935492154723e-01,5.752366952720e-02,-3.012339834173e-02,1.938713318420e-01,5.796146599638e-02,-2.978404847009e-02
4.390682524200e+01,2.171871000360e-01,7.315571821043e-02,-2.453379525817e-02,2.174998457633e-01,7.358741880243e-02,-2.419004028548e-02
4.391200049250e+01,2.403135312444e-01,8.866622408313e-02,-1.883790039909e-02,2.406158273869e-01,8.909037890352e-02,-1.849081005230e-02
4.391717574300e+01,2.628518856313e-01,1.040049142484e-01,-1.305303924495e-02,2.631426881479e-01,1.044200961526e-01,-1.270369939523e-02
4.392235099350e+01,2.847274775399e-01,1.191220045327e-01,-7.196903956037e-03,2.850057812598e-01,1.195268145094e-01,-6.846412608401e-03
4.392752624400e+01,3.058678387110e-01,1.339683845331e-01,-1.287489011664e-03,3.061326811553e-01,1.343614569835e-01,-9.369522433626e-04
4.393270149450e+01,3.262029895426e-01,1.484958002179e-01,4.656974366100e-03,3.264534545853e-01,1.488758081122e-01,5.006446502911e-03
4.393787674500e+01,3.456657009679e-01,1.626570333738e-01,1.061808475120e-02,3.459009223206e-01,1.630226932628e-01,1.096538234640e-02
4.394305199550e+01,3.641917459315e-01,1.764060772020e-01,1.657733775793e-02,3.644109104389e-01,1.767561540655e-01,1.692135516424e-02
4.394822724600e+01,3.817201394874e-01,1.896983073813e-01,2.251619373126e-02,3.819224902206e-01,1.900316192943e-01,2.285583367270e-02
4.395340249650e+01,3.981933665849e-01,2.024906479359e-01,2.841614562162e-02,3.983782057208e-01,2.028060705339e-01,2.875032327386e-02
4.395857774700e+01,4.135575966577e-01,2.147417312621e-01,3.425878678188e-02,4.137242881318e-01,2.150382019883e-01,3.458643380856e-02
4.396375299750e+01,4.277628841811e-01,2.264120516944e-01,4.002587842464e-02,4.279108561056e-01,2.266885738129e-01,4.034594695399e-02
4.396892824800e+01,4.407633544203e-01,2.374641120154e-01,4.569941647904e-02,4.408921012558e-01,2.377197583733e-01,4.601088300536e-02
4.397410349850e+01,4.525173736474e-01,2.478625623393e-01,5.126169758862e-02,4.526264581217e-01,2.480964788649e-01,5.156356678354e-02
4.397927874900e+01,4.629877031677e-01,2.575743308336e-01,5.669538399530e-02,4.630767579324e-01,2.577857397551e-01,5.698669241394e-02
4.398445399950e+01,4.721416365576e-01,2.665687457696e-01,6.198356705862e-02,4.722103655775e-01,2.667569485433e-01,6.226338672624e-02
4.398962925000e+01,4.799511195834e-01,2.748176484308e-01,6.710982916470e-02,4.799992992524e-01,2.749820283668e-01,6.737727103007e-02
4.399480450050e+01,4.863928523378e-01,2.822954964417e-01,7.205830378592e-02,4.864203323173e-01,2.824355210168e-01,7.231252102775e-02
4.399997975100e+01,4.914483731983e-01,2.889794571174e-01,7.681373345908e-02,4.914550769748e-01,2.890946799662e-01,7.705392463298e-02
4.400515500150e+01,4.951041242878e-01,2.948494904733e-01,8.136152545839e-02,4.950900494474e-01,2.949395530501e-01,8.158693747183e-02
4.401033025200e+01,4.973514981835e-01,2.998884215761e-01,8.568780494817e-02,4.973167164026e-01,2.999530544805e-01,8.589773585222e-02
4.401550550250e+01,4.981868656996e-01,3.040820019554e-01,8.977946541048e-02,4.981315224512e-01,3.041210259176e-01,8.997326699719e-02
4.402068075300e+01,4.976115846393e-01,3.074189598432e-01,9.362421615300e-02,4.975358986171e-01,3.074322863637e-01,9.380129634860e-02
4.402585600350e+01,4.956319894880e-01,3.098910390468e-01,9.721062671431e-02,4.955362517492e-01,3.098786706891e-01,9.737045175882e-02
4.403103125400e+01,4.922593620938e-01,3.114930263091e-01,1.005281679957e-01,4.921439349253e-01,3.114550566444e-01,1.006702644006e-01
4.403620650450e+01,4.875098834548e-01,3.122227670536e-01,1.035672499611e-01,4.873751989664e-01,3.121593802567e-01,1.036912062374e-01
4.404138175500e+01,4.814045668084e-01,3.120811694571e-01,1.063192557612e-01,4.812511252592e-01,3.119926395564e-01,1.064247239114e-01
4.404655700550e+01,4.739691722895e-01,3.110721968385e-01,1.087765721502e-01,4.737975401531e-01,3.109588866220e-01,1.088632689180e-01
4.405173225600e+01,4.652341034964e-01,3.092028483979e-01,1.109326160788e-01,4.650449112736e-01,3.090652079805e-01,1.110003239526e-01
4.405690750650e+01,4.552342863758e-01,3.064831283868e-01,1.127818573642e-01,4.550282261626e-01,3.063216934438e-01,1.128304253293e-01
4.406208275700e+01,4.440090309047e-01,3.029260038334e-01,1.143198373477e-01,4.437868537254e-01,3.027413935076e-01,1.143491813854e-01
4.406725800750e+01,4.316018761162e-01,2.985473509930e-01,1.155431834728e-01,4.313643890322e-01,2.983402654834e-01,1.155532868046e-01
4.407243325800e+01,4.180604190810e-01,2.933658907381e-01,1.164496197283e-01,4.178084820867e-01,2.931371085797e-01,1.164405328028e-01
4.407760850850e+01,4.034361285182e-01,2.874031131445e-01,1.170379729170e-01,4.031706512350e-01,2.871534881902e-01,1.170098131420e-01
4.408278375900e+01,3.877841437692e-01,2.806831915728e-01,1.173081747309e-01,3.875060819528e-01,2.804136496888e-01,1.172611259494e-01
4.408795900950e+01,3.711630599264e-01,2.732328865860e-01,1.172612596242e-01,3.708734117990e-01,2.729444220738e-01,1.171955713387e-01
4.409313426000e+01,3.536346999618e-01,2.650814400822e-01,1.168993584983e-01,3.533345023845e-01,2.647751118417e-01,1.168153448444e-01
4.409830951050e+01,3.352638747507e-01,2.562604600617e-01,1.162256882228e-01,3.349541992510e-01,2.559373875096e-01,1.161237266981e-01
4.410348476100e+01,3.161181319334e-01,2.468037964818e-01,1.152445370395e-01,3.158000806034e-01,2.464651552424e-01,1.151250669912e-01
4.410866001150e+01,2.962674946020e-01,2.367474086901e-01,1.139612459055e-01,2.959421958828e-01,2.363944260740e-01,1.138247667841e-01
4.411383526200e+01,2.757841908363e-01,2.261292249566e-01,1.123821858540e-01,2.754527952062e-01,2.257631752463e-01,1.122292552388e-01
4.411901051250e+01,2.547423751516e-01,2.149889946590e-01,1.105147314616e-01,2.544060507337e-01,2.146111942193e-01,1.103459628668e-01
4.412418576300e+01,2.332178429500e-01,2.033681337018e-01,1.083672305297e-01,2.328777710575e-01,2.029799359341e-01,1.081832909990e-01
4.412936101350e+01,2.112877390946e-01,1.913095637768e-01,1.059489700996e-01,2.109451097304e-01,1.909123539371e-01,1.057505775993e-01
4.413453626400e+01,1.890302617485e-01,1.788575460968e-01,1.032701389385e-01,1.886862690770e-01,1.784527359980e-01,1.030580595588e-01
4.413971151450e+01,1.665243626393e-01,1.660575102552e-01,1.003417866424e-01,1.661802004478e-01,1.656465328740e-01,1.001168316190e-01
4.414488676500e+01,1.438494449210e-01,1.529558788833e-01,9.717577952186e-02,1.435063020897e-01,1.525401828928e-01,9.693880208763e-02
4.415006201550e+01,1.210850598177e-01,1.395998887923e-01,9.378475344143e-02,1.207441158138e-01,1.391809330421e-01,9.353664552291e-02
4.415523726600e+01,9.831060323400e-02,1.260374093030e-01,9.018206380198e-02,9.797302364943e-02,1.256166572681e-01,8.992375257174e-02
4.416041251650e+01,7.560501351912e-02,1.123167584728e-01,8.638173286216e-02,7.527194566823e-02,1.118956726927e-01,8.611417716150e-02
4.416558776700e+01,5.304647156533e-02,9.848651794220e-02,8.239839460717e-02,5.271904016019e-02,9.806655447265e-02,8.212258125301e-02
4.417076301750e+01,3.071210441204e-02,8.459534712323e-02,7.824723738234e-02,3.039140733193e-02,8.417795002160e-02,7.796417737266e-02
4.417593826800e+01,8.677693512322e-03,7.069179745922e-02,7.394394451723e-02,8.364797684058e-03,7.027839332526e-02,7.365466915007e-02
4.418111351850e+01,-1.298261120009e-02,5.682412748028e-02,6.950463317423e-02,-1.328667379501e-02,5.641612007374e-02,6.921019009539e-02
4.418628876900e+01,-3.419657032917e-02,4.304011937843e-02,6.494579166205e-02,-3.449080650520e-02,4.263888433409e-02,6.464724085694e-02
4.419146401950e+01,-5.489412603331e-02,2.938689781836e-02,6.028421546060e-02,-5.517758509405e-02,2.899377747955e-02,5.998262520597e-02
4.419663927000e+01,-7.500766398598e-02,1.591075169120e-02,5.553694220853e-02,-7.527944124590e-02,1.552705008151e-02,5.523338499985e-02
4.420181452050e+01,-9.447226526186e-02,2.656959506441e-03,5.072118590862e-02,-9.473150538251e-02,2.283937459527e-03,5.041673437918e-02
4.420698977100e+01,-1.132259471702e-01,-1.033038089738e-02,4.585427060930e-02,-1.134718472986e-01,-1.069151043134e-02,4.554999345673e-02
4.421216502150e+01,-1.312098921017e-01,-2.300851766025e-02,4.095356382207e-02,-1.314417047978e-01,-2.335659411289e-02,4.065052175845e-02
4.421734027200e+01,-1.483686635014e-01,-3.533620458325e-02,3.603640993594e-02,-1.485856994447e-01,-3.567012405391e-02,3.573565167705e-02
4.422251552250e+01,-1.646504081343e-01,-4.727385456556e-02,3.112006388938e-02,-1.648520385977e-01,-4.759257387798e-02,3.082262219901e-02
4.422769077300e+01,-1.800070438610e-01,-5.878368620046e-02,2.622162535944e-02,-1.801927029435e-01,-5.908622671476e-02,2.592851316388e-02
4.423286602350e+01,-1.943944322014e-01,-6.982986296172e-02,2.135797372524e-02,-1.945636188107e-01,-7.011531412680e-02,2.107018031337e-02
4.423804127400e+01,-2.077725350239e-01,-8.037862444188e-02,1.654570406000e-02,-2.079248146010e-01,-8.064614707459e-02,1.626419138348e-02
4.424321652450e+01,-2.201055547590e-01,-9.039840913521e-02,1.180106440132e-02,-2.202405607389e-01,-9.064723841376e-02,1.152676348952e-02
4.424839177500e+01,-2.313620576044e-01,-9.985996829189e-02,7.139894544407e-03,-2.314794926072e-01,-1.000894164518e-01,6.873702047886e-03
4.425356702550e+01,-2.415150792540e-01,-1.087364704055e-01,2.577566596746e-03,-2.416147160015e-01,-1.089459291283e-01,2.320341472611e-03
4.425874227600e+01,-2.505422127521e-01,-1.170035959330e-01,-1.871072474525e-03,-2.506238947075e-01,-1.171925384177e-01,-2.118512122368e-03
4.426391752650e+01,-2.584256781478e-01,-1.246396218855e-01,-6.191756079173e-03,-2.584893198749e-01,-1.248076045960e-01,-6.428635992783e-03
4.426909277700e+01,-2.651523736924e-01,-1.316254959674e-01,-1.037085080994e-02,-2.651979609349e-01,-1.317721600489e-01,-1.059644339147e-02
4.427426802750e+01,-2.707139083999e-01,-1.379448999853e-01,-1.439540661342e-02,-2.707414978787e-01,-1.380699723440e-01,-1.460903354986e-02
4.427944327800e+01,-2.751066158608e-01,-1.435843022861e-01,-1.825320413169e-02,-2.751163347928e-01,-1.436875963291e-01,-1.845423882003e-02
4.428461852850e+01,-2.783315492769e-01,-1.485329990333e-01,-2.193279903172e-02,-2.783235946147e-01,-1.486144150654e-01,-2.212066879528e-02
4.428979377900e+01,-2.803944577554e-01,-1.527831441691e-01,-2.542356315190e-02,-2.803690951539e-01,-1.528426694463e-01,-2.559775123934e-02
4.429496902950e+01,-2.813057439786e-01,-1.563297679581e-01,-2.871572230747e-02,-2.812633064908e-01,-1.563674763965e-01,-2.887576966689e-02
4.430014428000e+01,-2.810804034353e-01,-1.591707840529e-01,-3.180039061007e-02,-2.810212899437e-01,-1.591868355957e-01,-3.194589743146e-02
4.430531953050e+01,-2.797379454767e-01,-1.613069850659e-01,-3.466960117062e-02,-2.796626188667e-01,-1.613016247110e-01,-3.480022819084e-02
4.431049478100e+01,-2.773022965270e-01,-1.627420266794e-01,-3.731633306868e-02,-2.772112816095e-01,-1.627155831718e-01,-3.743180263414e-02
4.431567003150e+01,-2.738016858543e-01,-1.634824003702e-01,-3.973453448706e-02,-2.736955670460e-01,-1.634352845646e-01,-3.983463137022e-02
4.432084528200e+01,-2.692685143708e-01,-1.635373948687e-01,-4.191914192478e-02,-2.691479331420e-01,-1.634700977690e-01,-4.200371389149e-02
4.432602053250e+01,-2.637392070045e-01,-1.629190465203e-01,-4.386609541789e-02,-2.636048591043e-01,-1.628321370049e-01,-4.393505354363e-02
4.433119578300e+01,-2.572540492425e-01,-1.616420787571e-01,-4.557234971291e-02,-2.571066817125e-01,-1.615362009979e-01,-4.562566844709e-02
4.433637103350e+01,-2.498570085147e-01,-1.597238309335e-01,-4.703588135406e-02,-2.496974165042e-01,-1.595997015210e-01,-4.707359833226e-02
4.434154628400e+01,-2.415955411424e-01,-1.571841768204e-01,-4.825569166151e-02,-2.414245645364e-01,-1.570425816048e-01,-4.827790726687e-02
4.434672153450e+01,-2.325203856341e-01,-1.540454330932e-01,-4.923180559424e-02,-2.323389055089e-01,-1.538872237556e-01,-4.923868226994e-02
4.435189678500e+01,-2.226853431665e-01,-1.503322581891e-01,-4.996526650736e-02,-2.224942780868e-01,-1.501583485556e-01,-4.995702782324e-02
4.435707203550e+01,-2.121470461353e-01,-1.460715419465e-01,-5.045812683013e-02,-2.119473483076e-01,-1.458829040613e-01,-5.043505630746e-02
4.436224728600e+01,-2.009647157120e-01,-1.412922864754e-01,-5.071343470690e-02,-2.007573670090e-01,-1.410899464480e-01,-5.067587440623e-02
4.436742253650e+01,-1.891999093813e-01,-1.360254787441e-01,-5.073521665935e-02,-1.889859172550e-01,-1.358105123872e-01,-5.068356553731e-02
4.437259778700e+01,-1.769162594772e-01,-1.303039553978e-01,-5.052845634405e-02,-1.766966527750e-01,-1.300774836738e-01,-5.046316838598e-02
4.437777303750e+01,-1.641792037685e-01,-1.241622603562e-01,-5.009906949495e-02,-1.639550284704e-01,-1.239254446505e-01,-5.002065163090e-02
4.438294828800e+01,-1.510557091761e-01,-1.176364957664e-01,-4.945387515534e-02,-1.508280240699e-01,-1.173905330066e-01,-4.936288496809e-02
4.438812353850e+01,-1.376139897329e-01,-1.107641669122e-01,-4.860056331852e-02,-1.373838620438e-01,-1.105102845525e-01,-4.849760655297e-02
4.439329878900e+01,-1.239232199168e-01,-1.035840217060e-01,-4.754765911089e-02,-1.236917209098e-01,-1.033234725972e-01,-4.743338699490e-02
4.439847403950e+01,-1.100532445074e-01,-9.613588540932e-02,-4.630448366440e-02,-1.098214450799e-01,-9.586994257438e-02,-4.617959005194e-02
4.440364929000e+01,-9.607428613008e-02,-8.846049124750e-02,-4.488111183873e-02,-9.584325241158e-02,-8.819044258466e-02,-4.474633018705e-02
4.440882454050e+01,-8.205665165827e-02,-8.059930760052e-02,-4.328832696586e-02,-8.182744063556e-02,-8.032645053405e-02,-4.314442715876e-02
4.441399979100e+01,-6.807043865181e-02,-7.259436246426e-02,-4.153757280144e-02,-6.784409383683e-02,-7.231999856501e-02,-4.138535783164e-02
4.441917504150e+01,-5.418524300549e-02,-6.448806588776e-02,-3.964090287856e-02,-5.396279016269e-02,-6.421349548450e-02,-3.948120540232e-02
4.442435029200e+01,-4.046986897914e-02,-5.632303109976e-02,-3.761092746936e-02,-4.025231193006e-02,-5.604954790318e-02,-3.744460624752e-02
4.442952554250e+01,-2.699204276968e-02,-4.814189504253e-02,-3.546075836992e-02,-2.678035929091e-02,-4.787078080325e-02,-3.528869460951e-02
4.443470079300e+01,-1.381813077142e-02,-3.998713903336e-02,-3.320395173194e-02,-1.361326860270e-02,-3.971965825534e-02,-3.302704534311e-02
4.443987604350e+01,-1.012863651674e-03,-3.190091027328e-02,-3.085444917259e-02,-8.157366295973e-04,-3.163830500357e-02,-3.067361495600e-02
4.444505129400e+01,1.136093265418e-02,-2.392484491877e-02,-2.842651740077e-02,1.154944832109e-02,-2.366832963461e-02,-2.824268118066e-02
4.445022654450e+01,2.324259795239e-02,-1.609989342622e-02,-2.593468660368e-02,2.342166725261e-02,-1.585065003980e-02,-2.574878132221e-02
4.445540179500e+01,3.457388976118e-02,-8.466148869253e-03,-2.339368784251e-02,3.474272227876e-02,-8.225321870044e-03,-2.320664963107e-02
4.446057704550e+01,4.529922523399e-02,-1.062678917178e-03,-2.081838970991e-02,4.545707836353e-02,-8.313706712250e-04,-2.063115395308e-02
4.446575229600e+01,5.536591206814e-02,6.072637851832e-03,-1.822373450474e-02,5.551209403308e-02,6.293371626914e-03,-1.803723191280e-02
4.447092754650e+01,6.472436747510e-02,1.290327064681e-02,-1.562467418152e-02,6.485824013747e-02,1.311242521306e-02,-1.543982688719e-02
4.447610279700e+01,7.332832433676e-02,1.939418953317e-02,-1.303610633272e-02,7.344930578713e-02,1.959081525246e-02,-1.285382402779e-02
4.448127804750e+01,8.113502372276e-02,2.551201226152e-02,-1.047281046181e-02,8.124259064026e-02,2.569521848833e-02,-1.029398658918e-02
4.448645329800e+01,8.810539299866e-02,3.122514426738e-02,-7.949384803927e-03,8.819908277152e-02,3.139410299862e-02,-7.774892820239e-03
4.449162854850e+01,9.420420881202e-02,3.650391128069e-02,-5.480183948570e-03,9.428362141022e-02,3.665786054791e-02,-5.310873672523e-03
4.449680379900e+01,9.940024430386e-02,4.132068401318e-02,-3.079257515608e-03,9.946504389654e-02,4.145893100383e-02,-2.915951576480e-03
4.450197904950e+01,1.036663999558e-01,4.564999442354e-02,-7.602901315515e-04,1.037163162670e-01,4.577191831874e-02,-6.037805321963e-04
4.450715430000e+01,1.069798175485e-01,4.946864309391e-02,1.463457052135e-03,1.070146469455e-01,4.957369761144e-02,1.612412244048e-03
4.451232955050e+01,1.093219767737e-01,5.275579728651e-02,3.579203063126e-03,1.093415830848e-01,5.284351291885e-02,3.719882882368e-03
4.451750480100e+01,1.106787741131e-01,5.549307928663e-02,5.574701806318e-03,1.106830891692e-01,5.556306522516e-02,5.706425403204e-03
4.452268005150e+01,1.110405836641e-01,5.766464467667e-02,7.438294535488e-03,1.110296075654e-01,5.771659041442e-02,7.560424022687e-03
4.452785530200e+01,1.104022996706e-01,5.925725022644e-02,9.158959887066e-03,1.103761007736e-01,5.929092683290e-02,9.270903008813e-03
4.453303055250e+01,1.087633605820e-01,6.026031112589e-02,1.072636127426e-02,1.087220752102e-01,6.027557218880e-02,1.082757388718e-02
4.453820580300e+01,1.061277545445e-01,6.066594732914e-02,1.213089145038e-02,1.060715864216e-01,6.066272955961e-02,1.222087980604e-02
4.454338105350e+01,1.025040062981e-01,6.046901882215e-02,1.336371406142e-02,1.024332257071e-01,6.044734232063e-02,1.344203688142e-02
4.454855630400e+01,9.790514552875e-02,5.966714967039e-02,1.441680202017e-02,9.782008820002e-02,5.962711785233e-02,1.448307235548e-02
4.455373155450e+01,9.234865679746e-02,5.826074074751e-02,1.528297254647e-02,9.224972253040e-02,5.820253992915e-02,1.533685941354e-02
4.455890680500e+01,8.585641124400e-02,5.625297109130e-02,1.595591873205e-02,8.574406226744e-02,5.617686973717e-02,1.599714851910e-02
4.456408205550e+01,7.845458033288e-02,5.364978787843e-02,1.643023750164e-02,7.832933941100e-02,5.355613551352e-02,1.645859513949e-02
4.456925730600e+01,7.017353198228e-02,5.045988505493e-02,1.670145385700e-02,7.003598027365e-02,5.034911084589e-02,1.671678374975e-02
4.457443255650e+01,6.104770948666e-02,4.669467070436e-02,1.676604130489e-02,6.089848416472e-02,4.656728171535e-02,1.676824801663e-02
4.457960780700e+01,5.111549371185e-02,4.236822328084e-02,1.662143838561e-02,5.095528535647e-02,4.222480241097e-02,1.661048708042e-02
4.458478305750e+01,4.041904910875e-02,3.749723687816e-02,1.626606123387e-02,4.024859887921e-02,3.733844048876e-02,1.624197786730e-02
4.458995830800e+01,2.900415415590e-02,3.210095575028e-02,1.569931212004e-02,2.882425075661e-02,3.192751099137e-02,1.566218338123e-02
4.459513355850e+01,1.692001690346e-02,2.620109834102e-02,1.492158393551e-02,1.673149335435e-02,2.601380018770e-02,1.487155694015e-02
4.460030880900e+01,4.219076350571e-03,1.982177112292e-02,1.393426060219e-02,4.022806575344e-03,1.962147913342e-02,1.387154233752e-02
4.460548405950e+01,-9.043209555263e-03,1.298937258569e-02,1.273971340253e-02,-9.246314309896e-03,1.277700739400e-02,1.266456992647e-02
4.461065931000e+01,-2.280858845486e-02,5.732487754175e-03,1.134129324254e-02,-2.301758335420e-02,5.509027311237e-03,1.125404864020e-02
4.461583456050e+01,-3.701624975782e-02,-1.918226346546e-03,9.743318876763e-03,-3.723016025392e-02,-2.151750768180e-03,9.644353978317e-03
4.462100981100e+01,-5.160307152796e-02,-9.930163825082e-03,7.951061139925e-03,-5.182089735836e-02,-1.017267184707e-02,7.840812005053e-03
4.462618506150e+01,-6.650387709227e-02,-1.826890116841e-02,5.970723246348e-03,-6.672459638712e-02,-1.851926772631e-02,5.849679421106e-03
4.463136031200e+01,-8.165170035243e-02,-2.689833607662e-02,3.809417233564e-03,-8.187427383330e-02,-2.715539602573e-02,3.678119786678e-03
4.463653556250e+01,-9.697805874340e-02,-3.578083333672e-02,1.475136642169e-03,-9.720143399723e-02,-3.604338622572e-02,1.334175988494e-03
4.464171081300e+01,-1.124132327525e-01,-4.487737715605e-02,-1.023274461067e-03,-1.126363485635e-01,-4.514419214940e-02,-1.173260941265e-03
4.464688606350e+01,-1.278865508863e-01,-5.414772935019e-02,-3.676155995192e-03,-1.281083416085e-01,-5.441755027978e-02,-3.834486531712e-03
4.465206131400e+01,-1.433266789495e-01,-6.355059275658e-02,-6.473069776371e-03,-1.435460789031e-01,-6.382214328238e-02,-6.639020969059e-03
4.465723656450e+01,-1.586619124847e-01,-7.304377922398e-02,-9.402840679117e-03,-1.588778603572e-01,-7.331576808310e-02,-9.575650431395e-03
4.466241181500e+01,-1.738204712046e-01,-8.258438150946e-02,-1.245360088502e-02,-1.740319144411e-01,-8.285550783268e-02,-1.263247149928e-02
4.466758706550e+01,-1.887307942461e-01,-9.212894839885e-02,-1.561283704420e-02,-1.889366934097e-01,-9.239790707359e-02,-1.579693846683e-02
4.467276231600e+01,-2.033218350651e-01,-1.016336623533e-01,-1.886744016304e-02,-2.035211681502e-01,-1.018991494114e-01,-1.905591336606e-02
4.467793756650e+01,-2.175233547963e-01,-1.110545189746e-01,-2.220375802073e-02,-2.177151214785e-01,-1.113152369831e-01,-2.239571850666e-02
4.468311281700e+01,-2.312662129071e-01,-1.203475075732e-01,-2.560764990710e-02,-2.314494387116e-01,-1.206021710078e-01,-2.580219132306e-02
4.468828806750e+01,-2.444826539827e-01,-1.294687921202e-01,-2.906454346467e-02,-2.446563943551e-01,-1.297161326981e-01,-2.926074131141e-02
4.469346331800e+01,-2.571065894972e-01,-1.383748918605e-01,-3.255949340972e-02,-2.572699337600e-01,-1.386136638130e-01,-3.275640883064e-02
4.469863856850e+01,-2.690738734421e-01,-1.470228608666e-01,-3.607724189911e-02,-2.692259486219e-01,-1.472518461293e-01,-3.627392553431e-02
4.470381381900e+01,-2.803225707104e-01,-1.553704658159e-01,-3.960228030325e-02,-2.804625452189e-01,-1.555884791161e-01,-3.979777619321e-02
4.470898906950e+01,-2.907932171585e-01,-1.633763612812e-01,-4.311891213978e-02,-2.909203043144e-01,-1.635822551020e-01,-4.331226166300e-02
4.471416432000e+01,-3.004290703056e-01,-1.710002618331e-01,-4.661131691774e-02,-3.005425316816e-01,-1.711929312346e-01,-4.680156274682e-02
4.471933957050e+01,-3.091763496623e-01,-1.782031102659e-01,-5.006361463824e-02,-3.092754982451e-01,-1.783814975440e-01,-5.024980469835e-02
4.472451482100e+01,-3.169844657232e-01,-1.849472412739e-01,-5.345993069485e-02,-3.170686688720e-01,-1.851103404376e-01,-5.364112210903e-02
4.472969007150e+01,-3.238062367014e-01,-1.911965399201e-01,-5.678446091528e-02,-3.238749188957e-01,-1.913434009698e-01,-5.695972392062e-02
4.473486532200e+01,-3.295980921331e-01,-1.969165942634e-01,-6.002153648510e-02,-3.296507374953e-01,-1.970463272534e-01,-6.018995830420e-02
4.474004057250e+01,-3.343202625274e-01,-2.020748415310e-01,-6.315568849444e-02,-3.343564171132e-01,-2.021866203980e-01,-6.331637714667e-02
4.474521582300e+01,-3.379369542971e-01,-2.066407072461e-01,-6.617171185030e-02,-3.379562281419e-01,-2.067337733912e-01,-6.632379988759e-02
4.475039107350e+01,-3.404165092588e-01,-2.105857367537e-01,-6.905472829893e-02,-3.404185781733e-01,-2.106594023604e-01,-6.919737645110e-02
4.475556632400e+01,-3.417315480542e-01,-2.138837186112e-01,-7.179024830653e-02,-3.417161551611e-01,-2.139373696876e-01,-7.192264902155e-02
4.476074157450e+01,-3.418590969072e-01,-2.165107993461e-01,-7.436423155064e-02,-3.418260539131e-01,-2.165438984795e-01,-7.448561241557e-02
4.476591682500e+01,-3.407806971965e-01,-2.184455891165e-01,-7.676314577995e-02,-3.407298853931e-01,-2.184576779272e-01,-7.687277280889e-02
4.477109207550e+01,-3.384824973906e-01,-2.196692578438e-01,-7.897402380657e-02,-3.384138683818e-01,-2.196599591299e-01,-7.907120458234e-02
4.477626732600e+01,-3.349553269630e-01,-2.201656214265e-01,-8.098451840210e-02,-3.348689031140e-01,-2.201346409901e-01,-8.106860505895e-02
4.478144257650e+01,-3.301947519749e-01,-2.199212176831e-01,-8.278295487678e-02,-3.300906265818e-01,-2.198683458299e-01,-8.285334691219e-02
4.478661782700e+01,-3.242011120854e-01,-2.189253717089e-01,-8.435838113022e-02,-3.240794492638e-01,-2.188504844163e-01,-8.441452803432e-02
4.479179307750e+01,-3.169795388225e-01,-2.171702503791e-01,-8.570061497190e-02,-3.168405731159e-01,-2.170733101263e-01,-8.574201866394e-02
4.479696832800e+01,-3.085399550221e-01,-2.146509057675e-01,-8.680028852035e-02,-3.083839907308e-01,-2.145319620250e-01,-8.682650558226e-02
4.480214357850e+01,-2.988970554160e-01,-2.113653072972e-01,-8.764888950127e-02,-2.987244656496e-01,-2.112244966724e-01,-8.765953319930e-02
4.480731882900e+01,-2.880702684250e-01,-2.073143624823e-01,-8.823879927712e-02,-2.878814938807e-01,-2.071519085220e-01,-8.823354136312e-02
4.481249407950e+01,-2.760836992854e-01,-2.025019261667e-01,-8.856332745322e-02,-2.758792467585e-01,-2.023181388148e-01,-8.854189973840e-02
4.481766933000e+01,-2.629660547154e-01,-1.969347982078e-01,-8.861674291905e-02,-2.627464953455e-01,-1.967300729214e-01,-8.857893861348e-02
4.482284458050e+01,-2.487505493934e-01,-1.906227096025e-01,-8.839430119736e-02,-2.485165166550e-01,-1.903975261289e-01,-8.833997600982e-02
4.482801983100e+01,-2.334747946003e-01,-1.835782970946e-01,-8.789226798799e-02,-2.332269820438e-01,-1.833332179146e-01,-8.782134098132e-02
4.483319508150e+01,-2.171806694414e-01,-1.758170663522e-01,-8.710793880849e-02,-2.169198281943e-01,-1.755527347937e-01,-8.702039300701e-02
4.483837033200e+01,-1.999141751373e-01,-1.673573438445e-01,-8.603965464874e-02,-1.996411111746e-01,-1.670744818752e-01,-8.593553739481e-02
4.484354558250e+01,-1.817252729363e-01,-1.582202175947e-01,-8.468681357254e-02,-1.814408441308e-01,-1.579196233017e-01,-8.456623663068e-02
4.484872083300e+01,-1.626677062687e-01,-1.484294670301e-01,-8.304987821497e-02,-1.623728192324e-01,-1.481120117956e-01,-8.291301762273e-02
4.485389608350e+01,-1.427988078233e-01,-1.380114821899e-01,-8.113037914048e-02,-1.424944145529e-01,-1.376781075743e-01,-8.097747480649e-02
4.485907133400e+01,-1.221792922881e-01,-1.269951725984e-01,-7.893091404304e-02,-1.218663866263e-01,-1.266468869425e-01,-7.876226909329e-02
4.486424658450e+01,-1.008730355516e-01,-1.154118661475e-01,-7.645514278579e-02,-1.005526494793e-01,-1.150497409068e-01,-7.627112266062e-02
4.486942183500e+01,-7.894684121797e-02,-1.032951983738e-01,-7.370777829428e-02,-7.862004099055e-02,-1.029203641997e-01,-7.350880959917e-02
4.487459708550e+01,-5.647019533556e-02,-9.068099255550e-02,-7.069457333344e-02,-5.613807747929e-02,-9.029463513741e-02,-7.048114244796e-02
4.487977233600e+01,-3.351501028908e-02,-7.760713108588e-02,-6.742230321487e-02,-3.317869747257e-02,-7.721048677120e-02,-6.719495466488e-02
4.488494758650e+01,-1.015535884592e-02,-6.411341861954e-02,-6.389874449685e-02,-9.815995642915e-03,-6.370776982826e-02,-6.365807909609e-02
4.489012283700e+01,1.353280061260e-02,-5.024143751715e-02,-6.013264975543e-02,1.387405205246e-02,-4.982810796875e-02,-5.987932252348e-02
4.489529808750e+01,3.747190660907e-02,-3.603439614605e-02,-5.613371852024e-02,3.781387096474e-02,-3.561474591723e-02,-5.586843638492e-02
4.490047333800e+01,6.158308374063e-02,-2.153697062213e-02,-5.191256448407e-02,6.192457698235e-02,-2.111239105474e-02,-5.163608377679e-02
4.490564858850e+01,8.578643737897e-02,-6.795140604694e-03,-4.748067910964e-02,8.612627127147e-02,-6.367049083419e-03,-4.719380286349e-02
4.491082383900e+01,1.100013527544e-01,8.143980220701e-03,-4.285039177142e-02,1.103383393831e-01,8.574145600297e-03,-4.255396683230e-02
4.491599908950e+01,1.341467972605e-01,2.323231831504e-02,-3.803482658396e-02,1.344797535634e-01,2.366310416758e-02,-3.772974054579e-02
4.492117434000e+01,1.581416248043e-01,3.842101843939e-02,-3.304785608123e-02,1.584693770908e-01,3.885096157865e-02,-3.273503405716e-02
4.492634959050e+01,1.819048810153e-01,5.366062509846e-02,-2.790405192407e-02,1.822262694558e-01,5.408825807268e-02,-2.758445316601e-02
4.493152484100e+01,2.053561081267e-01,6.890126657007e-02,-2.261863282433e-02,2.056699911940e-01,6.932512322240e-02,-2.229324720395e-02
4.493670009150e+01,2.284156483402e-01,8.409284080630e-02,-1.720740988555e-02,2.287209071865e-01,8.451146183825e-02,-1.687725425033e-02
4.494187534200e+01,2.510049444927e-01,9.918520248401e-02,-1.168672957013e-02,2.513004872436e-01,9.959714100055e-02,-1.135284398852e-02
4.494705059250e+01,2.730468368514e-01,1.141283504781e-01,-6.073414512351e-03,2.733316028018e-01,1.145321774924e-01,-5.736858422694e-03
4.495222584300e+01,2.944658548829e-01,1.288726150286e-01,-3.847024052310e-04,2.947388185769e-01,1.292669249052e-01,-4.655068318151e-05
4.495740109350e+01,3.151885028552e-01,1.433688438738e-01,5.361816803343e-03,3.154486780353e-01,1.437522596889e-01,5.700477843412e-03
4.496257634400e+01,3.351435381606e-01,1.575685866251e-01,1.114826516275e-02,3.353899815693e-01,1.579397654228e-01,1.148634181701e-02
4.496775159450e+01,3.542622412730e-01,1.714242766669e-01,1.695654217204e-02,3.544940562931e-01,1.717819145911e-01,1.729293743134e-02
4.497292684500e+01,3.724786762856e-01,1.848894098723e-01,2.276839117974e-02,3.726950164045e-01,1.852322471540e-01,2.310200883269e-02
4.497810209550e+01,3.897299410131e-01,1.979187194403e-01,2.856546647429e-02,3.899300130968e-01,1.982455452206e-01,2.889521521349e-02
4.498327734600e+01,4.059564056806e-01,2.104683461724e-01,3.432940080566e-02,4.061394730466e-01,2.107780031433e-01,3.465419832095e-02
4.498845259650e+01,4.211019392697e-01,2.224960035267e-01,4.004187307688e-02,4.212673245437e-01,2.227873923699e-01,4.036065011975e-02
4.499362784700e+01,4.351141226353e-01,2.339611368057e-01,4.568467594335e-02,4.352612103832e-01,2.342332204134e-01,4.599638034670e-02
4.499880309750e+01,4.479444475631e-01,2.448250758581e-01,5.123978305825e-02,4.480726866868e-01,2.450768833191e-01,5.154338369584e-02
4.500397834800e+01,4.595485009898e-01,2.550511807002e-01,5.668941570347e-02,4.596574068768e-01,2.552818110347e-01,5.698390637361e-02
4.500915359850e+01,4.698861336662e-01,2.646049794890e-01,6.201610854798e-02,4.699752900861e-01,2.648136051184e-01,6.230051176636e-02
