omega,loss_0,storage_0,Da_0,Db_0,loss_1,storage_1,Da_1,Db_1,loss_2,storage_2,Da_2,Db_2
1.000000000000e-03,6.666665587303e-03,2.099999733333e+01,4.760393890609e-02,4.763417322483e-02,1.333333250305e-03,2.099999970370e+01,4.761602495541e-02,4.762207181840e-02,3.000000000000e+03,1.000000000000e+00,1.666666620370e-04,6.000000166667e+03
1.018090604054e-03,6.787269554683e-03,2.099999723598e+01,4.760366573586e-02,4.763444701179e-02,1.357454051123e-03,2.099999969289e+01,4.761597028775e-02,4.762212654213e-02,2.946692551776e+03,1.000000000000e+00,1.696817624569e-04,5.893385273235e+03
1.036508478063e-03,6.910055318471e-03,2.099999713507e+01,4.760338762949e-02,4.763472575740e-02,1.382011211627e-03,2.099999968167e+01,4.761591463163e-02,4.762218225636e-02,2.894332331565e+03,1.000000000000e+00,1.727514078551e-04,5.788664835881e+03
1.055259542539e-03,7.035062348553e-03,2.099999703047e+01,4.760310449790e-02,4.763500955159e-02,1.407012625818e-03,2.099999967005e+01,4.761585796919e-02,4.762223897903e-02,2.842902507930e+03,1.000000000000e+00,1.758765849828e-04,5.685805191736e+03
1.074349825097e-03,7.162330828854e-03,2.099999692206e+01,4.760281625038e-02,4.763529848588e-02,1.432466330505e-03,2.099999965801e+01,4.761580028225e-02,4.762229672841e-02,2.792386548514e+03,1.000000000000e+00,1.790582984419e-04,5.584773276087e+03
1.093785462399e-03,7.291901670237e-03,2.099999680969e+01,4.760252279461e-02,4.763559265350e-02,1.458380507884e-03,2.099999964552e+01,4.761574155229e-02,4.762235552307e-02,2.742768214729e+03,1.000000000000e+00,1.822975710083e-04,5.485536611756e+03
1.113572702119e-03,7.423816523656e-03,2.099999669322e+01,4.760222403660e-02,4.763589214935e-02,1.484763488174e-03,2.099999963258e+01,4.761568176047e-02,4.762241538197e-02,2.694031556531e+03,1.000000000000e+00,1.855954439602e-04,5.388063298657e+03
1.133717904959e-03,7.558117793554e-03,2.099999657249e+01,4.760191988066e-02,4.763619707005e-02,1.511623752291e-03,2.099999961917e+01,4.761562088760e-02,4.762247632437e-02,2.646160907293e+03,1.000000000000e+00,1.889529774135e-04,5.292322003539e+03
1.154227546686e-03,7.694848651493e-03,2.099999644736e+01,4.760161022940e-02,4.763650751401e-02,1.538969934575e-03,2.099999960526e+01,4.761555891414e-02,4.762253836989e-02,2.599140878774e+03,1.000000000000e+00,1.923712506620e-04,5.198281949920e+03
1.175108220222e-03,7.834053050013e-03,2.099999631766e+01,4.760129498366e-02,4.763682358138e-02,1.566810825568e-03,2.099999959085e+01,4.761549582021e-02,4.762260153852e-02,2.552956356167e+03,1.000000000000e+00,1.958513625246e-04,5.105912908186e+03
1.196366637755e-03,7.975775736779e-03,2.099999618322e+01,4.760097404250e-02,4.763714537418e-02,1.595155374833e-03,2.099999957591e+01,4.761543158556e-02,4.762266585059e-02,2.507592493243e+03,1.000000000000e+00,1.993944316982e-04,5.015185185880e+03
1.218009632902e-03,8.120062268959e-03,2.099999604387e+01,4.760064730315e-02,4.763747299625e-02,1.624012693840e-03,2.099999956043e+01,4.761536618958e-02,4.762273132682e-02,2.463034707577e+03,1.000000000000e+00,2.030015971180e-04,4.926069618155e+03
1.240044162905e-03,8.266959027868e-03,2.099999589944e+01,4.760031466102e-02,4.763780655334e-02,1.653392058886e-03,2.099999954438e+01,4.761529961128e-02,4.762279798829e-02,2.419268675861e+03,1.000000000000e+00,2.066740183229e-04,4.838537558396e+03
1.262477310866e-03,8.416513233873e-03,2.099999574974e+01,4.759997600960e-02,4.763814615310e-02,1.683302914085e-03,2.099999952775e+01,4.761523182931e-02,4.762286585648e-02,2.376280329302e+03,1.000000000000e+00,2.104128758285e-04,4.752560869017e+03
1.285316288024e-03,8.568772961576e-03,2.099999559457e+01,4.759963124051e-02,4.763849190517e-02,1.713754874397e-03,2.099999951051e+01,4.761516282192e-02,4.762293495323e-02,2.334055849096e+03,1.000000000000e+00,2.142193715068e-04,4.668111912411e+03
1.308568436075e-03,8.723787155269e-03,2.099999543373e+01,4.759928024339e-02,4.763884392116e-02,1.744757728723e-03,2.099999949264e+01,4.761509256696e-02,4.762300530081e-02,2.292581661987e+03,1.000000000000e+00,2.180947289721e-04,4.585163542068e+03
1.332241229530e-03,8.881605644650e-03,2.099999526702e+01,4.759892290589e-02,4.763920231472e-02,1.776321443049e-03,2.099999947411e+01,4.761502104191e-02,4.762307692187e-02,2.251844435905e+03,1.000000000000e+00,2.220401939746e-04,4.503689093851e+03
1.356342278118e-03,9.042279160871e-03,2.099999509423e+01,4.759855911365e-02,4.763956720157e-02,1.808456163651e-03,2.099999945491e+01,4.761494822380e-02,4.762314983948e-02,2.211831075681e+03,1.000000000000e+00,2.260570348010e-04,4.423662377418e+03
1.380879329233e-03,9.205859352813e-03,2.099999491513e+01,4.759818875027e-02,4.763993869953e-02,1.841172220356e-03,2.099999943501e+01,4.761487408929e-02,4.762322407714e-02,2.172528718832e+03,1.000000000000e+00,2.301465426819e-04,4.345057667810e+03
1.405860270425e-03,9.372398803706e-03,2.099999472949e+01,4.759781169724e-02,4.764031692856e-02,1.874480129864e-03,2.099999941439e+01,4.761479861460e-02,4.762329965874e-02,2.133924731434e+03,1.000000000000e+00,2.343100322069e-04,4.267849697178e+03
1.431293131932e-03,9.541951048027e-03,2.099999453707e+01,4.759742783390e-02,4.764070201083e-02,1.908390599126e-03,2.099999939301e+01,4.761472177550e-02,4.762337660865e-02,2.096006704056e+03,1.000000000000e+00,2.385488417473e-04,4.192013646661e+03
1.457186089268e-03,9.714570588706e-03,2.099999433763e+01,4.759703703747e-02,4.764109407070e-02,1.942914528787e-03,2.099999937085e+01,4.761464354736e-02,4.762345495165e-02,2.058762447772e+03,1.000000000000e+00,2.428643338864e-04,4.117525138408e+03
1.483547465842e-03,9.890312914646e-03,2.099999413090e+01,4.759663918292e-02,4.764149323481e-02,1.978063016689e-03,2.099999934788e+01,4.761456390509e-02,4.762353471298e-02,2.022179990242e+03,1.000000000000e+00,2.472578958572e-04,4.044360227743e+03
1.510385735642e-03,1.006923451856e-02,2.099999391663e+01,4.759623414299e-02,4.764189963211e-02,2.013847361442e-03,2.099999932407e+01,4.761448282313e-02,4.762361591833e-02,1.986247571866e+03,1.000000000000e+00,2.517309399885e-04,3.972495395463e+03
1.537709525954e-03,1.025139291513e-02,2.099999369453e+01,4.759582178813e-02,4.764231339390e-02,2.050279066050e-03,2.099999929939e+01,4.761440027549e-02,4.762369859387e-02,1.950953642001e+03,1.000000000000e+00,2.562849041591e-04,3.901907540286e+03
1.565527620139e-03,1.043684665949e-02,2.099999346433e+01,4.759540198647e-02,4.764273465385e-02,2.087369841613e-03,2.099999927381e+01,4.761431623569e-02,4.762378276624e-02,1.916286855248e+03,1.000000000000e+00,2.609212522596e-04,3.832573971418e+03
1.593848960451e-03,1.062565536605e-02,2.099999322572e+01,4.759497460377e-02,4.764316354809e-02,2.125131611092e-03,2.099999924730e+01,4.761423067679e-02,4.762386846256e-02,1.882236067809e+03,1.000000000000e+00,2.656414746633e-04,3.764472401260e+03
1.622682650916e-03,1.081787972766e-02,2.099999297841e+01,4.759453950336e-02,4.764360021521e-02,2.163576513135e-03,2.099999921982e+01,4.761414357133e-02,4.762395571044e-02,1.848790333899e+03,1.000000000000e+00,2.704470887051e-04,3.697580938246e+03
1.652037960259e-03,1.101358153510e-02,2.099999272206e+01,4.759409654614e-02,4.764404479634e-02,2.202716905990e-03,2.099999919134e+01,4.761405489140e-02,4.762404453800e-02,1.815938902233e+03,1.000000000000e+00,2.753396391692e-04,3.631878079805e+03
1.681924324881e-03,1.121282369698e-02,2.099999245635e+01,4.759364559050e-02,4.764449743519e-02,2.242565371465e-03,2.099999916182e+01,4.761396460856e-02,4.762413497386e-02,1.783671212563e+03,1.000000000000e+00,2.803206987860e-04,3.567342705447e+03
1.712351351891e-03,1.141567025993e-02,2.099999218094e+01,4.759318649229e-02,4.764495827805e-02,2.283134718982e-03,2.099999913122e+01,4.761387269385e-02,4.762422704717e-02,1.751976892293e+03,1.000000000000e+00,2.853918687371e-04,3.503954069978e+03
1.743328822200e-03,1.162218642918e-02,2.099999189548e+01,4.759271910476e-02,4.764542747392e-02,2.324437989691e-03,2.099999909950e+01,4.761377911781e-02,4.762432078761e-02,1.720845753135e+03,1.000000000000e+00,2.905547791708e-04,3.441691796824e+03
1.774866693659e-03,1.183243858955e-02,2.099999159960e+01,4.759224327855e-02,4.764590517450e-02,2.366488460660e-03,2.099999906662e+01,4.761368385045e-02,4.762441622537e-02,1.690267787839e+03,1.000000000000e+00,2.958110897251e-04,3.380535871490e+03
1.806975104262e-03,1.204649432677e-02,2.099999129291e+01,4.759175886161e-02,4.764639153424e-02,2.409299649146e-03,2.099999903255e+01,4.761358686120e-02,4.762451339123e-02,1.660233166978e+03,1.000000000000e+00,3.011624900620e-04,3.320466635118e+03
1.839664375409e-03,1.226442244917e-02,2.099999097503e+01,4.759126569914e-02,4.764688671044e-02,2.452885316939e-03,2.099999899723e+01,4.761348811900e-02,4.762461231651e-02,1.630732235782e+03,1.000000000000e+00,3.066107004104e-04,3.261464778175e+03
1.872945015217e-03,1.248629300987e-02,2.099999064554e+01,4.759076363359e-02,4.764739086323e-02,2.497259474783e-03,2.099999896062e+01,4.761338759217e-02,4.762471303308e-02,1.601755511040e+03,1.000000000000e+00,3.121574721189e-04,3.203511334238e+03
1.906827721903e-03,1.271217732923e-02,2.099999030403e+01,4.759025250458e-02,4.764790415568e-02,2.542436386886e-03,2.099999892267e+01,4.761328524850e-02,4.762481557343e-02,1.573293678050e+03,1.000000000000e+00,3.178045882190e-04,3.146587673904e+03
1.941323387219e-03,1.294214801780e-02,2.099998995004e+01,4.758973214884e-02,4.764842675385e-02,2.588430575498e-03,2.099999888334e+01,4.761318105518e-02,4.762491997060e-02,1.545337587622e+03,1.000000000000e+00,3.235538639980e-04,3.090675498798e+03
1.976443099959e-03,1.317627899968e-02,2.099998958313e+01,4.758920240018e-02,4.764895882681e-02,2.635256825582e-03,2.099999884257e+01,4.761307497882e-02,4.762502625826e-02,1.517878253142e+03,1.000000000000e+00,3.294071475828e-04,3.035756835691e+03
2.012198149516e-03,1.341464553623e-02,2.099998920283e+01,4.758866308943e-02,4.764950054671e-02,2.682930189569e-03,2.099999880031e+01,4.761296698543e-02,4.762513447067e-02,1.490906847679e+03,1.000000000000e+00,3.353663205337e-04,2.981814030725e+03
2.048600029517e-03,1.365732425029e-02,2.099998880864e+01,4.758811404439e-02,4.765005208886e-02,2.731465992190e-03,2.099999875652e+01,4.761285704038e-02,4.762524464272e-02,1.464414701150e+03,1.000000000000e+00,3.414332984496e-04,2.928829743732e+03
2.085660441516e-03,1.390439315083e-02,2.099998840006e+01,4.758755508976e-02,4.765061363177e-02,2.780879835410e-03,2.099999871112e+01,4.761274510846e-02,4.762535680994e-02,1.438393297530e+03,1.000000000000e+00,3.476100315834e-04,2.876786942670e+03
2.123391298755e-03,1.415593165795e-02,2.099998797657e+01,4.758698604712e-02,4.765118535718e-02,2.831187603436e-03,2.099999866406e+01,4.761263115379e-02,4.762547100850e-02,1.412834272119e+03,1.000000000000e+00,3.538985054688e-04,2.825668898136e+03
2.161804729993e-03,1.441202062849e-02,2.099998753761e+01,4.758640673483e-02,4.765176745018e-02,2.882405467827e-03,2.099999861529e+01,4.761251513986e-02,4.762558727523e-02,1.387729408849e+03,1.000000000000e+00,3.603007415591e-04,2.775459177999e+03
2.200913083406e-03,1.467274238198e-02,2.099998708263e+01,4.758581696801e-02,4.765236009923e-02,2.934549892690e-03,2.099999856474e+01,4.761239702950e-02,4.762570564761e-02,1.363070637646e+03,1.000000000000e+00,3.668187978766e-04,2.726141642110e+03
2.240728930555e-03,1.493818072709e-02,2.099998661103e+01,4.758521655847e-02,4.765296349623e-02,2.987637639975e-03,2.099999851234e+01,4.761227678486e-02,4.762582616383e-02,1.338850031832e+03,1.000000000000e+00,3.734547696740e-04,2.677700437118e+03
2.281265070430e-03,1.520842098856e-02,2.099998612222e+01,4.758460531464e-02,4.765357783658e-02,3.041685774857e-03,2.099999845802e+01,4.761215436743e-02,4.762594886277e-02,1.315059805581e+03,1.000000000000e+00,3.802107901084e-04,2.630119991374e+03
2.322534533562e-03,1.548355003466e-02,2.099998561557e+01,4.758398304152e-02,4.765420331928e-02,3.096711671230e-03,2.099999840173e+01,4.761202973799e-02,4.762607378399e-02,1.291692311416e+03,1.000000000000e+00,3.870890309264e-04,2.583385009921e+03
2.364550586211e-03,1.576365630508e-02,2.099998509042e+01,4.758334954062e-02,4.765484014692e-02,3.152733017281e-03,2.099999834338e+01,4.761190285661e-02,4.762620096779e-02,1.268740037745e+03,1.000000000000e+00,3.940917031628e-04,2.537480469582e+03
2.407326734632e-03,1.604882983935e-02,2.099998454609e+01,4.758270460992e-02,4.765548852584e-02,3.209767821186e-03,2.099999828290e+01,4.761177368267e-02,4.762633045521e-02,1.246195606455e+03,1.000000000000e+00,4.012210578508e-04,2.492391614131e+03
2.450876729417e-03,1.633916230581e-02,2.099998398189e+01,4.758204804374e-02,4.765614866611e-02,3.267834416891e-03,2.099999822021e+01,4.761164217478e-02,4.762646228802e-02,1.224051770532e+03,1.000000000000e+00,4.084793867459e-04,2.448103949544e+03
2.495214569915e-03,1.663474703103e-02,2.099998339709e+01,4.758137963276e-02,4.765682078167e-02,3.326951470009e-03,2.099999815523e+01,4.761150829082e-02,4.762659650876e-02,1.202301411739e+03,1.000000000000e+00,4.158690230624e-04,2.404603239347e+03
2.540354508729e-03,1.693567902985e-02,2.099998279095e+01,4.758069916389e-02,4.765750509036e-02,3.387137983817e-03,2.099999808788e+01,4.761137198793e-02,4.762673316072e-02,1.180937538321e+03,1.000000000000e+00,4.233923422237e-04,2.361875500033e+03
2.586311056304e-03,1.724205503586e-02,2.099998216267e+01,4.758000642025e-02,4.765820181402e-02,3.448413305366e-03,2.099999801807e+01,4.761123322245e-02,4.762687228802e-02,1.159953282761e+03,1.000000000000e+00,4.310517626254e-04,2.319906996573e+03
2.633098985584e-03,1.755397353255e-02,2.099998151146e+01,4.757930118106e-02,4.765891117853e-02,3.510797131700e-03,2.099999794572e+01,4.761109194996e-02,4.762701393554e-02,1.139341899573e+03,1.000000000000e+00,4.388497464130e-04,2.278684237996e+03
2.680733336768e-03,1.787153478490e-02,2.099998083647e+01,4.757858322160e-02,4.765963341391e-02,3.574309516186e-03,2.099999787072e+01,4.761094812523e-02,4.762715814899e-02,1.119096763133e+03,1.000000000000e+00,4.467888002732e-04,2.238193973055e+03
2.729229422138e-03,1.819484087166e-02,2.099998013684e+01,4.757785231316e-02,4.766036875439e-02,3.638970874958e-03,2.099999779298e+01,4.761080170219e-02,4.762730497494e-02,1.099211365547e+03,1.000000000000e+00,4.548714762397e-04,2.198423185966e+03
2.778602830987e-03,1.852399571812e-02,2.099997941167e+01,4.757710822289e-02,4.766111743849e-02,3.704801993484e-03,2.099999771241e+01,4.761065263400e-02,4.762745446076e-02,1.079679314562e+03,1.000000000000e+00,4.631003725137e-04,2.159359092224e+03
2.828869434626e-03,1.885910512950e-02,2.099997866002e+01,4.757635071383e-02,4.766187970911e-02,3.771824033244e-03,2.099999762889e+01,4.761050087291e-02,4.762760665471e-02,1.060494331509e+03,1.000000000000e+00,4.714781342987e-04,2.120989134496e+03
2.880045391489e-03,1.920027682501e-02,2.099997788093e+01,4.757557954476e-02,4.766265581357e-02,3.840058538529e-03,2.099999754232e+01,4.761034637037e-02,4.762776160592e-02,1.041650249286e+03,1.000000000000e+00,4.800074546509e-04,2.083300978580e+03
2.932147152324e-03,1.954762047238e-02,2.099997707340e+01,4.757479447016e-02,4.766344600374e-02,3.909527443371e-03,2.099999745260e+01,4.761018907693e-02,4.762791936442e-02,1.023141010376e+03,1.000000000000e+00,4.886910753453e-04,2.046282509443e+03
2.985191465485e-03,1.990124772319e-02,2.099997623639e+01,4.757399524013e-02,4.766425053611e-02,3.980253078591e-03,2.099999735960e+01,4.761002894223e-02,4.762807998114e-02,1.004960664897e+03,1.000000000000e+00,4.975317877562e-04,2.009921827327e+03
3.039195382313e-03,2.026127224869e-02,2.099997536881e+01,4.757318160030e-02,4.766506967186e-02,4.052258178975e-03,2.099999726320e+01,4.760986591505e-02,4.762824350795e-02,9.871033686938e+02,1.000000000000e+00,5.065324337552e-04,1.974207243920e+03
3.094176262618e-03,2.062780977635e-02,2.099997446957e+01,4.757235329177e-02,4.766590367695e-02,4.125565890584e-03,2.099999716328e+01,4.760969994321e-02,4.762840999766e-02,9.695633814545e+02,1.000000000000e+00,5.156959066243e-04,1.939127278605e+03
3.150151780259e-03,2.100097812707e-02,2.099997353749e+01,4.757151005102e-02,4.766675282225e-02,4.200199778190e-03,2.099999705972e+01,4.760953097362e-02,4.762857950403e-02,9.523350648691e+02,1.000000000000e+00,5.250251519858e-04,1.904670654763e+03
3.207139928826e-03,2.138089725299e-02,2.099997257139e+01,4.757065160983e-02,4.766761738355e-02,4.276183832854e-03,2.099999695237e+01,4.760935895222e-02,4.762875208180e-02,9.354128808151e+02,1.000000000000e+00,5.345231687496e-04,1.870826296153e+03
3.265159027424e-03,2.176768927608e-02,2.099997157001e+01,4.756977769518e-02,4.766849764173e-02,4.353542479635e-03,2.099999684111e+01,4.760918382397e-02,4.762892778673e-02,9.187913895779e+02,1.000000000000e+00,5.441930100767e-04,1.837583323349e+03
3.324227726563e-03,2.216147852739e-02,2.099997053208e+01,4.756888802921e-02,4.766939388283e-02,4.432300585439e-03,2.099999672578e+01,4.760900553287e-02,4.762910667558e-02,9.024652481018e+02,1.000000000000e+00,5.540377843609e-04,1.804931050241e+03
3.384365014150e-03,2.256239158695e-02,2.099996945625e+01,4.756798232910e-02,4.767030639812e-02,4.512483467015e-03,2.099999660625e+01,4.760882402188e-02,4.762928880612e-02,8.864292082729e+02,1.000000000000e+00,5.640606562276e-04,1.772858980607e+03
3.445590221596e-03,2.297055732449e-02,2.099996834115e+01,4.756706030698e-02,4.767123548423e-02,4.594116899089e-03,2.099999648235e+01,4.760863923297e-02,4.762947423722e-02,8.706781152317e+02,1.000000000000e+00,5.742648475515e-04,1.741356804728e+03
3.507923030028e-03,2.338610694085e-02,2.099996718534e+01,4.756612166987e-02,4.767218144324e-02,4.677227122649e-03,2.099999635392e+01,4.760845110703e-02,4.762966302878e-02,8.552069057160e+02,1.000000000000e+00,5.846536384917e-04,1.710414396086e+03
3.571383476617e-03,2.380917401008e-02,2.099996598732e+01,4.756516611955e-02,4.767314458275e-02,4.761840853381e-03,2.099999622081e+01,4.760825958392e-02,4.762985524182e-02,8.400106064337e+02,1.000000000000e+00,5.952303685464e-04,1.680021808098e+03
3.635991961018e-03,2.423989452246e-02,2.099996474558e+01,4.756419335252e-02,4.767412521605e-02,4.847985290252e-03,2.099999608284e+01,4.760806460240e-02,4.763005093845e-02,8.250843324638e+02,1.000000000000e+00,6.059984376262e-04,1.650169270926e+03
3.701769251928e-03,2.467840692810e-02,2.099996345849e+01,4.756320305985e-02,4.767512366217e-02,4.935688124253e-03,2.099999593983e+01,4.760786610015e-02,4.763025018193e-02,8.104232856862e+02,1.000000000000e+00,6.169613071471e-04,1.620847188334e+03
3.768736493765e-03,2.512485218148e-02,2.099996212442e+01,4.756219492714e-02,4.767614024601e-02,5.024977547301e-03,2.099999579160e+01,4.760766401370e-02,4.763045303665e-02,7.960227532393e+02,1.000000000000e+00,6.281225011426e-04,1.592046134601e+03
3.836915213458e-03,2.557937378671e-02,2.099996074165e+01,4.756116863437e-02,4.767717529844e-02,5.115882261298e-03,2.099999563796e+01,4.760745827848e-02,4.763065956821e-02,7.818781060049e+02,1.000000000000e+00,6.394856073971e-04,1.563756851495e+03
3.906327327374e-03,2.604211784366e-02,2.099995930839e+01,4.756012385587e-02,4.767822915640e-02,5.208431487353e-03,2.099999547870e+01,4.760724882872e-02,4.763086984337e-02,7.679847971206e+02,1.000000000000e+00,6.510542785988e-04,1.535970245295e+03
3.976995148359e-03,2.651323309490e-02,2.099995782280e+01,4.755906026014e-02,4.767930216307e-02,5.302654975180e-03,2.099999531364e+01,4.760703559751e-02,4.763108393012e-02,7.543383605176e+02,1.000000000000e+00,6.628322335134e-04,1.508677383867e+03
4.048941392914e-03,2.699287097347e-02,2.099995628298e+01,4.755797750982e-02,4.768039466791e-02,5.398583012652e-03,2.099999514255e+01,4.760681851670e-02,4.763130189770e-02,7.409344094855e+02,1.000000000000e+00,6.748232581801e-04,1.481869493794e+03
4.122189188491e-03,2.748118565154e-02,2.099995468694e+01,4.755687526154e-02,4.768150702683e-02,5.496246435541e-03,2.099999496521e+01,4.760659751695e-02,4.763152381660e-02,7.277686352620e+02,1.000000000000e+00,6.870312071282e-04,1.455537957555e+03
4.196762080937e-03,2.797833408995e-02,2.099995303264e+01,4.755575316584e-02,4.768263960230e-02,5.595676637424e-03,2.099999478140e+01,4.760637252767e-02,4.763174975859e-02,7.148368056477e+02,1.000000000000e+00,6.994600046158e-04,1.429674310755e+03
4.272684042052e-03,2.848447608863e-02,2.099995131794e+01,4.755461086706e-02,4.768379276345e-02,5.696905579776e-03,2.099999459087e+01,4.760614347697e-02,4.763197979677e-02,7.021347636459e+02,1.000000000000e+00,7.121136458915e-04,1.404270239405e+03
4.349979477306e-03,2.899977433793e-02,2.099994954063e+01,4.755344800322e-02,4.768496688622e-02,5.799965802237e-03,2.099999439340e+01,4.760591029172e-02,4.763221400555e-02,6.896584261262e+02,1.000000000000e+00,7.249961984786e-04,1.379317577249e+03
4.428673233673e-03,2.952439447091e-02,2.099994769844e+01,4.755226420593e-02,4.768616235349e-02,5.904890433075e-03,2.099999418871e+01,4.760567289746e-02,4.763245246073e-02,6.774037825120e+02,1.000000000000e+00,7.381118034820e-04,1.354808303136e+03
4.508790607629e-03,3.005850511650e-02,2.099994578900e+01,4.755105910027e-02,4.768737955518e-02,6.011713199827e-03,2.099999397655e+01,4.760543121837e-02,4.763269523945e-02,6.653668934911e+02,1.000000000000e+00,7.514646769198e-04,1.330734538447e+03
4.590357353274e-03,3.060227795376e-02,2.099994380985e+01,4.754983230466e-02,4.768861888843e-02,6.120468440145e-03,2.099999375664e+01,4.760518517731e-02,4.763294242030e-02,6.535438897497e+02,1.000000000000e+00,7.650591110779e-04,1.307088544558e+03
4.673399690620e-03,3.115588776690e-02,2.099994175844e+01,4.754858343078e-02,4.768988075769e-02,6.231191112822e-03,2.099999352870e+01,4.760493469573e-02,4.763319408327e-02,6.419309707281e+02,1.000000000000e+00,7.788994758902e-04,1.283862720356e+03
4.757944314009e-03,3.171951250154e-02,2.099993963213e+01,4.754731208340e-02,4.769116557487e-02,6.343916809036e-03,2.099999329245e+01,4.760467969368e-02,4.763345030984e-02,6.305244033997e+02,1.000000000000e+00,7.929902203424e-04,1.261049599790e+03
4.844018400706e-03,3.229333332180e-02,2.099993742820e+01,4.754601786034e-02,4.769247375951e-02,6.458681763781e-03,2.099999304757e+01,4.760442008980e-02,4.763371118295e-02,6.193205210705e+02,1.000000000000e+00,8.073358739029e-04,1.238641849477e+03
4.931649619624e-03,3.287753466854e-02,2.099993514381e+01,4.754470035226e-02,4.769380573887e-02,6.575522867513e-03,2.099999279374e+01,4.760415580123e-02,4.763397678709e-02,6.083157222002e+02,1.000000000000e+00,8.219410479775e-04,1.216632266341e+03
5.020866140226e-03,3.347230431855e-02,2.099993277602e+01,4.754335914261e-02,4.769516194814e-02,6.694477678006e-03,2.099999253065e+01,4.760388674367e-02,4.763424720825e-02,5.975064692453e+02,1.000000000000e+00,8.368104373927e-04,1.195013775301e+03
5.111696641578e-03,3.407783344490e-02,2.099993032179e+01,4.754199380745e-02,4.769654283052e-02,6.815584432423e-03,2.099999225796e+01,4.760361283127e-02,4.763452253403e-02,5.868892875211e+02,1.000000000000e+00,8.519488219038e-04,1.173779426991e+03
5.204170321566e-03,3.469431667831e-02,2.099992777795e+01,4.754060391536e-02,4.769794883744e-02,6.938882059597e-03,2.099999197531e+01,4.760333397667e-02,4.763480285360e-02,5.764607640853e+02,1.000000000000e+00,8.673610677316e-04,1.152922395532e+03
5.298316906284e-03,3.532195216971e-02,2.099992514125e+01,4.753918902731e-02,4.769938042865e-02,7.064410192547e-03,2.099999168234e+01,4.760305009095e-02,4.763508825779e-02,5.662175466405e+02,1.000000000000e+00,8.830521291261e-04,1.132435976333e+03
5.394166659589e-03,3.596094165380e-02,2.099992240828e+01,4.753774869649e-02,4.770083807243e-02,7.192209181213e-03,2.099999137868e+01,4.760276108357e-02,4.763537883907e-02,5.561563424569e+02,1.000000000000e+00,8.990270499592e-04,1.112313583941e+03
5.491750392829e-03,3.661149051391e-02,2.099991957554e+01,4.753628246822e-02,4.770232224573e-02,7.322320105417e-03,2.099999106393e+01,4.760246686241e-02,4.763567469160e-02,5.462739173137e+02,1.000000000000e+00,9.152909653457e-04,1.092548749918e+03
5.591099474750e-03,3.727380784791e-02,2.099991663938e+01,4.753478987981e-02,4.770383343432e-02,7.454784788067e-03,2.099999073769e+01,4.760216733365e-02,4.763597591127e-02,5.365670944594e+02,1.000000000000e+00,9.318491032933e-04,1.073135120768e+03
5.692245841575e-03,3.794810653538e-02,2.099991359603e+01,4.753327046038e-02,4.770537213299e-02,7.589645808598e-03,2.099999039953e+01,4.760186240185e-02,4.763628259572e-02,5.270327535906e+02,1.000000000000e+00,9.487067863834e-04,1.054066455888e+03
5.795222007274e-03,3.863460330594e-02,2.099991044157e+01,4.753172373078e-02,4.770693884569e-02,7.726946516648e-03,2.099999004904e+01,4.760155196983e-02,4.763659484438e-02,5.176678298492e+02,1.000000000000e+00,9.658694334816e-04,1.035336625568e+03
5.900061074014e-03,3.933351880889e-02,2.099990717194e+01,4.753014920340e-02,4.770853408572e-02,7.866731045991e-03,2.099998968574e+01,4.760123593867e-02,4.763691275850e-02,5.084693128370e+02,1.000000000000e+00,9.833425614792e-04,1.016939609017e+03
6.006796742799e-03,4.004507768398e-02,2.099990378295e+01,4.752854638206e-02,4.771015837590e-02,8.009044328716e-03,2.099998930919e+01,4.760091420770e-02,4.763723644118e-02,4.994342456479e+02,1.000000000000e+00,1.001131787066e-03,9.988694924276e+02
6.115463324307e-03,4.076950863363e-02,2.099990027023e+01,4.752691476183e-02,4.771181224876e-02,8.153932109666e-03,2.099998891888e+01,4.760058667443e-02,4.763756599740e-02,4.905597239176e+02,1.000000000000e+00,1.019242828537e-03,9.811204670780e+02
6.226095749914e-03,4.150704449628e-02,2.099989662928e+01,4.752525382890e-02,4.771349624672e-02,8.301440961133e-03,2.099998851433e+01,4.760025323457e-02,4.763790153408e-02,4.818428948898e+02,1.000000000000e+00,1.037681507627e-03,9.636868274612e+02
6.338729582929e-03,4.225792232116e-02,2.099989285539e+01,4.752356306044e-02,4.771521092228e-02,8.451618297824e-03,2.099998809501e+01,4.759991378193e-02,4.763824316008e-02,4.732809564994e+02,1.000000000000e+00,1.056453751385e-03,9.465629694526e+02
6.453401030020e-03,4.302238344440e-02,2.099988894373e+01,4.752184192443e-02,4.771695683821e-02,8.604512392092e-03,2.099998766038e+01,4.759956820846e-02,4.763859098626e-02,4.648711564715e+02,1.000000000000e+00,1.075565594077e-03,9.297433885086e+02
6.570146952857e-03,4.380067356654e-02,2.099988488927e+01,4.752008987950e-02,4.771873456773e-02,8.760172389451e-03,2.099998720988e+01,4.759921640416e-02,4.763894512552e-02,4.566107914368e+02,1.000000000000e+00,1.095023179126e-03,9.132226778967e+02
6.689004879959e-03,4.459304283129e-02,2.099988068678e+01,4.751830637478e-02,4.772054469475e-02,8.918648324355e-03,2.099998674293e+01,4.759885825706e-02,4.763930569281e-02,4.484972060625e+02,1.000000000000e+00,1.114832761086e-03,8.969955269578e+02
6.810013018759e-03,4.539974590595e-02,2.099987633087e+01,4.751649084973e-02,4.772238781403e-02,9.079991136286e-03,2.099998625894e+01,4.759849365320e-02,4.763967280522e-02,4.405277921990e+02,1.000000000000e+00,1.135000707653e-03,8.810567193987e+02
6.933210267885e-03,4.622104206303e-02,2.099987181593e+01,4.751464273399e-02,4.772426453143e-02,9.244252686106e-03,2.099998575727e+01,4.759812247661e-02,4.764004658195e-02,4.326999880411e+02,1.000000000000e+00,1.155533501710e-03,8.654011316157e+02
7.058636229665e-03,4.705719526355e-02,2.099986713616e+01,4.751276144721e-02,4.772617546406e-02,9.411485772728e-03,2.099998523729e+01,4.759774460923e-02,4.764042714440e-02,4.250112773048e+02,1.000000000000e+00,1.176437743412e-03,8.500237310474e+02
7.186331222858e-03,4.790847424172e-02,2.099986228555e+01,4.751084639886e-02,4.772812124058e-02,9.581744150070e-03,2.099998469833e+01,4.759735993088e-02,4.764081461620e-02,4.174591884184e+02,1.000000000000e+00,1.197720152304e-03,8.349195745569e+02
7.316336295613e-03,4.877515259116e-02,2.099985725785e+01,4.750889698811e-02,4.773010250136e-02,9.755082544330e-03,2.099998413970e+01,4.759696831926e-02,4.764120912325e-02,4.100412937277e+02,1.000000000000e+00,1.219387569485e-03,8.200838068430e+02
7.448693238664e-03,4.965750885272e-02,2.099985204660e+01,4.750691260358e-02,4.773211989870e-02,9.931556671558e-03,2.099998356066e+01,4.759656964990e-02,4.764161079376e-02,4.027552087161e+02,1.000000000000e+00,1.241446959801e-03,8.055116588791e+02
7.583444598765e-03,5.055582660384e-02,2.099984664509e+01,4.750489262322e-02,4.773417409711e-02,1.011122325556e-02,2.099998296049e+01,4.759616379609e-02,4.764201975829e-02,3.955985912376e+02,1.000000000000e+00,1.263905414090e-03,7.911984463806e+02
7.720633692368e-03,5.147039454952e-02,2.099984104640e+01,4.750283641413e-02,4.773626577350e-02,1.029414004612e-02,2.099998233841e+01,4.759575062887e-02,4.764243614978e-02,3.885691407644e+02,1.000000000000e+00,1.286770151453e-03,7.771395682989e+02
7.860304619544e-03,5.240150661498e-02,2.099983524330e+01,4.750074333235e-02,4.773839561744e-02,1.048036583755e-02,2.099998169361e+01,4.759533001699e-02,4.764286010365e-02,3.816645976469e+02,1.000000000000e+00,1.310048521579e-03,7.633305053422e+02
8.002502278161e-03,5.334946203991e-02,2.099982922835e+01,4.749861272267e-02,4.774056433140e-02,1.066996048754e-02,2.099998102528e+01,4.759490182686e-02,4.764329175779e-02,3.748827423876e+02,1.000000000000e+00,1.333748007107e-03,7.497668185232e+02
8.147272378318e-03,5.431456547448e-02,2.099982299380e+01,4.749644391849e-02,4.774277263099e-02,1.086298493647e-02,2.099998033254e+01,4.759446592251e-02,4.764373125260e-02,3.682213949277e+02,1.000000000000e+00,1.357876226025e-03,7.364441477316e+02
8.294661457035e-03,5.529712707706e-02,2.099981653165e+01,4.749423624157e-02,4.774502124523e-02,1.105950122688e-02,2.099997961452e+01,4.759402216557e-02,4.764417873109e-02,3.616784139461e+02,1.000000000000e+00,1.382440934125e-03,7.233582103331e+02
8.444716893218e-03,5.629746261366e-02,2.099980983358e+01,4.749198900189e-02,4.774731091679e-02,1.125957252347e-02,2.099997887028e+01,4.759357041517e-02,4.764463433890e-02,3.552516961711e+02,1.000000000000e+00,1.407450027491e-03,7.105047997922e+02
8.597486922882e-03,5.731589355925e-02,2.099980289097e+01,4.748970149740e-02,4.774964240228e-02,1.146326313335e-02,2.099997809887e+01,4.759311052798e-02,4.764509822433e-02,3.489391757044e+02,1.000000000000e+00,1.432911545036e-03,6.978797843204e+02
8.753020654665e-03,5.835274720080e-02,2.099979569491e+01,4.748737301387e-02,4.775201647248e-02,1.167063852670e-02,2.099997729930e+01,4.759264235810e-02,4.764557053841e-02,3.427388233571e+02,1.000000000000e+00,1.458833671087e-03,6.854791055478e+02
8.911368085606e-03,5.940835674223e-02,2.099978823614e+01,4.748500282465e-02,4.775443391267e-02,1.188176535781e-02,2.099997647054e+01,4.759216575705e-02,4.764605143498e-02,3.366486459970e+02,1.000000000000e+00,1.485224738014e-03,6.732987772187e+02
9.072580117224e-03,6.048306141125e-02,2.099978050507e+01,4.748259019049e-02,4.775689552285e-02,1.209671148647e-02,2.099997561152e+01,4.759168057368e-02,4.764654107066e-02,3.306666859083e+02,1.000000000000e+00,1.512093228907e-03,6.613348839099e+02
9.236708571874e-03,6.157720656811e-02,2.099977249176e+01,4.748013435931e-02,4.775940211809e-02,1.231554599976e-02,2.099997472114e+01,4.759118665421e-02,4.764703960500e-02,3.247910201622e+02,1.000000000000e+00,1.539447780301e-03,6.495835797722e+02
9.403806209411e-03,6.269114381628e-02,2.099976418590e+01,4.747763456601e-02,4.776195452877e-02,1.253833923423e-02,2.099997379825e+01,4.759068384209e-02,4.764754720047e-02,3.190197599986e+02,1.000000000000e+00,1.567297184952e-03,6.380410872944e+02
9.573926744148e-03,6.382523111517e-02,2.099975557681e+01,4.747509003223e-02,4.776455360089e-02,1.276516279851e-02,2.099997284168e+01,4.759017197802e-02,4.764806402253e-02,3.133510502192e+02,1.000000000000e+00,1.595650394662e-03,6.267036960887e+02
9.747124862119e-03,6.497983289485e-02,2.099974665343e+01,4.747249996616e-02,4.776720019642e-02,1.299608959627e-02,2.099997185018e+01,4.758965089984e-02,4.764859023970e-02,3.077830685907e+02,1.000000000000e+00,1.624516523155e-03,6.155677616980e+02
9.923456238666e-03,6.615532017279e-02,2.099973740428e+01,4.746986356229e-02,4.776989519353e-02,1.323119384965e-02,2.099997082248e+01,4.758912044255e-02,4.764912602358e-02,3.023140252597e+02,1.000000000000e+00,1.653904849005e-03,6.046297044243e+02
1.010297755633e-02,6.735207067277e-02,2.099972781748e+01,4.746718000121e-02,4.777263948700e-02,1.347055112306e-02,2.099996975726e+01,4.758858043822e-02,4.764967154898e-02,2.969421621768e+02,1.000000000000e+00,1.683824818617e-03,5.938860081784e+02
1.028574652307e-02,6.857046894588e-02,2.099971788068e+01,4.746444844938e-02,4.777543398847e-02,1.371423834750e-02,2.099996865315e+01,4.758803071593e-02,4.765022699389e-02,2.916657525316e+02,1.000000000000e+00,1.714286049259e-03,5.833332193492e+02
1.047182189082e-02,6.981090649372e-02,2.099970758112e+01,4.746166805887e-02,4.777827962679e-02,1.396233384518e-02,2.099996750874e+01,4.758747110175e-02,4.765079253962e-02,2.864831001977e+02,1.000000000000e+00,1.745298332159e-03,5.729679456938e+02
1.066126347437e-02,7.107378189377e-02,2.099969690555e+01,4.745883796716e-02,4.778117734841e-02,1.421491735470e-02,2.099996632254e+01,4.758690141866e-02,4.765136837081e-02,2.813925391875e+02,1.000000000000e+00,1.776871635642e-03,5.627868552466e+02
1.085413217060e-02,7.235950092701e-02,2.099968584024e+01,4.745595729690e-02,4.778412811763e-02,1.447207005666e-02,2.099996509304e+01,4.758632148652e-02,4.765195467550e-02,2.763924331164e+02,1.000000000000e+00,1.809016108338e-03,5.527866752489e+02
1.105048997805e-02,7.366847670791e-02,2.099967437098e+01,4.745302515564e-02,4.778713291705e-02,1.473387459969e-02,2.099996381866e+01,4.758573112200e-02,4.765255164522e-02,2.714811746772e+02,1.000000000000e+00,1.841742082439e-03,5.429641910964e+02
1.125040001685e-02,7.500112981665e-02,2.099966248301e+01,4.745004063562e-02,4.779019274785e-02,1.500041512699e-02,2.099996249775e+01,4.758513013852e-02,4.765315947504e-02,2.666571851229e+02,1.000000000000e+00,1.875060077021e-03,5.333162453059e+02
1.145392654901e-02,7.635788843375e-02,2.099965016104e+01,4.744700281350e-02,4.779330863023e-02,1.527177730332e-02,2.099996112861e+01,4.758451834621e-02,4.765377836363e-02,2.619189137598e+02,1.000000000000e+00,1.908980801420e-03,5.238397365004e+02
1.166113499907e-02,7.773918847712e-02,2.099963738924e+01,4.744391075012e-02,4.779648160372e-02,1.554804834251e-02,2.099995970949e+01,4.758389555186e-02,4.765440851333e-02,2.572648374485e+02,1.000000000000e+00,1.943515158672e-03,5.145316184121e+02
1.187209197516e-02,7.914547374156e-02,2.099962415117e+01,4.744076349023e-02,4.779971272760e-02,1.582931703544e-02,2.099995823857e+01,4.758326155884e-02,4.765505013023e-02,2.526934601145e+02,1.000000000000e+00,1.978674249019e-03,5.053888989032e+02
1.208686529038e-02,8.057719604076e-02,2.099961042983e+01,4.743756006227e-02,4.780300308128e-02,1.611567377851e-02,2.099995671394e+01,4.758261616703e-02,4.765570342425e-02,2.482033122673e+02,1.000000000000e+00,2.014469373471e-03,4.964086390040e+02
1.230552398460e-02,8.203481535179e-02,2.099959620757e+01,4.743429947806e-02,4.780635376472e-02,1.640721060270e-02,2.099995513365e+01,4.758195917283e-02,4.765636860916e-02,2.437929505281e+02,1.000000000000e+00,2.050912037435e-03,4.875879519682e+02
1.252813834668e-02,8.351879996228e-02,2.099958146611e+01,4.743098073258e-02,4.780976589881e-02,1.670402120303e-02,2.099995349567e+01,4.758129036899e-02,4.765704590271e-02,2.394609571656e+02,1.000000000000e+00,2.088013954413e-03,4.789240023451e+02
1.275477993705e-02,8.502962662013e-02,2.099956618648e+01,4.742760280367e-02,4.781324062578e-02,1.700620096866e-02,2.099995179789e+01,4.758060954467e-02,4.765773552670e-02,2.352059396404e+02,1.000000000000e+00,2.125787049762e-03,4.704140050678e+02
1.298552161069e-02,8.656778068593e-02,2.099955034905e+01,4.742416465175e-02,4.781677910969e-02,1.731384701346e-02,2.099995003813e+01,4.757991648527e-02,4.765843770702e-02,2.310265301573e+02,1.000000000000e+00,2.164243464526e-03,4.620552245581e+02
1.322043754058e-02,8.813375628816e-02,2.099953393344e+01,4.742066521960e-02,4.782038253677e-02,1.762705820721e-02,2.099994821413e+01,4.757921097243e-02,4.765915267376e-02,2.269213852258e+02,1.000000000000e+00,2.203395559332e-03,4.538449738471e+02
1.345960324155e-02,8.972805648106e-02,2.099951691857e+01,4.741710343202e-02,4.782405211596e-02,1.794593520727e-02,2.099994632353e+01,4.757849278396e-02,4.765988066127e-02,2.228891852278e+02,1.000000000000e+00,2.243255918363e-03,4.457806137116e+02
1.370309559452e-02,9.135119340536e-02,2.099949928254e+01,4.741347819558e-02,4.782778907930e-02,1.827058049084e-02,2.099994436392e+01,4.757776169375e-02,4.766062190826e-02,2.189286339941e+02,1.000000000000e+00,2.283837353395e-03,4.378595518256e+02
1.395099287124e-02,9.300368845194e-02,2.099948100270e+01,4.740978839832e-02,4.783159468239e-02,1.860109838791e-02,2.099994233277e+01,4.757701747171e-02,4.766137665787e-02,2.150384583870e+02,1.000000000000e+00,2.325152907914e-03,4.300792419270e+02
1.420337475944e-02,9.468607242828e-02,2.099946205552e+01,4.740603290948e-02,4.783547020494e-02,1.893759511461e-02,2.099994022746e+01,4.757625988374e-02,4.766214515775e-02,2.112174078915e+02,1.000000000000e+00,2.367215861305e-03,4.224371829989e+02
1.446032238844e-02,9.639888572803e-02,2.099944241666e+01,4.740221057919e-02,4.783941695116e-02,1.928017880734e-02,2.099993804530e+01,4.757548869160e-02,4.766292766017e-02,2.074642542132e+02,1.000000000000e+00,2.410039733112e-03,4.149309184661e+02
1.472191835527e-02,9.814267850343e-02,2.099942206087e+01,4.739832023816e-02,4.784343625031e-02,1.962895955740e-02,2.099993578347e+01,4.757470365288e-02,4.766372442207e-02,2.037777908833e+02,1.000000000000e+00,2.453638287383e-03,4.075580354048e+02
1.498824675115e-02,9.991801084096e-02,2.099940096196e+01,4.739436069742e-02,4.784752945720e-02,1.998404944632e-02,2.099993343906e+01,4.757390452093e-02,4.766453570519e-02,2.001568328711e+02,1.000000000000e+00,2.498025537086e-03,4.003161637677e+02
1.525939318859e-02,1.017254529400e-01,2.099937909283e+01,4.739033074798e-02,4.785169795271e-02,2.034556258173e-02,2.099993100907e+01,4.757309104477e-02,4.766536177612e-02,1.966002162028e+02,1.000000000000e+00,2.543215748609e-03,3.932029756213e+02
1.553544482887e-02,1.035655852947e-01,2.099935642535e+01,4.738622916054e-02,4.785594314428e-02,2.071361513397e-02,2.099992849037e+01,4.757226296902e-02,4.766620290645e-02,1.931067975875e+02,1.000000000000e+00,2.589223446339e-03,3.862161843984e+02
1.581649041007e-02,1.054389988792e-01,2.099933293039e+01,4.738205468517e-02,4.786026646650e-02,2.108832537332e-02,2.099992587972e+01,4.757142003383e-02,4.766705937278e-02,1.896754540495e+02,1.000000000000e+00,2.636063417328e-03,3.793535441624e+02
1.610262027561e-02,1.073462953358e-01,2.099930857773e+01,4.737780605099e-02,4.786466938165e-02,2.146981370789e-02,2.099992317377e+01,4.757056197484e-02,4.766793145692e-02,1.863050825675e+02,1.000000000000e+00,2.683750716033e-03,3.726128488857e+02
1.639392640325e-02,1.092880871670e-01,2.099928333606e+01,4.737348196589e-02,4.786915338025e-02,2.185820272218e-02,2.099992036902e+01,4.756968852302e-02,4.766881944589e-02,1.829945997199e+02,1.000000000000e+00,2.732300669156e-03,3.659919317404e+02
1.669050243470e-02,1.112649979301e-01,2.099925717295e+01,4.736908111614e-02,4.787371998162e-02,2.225361721637e-02,2.099991746189e+01,4.756879940467e-02,4.766972363210e-02,1.797429413366e+02,1.000000000000e+00,2.781728880556e-03,3.594886644022e+02
1.699244370571e-02,1.132776624367e-01,2.099923005475e+01,4.736460216614e-02,4.787837073454e-02,2.265618424631e-02,2.099991444862e+01,4.756789434132e-02,4.767064431340e-02,1.765490621570e+02,1.000000000000e+00,2.832051236263e-03,3.531009563653e+02
1.729984727671e-02,1.153267269538e-01,2.099920194660e+01,4.736004375802e-02,4.788310721776e-02,2.306603316416e-02,2.099991132535e+01,4.756697304962e-02,4.767158179321e-02,1.734119354937e+02,1.000000000000e+00,2.883283909573e-03,3.468267542714e+02
1.761281196399e-02,1.174128494102e-01,2.099917281237e+01,4.735540451138e-02,4.788793104069e-02,2.348329565987e-02,2.099990808806e+01,4.756603524129e-02,4.767253638062e-02,1.703305529029e+02,1.000000000000e+00,2.935443366237e-03,3.406640412491e+02
1.793143837151e-02,1.195366996055e-01,2.099914261460e+01,4.735068302287e-02,4.789284384402e-02,2.390810580331e-02,2.099990473259e+01,4.756508062304e-02,4.767350839050e-02,1.673039238596e+02,1.000000000000e+00,2.988546369748e-03,3.346108362656e+02
1.825582892321e-02,1.216989594231e-01,2.099911131447e+01,4.734587786594e-02,4.789784730030e-02,2.434060008721e-02,2.099990125462e+01,4.756410889647e-02,4.767449814362e-02,1.643310754400e+02,1.000000000000e+00,3.042609986720e-03,3.286651934900e+02
1.858608789594e-02,1.239003230473e-01,2.099907887176e+01,4.734098759041e-02,4.790294311469e-02,2.478091747083e-02,2.099989764969e+01,4.756311975799e-02,4.767550596673e-02,1.614110520082e+02,1.000000000000e+00,3.097651592358e-03,3.228252016680e+02
1.892232145298e-02,1.261414971832e-01,2.099904524474e+01,4.733601072221e-02,4.790813302559e-02,2.522919942445e-02,2.099989391315e+01,4.756211289873e-02,4.767653219274e-02,1.585429149090e+02,1.000000000000e+00,3.153688876039e-03,3.170889835068e+02
1.926463767817e-02,1.284232012822e-01,2.099901039020e+01,4.733094576295e-02,4.791341880530e-02,2.568558997463e-02,2.099989004021e+01,4.756108800446e-02,4.767757716077e-02,1.557257421664e+02,1.000000000000e+00,3.210739846984e-03,3.114546950727e+02
1.961314661065e-02,1.307461677693e-01,2.099897426333e+01,4.732579118962e-02,4.791880226080e-02,2.615023575028e-02,2.099988602588e+01,4.756004475551e-02,4.767864121630e-02,1.529586281872e+02,1.000000000000e+00,3.268822840034e-03,3.059205251972e+02
1.996796028024e-02,1.331111422763e-01,2.099893681770e+01,4.732054545421e-02,4.792428523439e-02,2.662328602958e-02,2.099988186500e+01,4.755898282665e-02,4.767972471131e-02,1.502406834697e+02,1.000000000000e+00,3.327956521533e-03,3.004846948960e+02
2.032919274344e-02,1.355188838782e-01,2.099889800516e+01,4.731520698337e-02,4.792986960451e-02,2.710489278773e-02,2.099987755222e+01,4.755790188702e-02,4.768082800439e-02,1.475710343180e+02,1.000000000000e+00,3.388159895314e-03,2.951454567959e+02
2.069696012010e-02,1.379701653335e-01,2.099885777583e+01,4.730977417802e-02,4.793555728642e-02,2.759521074550e-02,2.099987308201e+01,4.755680160006e-02,4.768195146085e-02,1.449488225610e+02,1.000000000000e+00,3.449452308791e-03,2.899010945742e+02
2.107138063076e-02,1.404657733296e-01,2.099881607800e+01,4.730424541299e-02,4.794135023301e-02,2.809439741876e-02,2.099986844860e+01,4.755568162335e-02,4.768309545287e-02,1.423732052764e+02,1.000000000000e+00,3.511853459168e-03,2.847499224062e+02
2.145257463463e-02,1.430065087315e-01,2.099877285807e+01,4.729861903668e-02,4.794725043560e-02,2.860261316878e-02,2.099986364605e+01,4.755454160860e-02,4.768426035965e-02,1.398433545201e+02,1.000000000000e+00,3.575383399751e-03,2.796902844237e+02
2.184066466828e-02,1.455931868356e-01,2.099872806050e+01,4.729289337065e-02,4.795325992473e-02,2.912002125347e-02,2.099985866819e+01,4.755338120146e-02,4.768544656752e-02,1.373584570600e+02,1.000000000000e+00,3.640062546378e-03,2.747205541825e+02
2.223577548508e-02,1.482266376274e-01,2.099868162769e+01,4.728706670926e-02,4.795938077098e-02,2.964678787958e-02,2.099985350860e+01,4.755220004150e-02,4.768665447009e-02,1.349177141141e+02,1.000000000000e+00,3.705911683966e-03,2.698391341398e+02
2.263803409521e-02,1.509077060441e-01,2.099863349996e+01,4.728113731931e-02,4.796561508585e-02,3.018308225576e-02,2.099984816066e+01,4.755099776209e-02,4.768788446837e-02,1.325203410942e+02,1.000000000000e+00,3.772951973171e-03,2.650444551404e+02
2.304756980660e-02,1.536372522416e-01,2.099858361547e+01,4.727510343963e-02,4.797196502260e-02,3.072907664663e-02,2.099984261749e+01,4.754977399026e-02,4.768913697096e-02,1.301655673537e+02,1.000000000000e+00,3.841204957172e-03,2.603349759124e+02
2.346451426638e-02,1.564161518661e-01,2.099853191010e+01,4.726896328070e-02,4.797843277715e-02,3.128494642773e-02,2.099983687197e+01,4.754852834665e-02,4.769041239416e-02,1.278526359397e+02,1.000000000000e+00,3.910692568574e-03,2.557091825719e+02
2.388900150329e-02,1.592452963302e-01,2.099847831739e+01,4.726271502428e-02,4.798502058896e-02,3.185087014154e-02,2.099983091671e+01,4.754726044538e-02,4.769171116215e-02,1.255808033495e+02,1.000000000000e+00,3.981437136437e-03,2.511655881361e+02
2.432116797074e-02,1.621255930944e-01,2.099842276846e+01,4.725635682303e-02,4.799173074200e-02,3.242702955443e-02,2.099982474405e+01,4.754596989394e-02,4.769303370710e-02,1.233493392920e+02,1.000000000000e+00,4.053461393432e-03,2.467027320454e+02
2.476115259063e-02,1.650579659528e-01,2.099836519193e+01,4.724988680008e-02,4.799856556570e-02,3.301360971470e-02,2.099981834606e+01,4.754465629310e-02,4.769438046938e-02,1.211575264528e+02,1.000000000000e+00,4.126788483119e-03,2.423191796940e+02
2.520909679807e-02,1.680433553243e-01,2.099830551379e+01,4.724330304867e-02,4.800552743589e-02,3.361079901152e-02,2.099981171452e+01,4.754331923680e-02,4.769575189769e-02,1.190046602633e+02,1.000000000000e+00,4.201441967368e-03,2.380135219686e+02
2.566514458681e-02,1.710827185481e-01,2.099824365737e+01,4.723660363174e-02,4.801261877582e-02,3.421878923504e-02,2.099980484090e+01,4.754195831202e-02,4.769714844923e-02,1.168900486749e+02,1.000000000000e+00,4.277445833899e-03,2.337843747956e+02
2.612944255552e-02,1.741770301851e-01,2.099817954315e+01,4.722978658156e-02,4.801984205719e-02,3.483777563756e-02,2.099979771636e+01,4.754057309870e-02,4.769857058986e-02,1.148130119357e+02,1.000000000000e+00,4.354824503967e-03,2.296303786959e+02
2.660213995495e-02,1.773272823239e-01,2.099811308875e+01,4.722284989929e-02,4.802719980117e-02,3.546795699568e-02,2.099979033174e+01,4.753916316959e-02,4.770001879428e-02,1.127728823726e+02,1.000000000000e+00,4.433602840183e-03,2.255501983481e+02
2.708338873587e-02,1.805344848920e-01,2.099804420878e+01,4.721579155459e-02,4.803469457951e-02,3.610953567365e-02,2.099978267756e+01,4.753772809019e-02,4.770149354624e-02,1.107690041766e+02,1.000000000000e+00,4.513806154471e-03,2.215425221594e+02
2.757334359793e-02,1.837996659733e-01,2.099797281472e+01,4.720860948525e-02,4.804232901561e-02,3.676271768783e-02,2.099977474397e+01,4.753626741858e-02,4.770299533862e-02,1.088007331916e+02,1.000000000000e+00,4.595460216174e-03,2.176060618435e+02
2.807216203941e-02,1.871238721292e-01,2.099789881484e+01,4.720130159676e-02,4.805010578563e-02,3.742771277225e-02,2.099976652078e+01,4.753478070533e-02,4.770452467373e-02,1.068674367079e+02,1.000000000000e+00,4.678591260298e-03,2.137395520070e+02
2.858000440781e-02,1.905081687270e-01,2.099782211404e+01,4.719386576190e-02,4.805802761969e-02,3.810473444535e-02,2.099975799742e+01,4.753326749338e-02,4.770608206342e-02,1.049684932582e+02,1.000000000000e+00,4.763225995912e-03,2.099417497424e+02
2.909703395142e-02,1.939536402728e-01,2.099774261378e+01,4.718629982035e-02,4.806609730302e-02,3.879400007793e-02,2.099974916292e+01,4.753172731792e-02,4.770766802927e-02,1.031032924184e+02,1.000000000000e+00,4.849391614690e-03,2.062114342283e+02
2.962341687178e-02,1.974613907502e-01,2.099766021191e+01,4.717860157829e-02,4.807431767716e-02,3.949573096223e-02,2.099974000594e+01,4.753015970626e-02,4.770928310285e-02,1.012712346109e+02,1.000000000000e+00,4.937115799611e-03,2.025474063377e+02
3.015932237714e-02,2.010325439651e-01,2.099757480255e+01,4.717076880796e-02,4.808269164122e-02,4.021015238231e-02,2.099973051470e+01,4.752856417773e-02,4.771092782583e-02,9.947173091242e+01,1.000000000000e+00,5.026426733816e-03,1.989484882516e+02
3.070492273681e-02,2.046682438959e-01,2.099748627597e+01,4.716279924728e-02,4.809122215314e-02,4.093749368558e-02,2.099972067701e+01,4.752694024353e-02,4.771260275026e-02,9.770420286398e+01,1.000000000000e+00,5.117353109616e-03,1.954135230811e+02
3.126039333655e-02,2.083696550496e-01,2.099739451844e+01,4.715469059947e-02,4.809991223099e-02,4.167798835570e-02,2.099971048021e+01,4.752528740661e-02,4.771430843871e-02,9.596808228552e+01,1.000000000000e+00,5.209924137670e-03,1.919413744952e+02
3.182591273498e-02,2.121379628242e-01,2.099729941207e+01,4.714644053258e-02,4.810876495431e-02,4.243187408664e-02,2.099969991122e+01,4.752360516155e-02,4.771604546455e-02,9.426281109300e+01,1.000000000000e+00,5.304169556320e-03,1.885309263556e+02
3.240166272093e-02,2.159743738768e-01,2.099720083469e+01,4.713804667912e-02,4.811778346547e-02,4.319939285813e-02,2.099968895643e+01,4.752189299444e-02,4.771781441209e-02,9.258784111909e+01,1.000000000000e+00,5.400119641097e-03,1.851810823578e+02
3.298782837191e-02,2.198801164980e-01,2.099709865966e+01,4.712950663568e-02,4.812697097107e-02,4.398079101240e-02,2.099967760178e+01,4.752015038274e-02,4.771961587687e-02,9.094263393690e+01,1.000000000000e+00,5.497805214393e-03,1.818907656790e+02
3.358459811360e-02,2.238564409924e-01,2.099699275574e+01,4.712081796246e-02,4.813633074339e-02,4.477631933227e-02,2.099966583266e+01,4.751837679512e-02,4.772145046584e-02,8.932666068693e+01,1.000000000000e+00,5.597257655312e-03,1.786589186315e+02
3.419216378039e-02,2.279046200656e-01,2.099688298687e+01,4.711197818293e-02,4.814586612184e-02,4.558623312062e-02,2.099965363396e+01,4.751657169140e-02,4.772331879762e-02,8.773940190708e+01,1.000000000000e+00,5.698508909687e-03,1.754845023231e+02
3.481072067709e-02,2.320259492172e-01,2.099676921208e+01,4.710298478340e-02,4.815558051450e-02,4.641079228118e-02,2.099964098999e+01,4.751473452232e-02,4.772522150270e-02,8.618034736564e+01,1.000000000000e+00,5.801591500284e-03,1.723664963228e+02
3.544046764170e-02,2.362217471407e-01,2.099665128523e+01,4.709383521262e-02,4.816547739963e-02,4.725026140084e-02,2.099962788451e+01,4.751286472949e-02,4.772715922371e-02,8.464899589728e+01,1.000000000000e+00,5.906538537184e-03,1.693038983331e+02
3.608160710930e-02,2.404933561295e-01,2.099652905485e+01,4.708452688140e-02,4.817556032730e-02,4.810490983335e-02,2.099961430068e+01,4.751096174521e-02,4.772913261565e-02,8.314485524196e+01,1.000000000000e+00,6.013383728351e-03,1.662957238676e+02
3.673434517715e-02,2.448421424898e-01,2.099640236396e+01,4.707505716221e-02,4.818583292097e-02,4.897501178439e-02,2.099960022103e+01,4.750902499233e-02,4.773114234617e-02,8.166744188667e+01,1.000000000000e+00,6.122161390383e-03,1.633410059347e+02
3.739889167094e-02,2.492694969601e-01,2.099627104987e+01,4.706542338877e-02,4.819629887921e-02,4.986084639829e-02,2.099958562748e+01,4.750705388413e-02,4.773318909577e-02,8.021628091003e+01,1.000000000000e+00,6.232906459467e-03,1.604387947265e+02
3.807546021222e-02,2.537768351377e-01,2.099613494394e+01,4.705562285569e-02,4.820696197738e-02,5.076269784610e-02,2.099957050128e+01,4.750504782415e-02,4.773527355812e-02,7.879090582960e+01,1.000000000000e+00,6.345654502510e-03,1.575881573137e+02
3.876426828710e-02,2.583655979113e-01,2.099599387140e+01,4.704565281807e-02,4.821782606940e-02,5.168085541525e-02,2.099955482298e+01,4.750300620609e-02,4.773739644028e-02,7.739085845194e+01,1.000000000000e+00,6.460441728487e-03,1.547881773456e+02
3.946553731613e-02,2.630372519013e-01,2.099584765110e+01,4.703551049115e-02,4.822889508955e-02,5.261561360081e-02,2.099953857244e+01,4.750092841360e-02,4.773955846302e-02,7.601568872530e+01,1.000000000000e+00,6.577304999975e-03,1.520379547556e+02
4.017949272550e-02,2.677932899071e-01,2.099569609529e+01,4.702519304990e-02,4.824017305432e-02,5.356727219823e-02,2.099952172878e+01,4.749881382022e-02,4.774176036105e-02,7.466495459500e+01,1.000000000000e+00,6.696281844899e-03,1.493366054719e+02
4.090636401950e-02,2.726352313607e-01,2.099553900939e+01,4.701469762866e-02,4.825166406431e-02,5.453613639772e-02,2.099950427036e+01,4.749666178916e-02,4.774400288334e-02,7.333822186128e+01,1.000000000000e+00,6.817410468487e-03,1.466832611330e+02
4.164638485427e-02,2.775646227883e-01,2.099537619173e+01,4.700402132082e-02,4.826337230618e-02,5.552251688029e-02,2.099948617475e+01,4.749447167317e-02,4.774628679342e-02,7.203506403972e+01,1.000000000000e+00,6.940729765431e-03,1.440770688092e+02
4.239979311295e-02,2.825830382786e-01,2.099520743329e+01,4.699316117840e-02,4.827530205465e-02,5.652672991542e-02,2.099946741870e+01,4.749224281443e-02,4.774861286965e-02,7.075506222419e+01,1.000000000000e+00,7.066279332269e-03,1.415171907277e+02
4.316683098214e-02,2.876920799585e-01,2.099503251743e+01,4.698211421175e-02,4.828745767453e-02,5.754909746033e-02,2.099944797812e+01,4.748997454435e-02,4.775098190551e-02,6.949780495217e+01,1.000000000000e+00,7.194099479983e-03,1.390028040038e+02
4.394774502971e-02,2.928933784763e-01,2.099485121964e+01,4.697087738921e-02,4.829984362287e-02,5.858994726109e-02,2.099942782802e+01,4.748766618342e-02,4.775339470999e-02,6.826288807246e+01,1.000000000000e+00,7.324231246818e-03,1.365331003762e+02
4.474278628411e-02,2.981885934921e-01,2.099466330721e+01,4.695944763675e-02,4.831246445109e-02,5.964961295534e-02,2.099940694252e+01,4.748531704112e-02,4.775585210782e-02,6.704991461529e+01,1.000000000000e+00,7.456716411331e-03,1.341072859470e+02
4.555221031506e-02,3.035794141756e-01,2.099446853896e+01,4.694782183766e-02,4.832532480721e-02,6.072843417678e-02,2.099938529479e+01,4.748292641567e-02,4.775835493983e-02,6.585849466471e+01,1.000000000000e+00,7.591597505668e-03,1.317245809269e+02
4.637627731566e-02,3.090675597121e-01,2.099426666495e+01,4.693599683224e-02,4.833842943813e-02,6.182675666152e-02,2.099936285703e+01,4.748049359395e-02,4.776090406333e-02,6.468824523324e+01,1.000000000000e+00,7.728917829073e-03,1.293842193843e+02
4.721525218608e-02,3.146547798147e-01,2.099405742613e+01,4.692396941751e-02,4.835178319197e-02,6.294493235610e-02,2.099933960041e+01,4.747801785133e-02,4.776350035236e-02,6.353879013876e+01,1.000000000000e+00,7.868721461637e-03,1.270854489990e+02
4.806940461870e-02,3.203428552459e-01,2.099384055399e+01,4.691173634689e-02,4.836539102049e-02,6.408331952744e-02,2.099931549507e+01,4.747549845147e-02,4.776614469811e-02,6.240975988359e+01,1.000000000000e+00,8.011053278290e-03,1.248275308205e+02
4.893900918477e-02,3.261335983454e-01,2.099361577029e+01,4.689929432995e-02,4.837925798152e-02,6.524228287462e-02,2.099929051003e+01,4.747293464621e-02,4.776883800925e-02,6.130079153571e+01,1.000000000000e+00,8.155958963033e-03,1.226097390304e+02
4.982434542274e-02,3.320288535661e-01,2.099338278665e+01,4.688664003213e-02,4.839338924155e-02,6.642219364252e-02,2.099926461321e+01,4.747032567540e-02,4.777158121231e-02,6.021152861209e+01,1.000000000000e+00,8.303485023428e-03,1.204313607092e+02
5.072569792804e-02,3.380304980187e-01,2.099314130418e+01,4.687377007447e-02,4.840779007830e-02,6.762342973735e-02,2.099923777135e+01,4.746767076672e-02,4.777437525201e-02,5.914162096411e+01,1.000000000000e+00,8.453678805333e-03,1.182916956070e+02
5.164335644463e-02,3.441404420225e-01,2.099289101312e+01,4.686068103341e-02,4.842246588341e-02,6.884637584418e-02,2.099920994999e+01,4.746496913554e-02,4.777722109171e-02,5.809072466498e+01,1.000000000000e+00,8.606588507899e-03,1.161900559185e+02
5.257761595809e-02,3.503606296653e-01,2.099263159246e+01,4.684736944053e-02,4.843742216518e-02,7.009142354640e-02,2.099918111339e+01,4.746221998475e-02,4.778011971373e-02,5.705850189920e+01,1.000000000000e+00,8.762263198832e-03,1.141257660616e+02
5.352877679050e-02,3.566930393709e-01,2.099236270948e+01,4.683383178237e-02,4.845266455143e-02,7.135897144709e-02,2.099915122452e+01,4.745942250460e-02,4.778307211981e-02,5.604462085396e+01,1.000000000000e+00,8.920752829915e-03,1.120981624608e+02
5.449714469692e-02,3.631396844738e-01,2.099208401938e+01,4.682006450022e-02,4.846819879236e-02,7.264942529253e-02,2.099912024501e+01,4.745657587254e-02,4.778607933147e-02,5.504875561250e+01,1.000000000000e+00,9.082108252803e-03,1.101065933333e+02
5.548303096372e-02,3.697026138029e-01,2.099179516483e+01,4.680606398995e-02,4.848403076356e-02,7.396319809768e-02,2.099908813507e+01,4.745367925305e-02,4.778914239045e-02,5.407058604931e+01,1.000000000000e+00,9.246381235097e-03,1.081504184799e+02
5.648675250860e-02,3.763839122718e-01,2.099149577547e+01,4.679182660189e-02,4.850016646910e-02,7.530071027368e-02,2.099905485349e+01,4.745073179748e-02,4.779226235914e-02,5.310979772723e+01,1.000000000000e+00,9.413624476690e-03,1.062290090789e+02
5.750863198254e-02,3.831857014782e-01,2.099118546750e+01,4.677734864065e-02,4.851661204464e-02,7.666238975754e-02,2.099902035754e+01,4.744773264389e-02,4.779544032101e-02,5.216608179639e+01,1.000000000000e+00,9.583891626402e-03,1.043417474844e+02
5.854899787343e-02,3.901101403103e-01,2.099086384317e+01,4.676262636502e-02,4.853337376073e-02,7.804867214387e-02,2.099898460292e+01,4.744468091690e-02,4.779867738106e-02,5.123913489493e+01,1.000000000000e+00,9.757237298899e-03,1.024880270272e+02
5.960818461173e-02,3.971594255616e-01,2.099053049027e+01,4.674765598793e-02,4.855045802608e-02,7.946000081880e-02,2.099894754375e+01,4.744157572747e-02,4.780197466627e-02,5.032865905146e+01,1.000000000000e+00,9.933717091910e-03,1.006672518200e+02
6.068653267793e-02,4.043357925529e-01,2.099018498159e+01,4.673243367631e-02,4.856787139104e-02,8.089682709601e-02,2.099890913246e+01,4.743841617281e-02,4.780533332608e-02,4.943436158927e+01,1.000000000000e+00,1.011338760374e-02,9.887883656615e+01
6.178438871202e-02,4.116415157628e-01,2.098982687442e+01,4.671695555111e-02,4.858562055113e-02,8.235961035502e-02,2.099886931974e+01,4.743520133617e-02,4.780875453286e-02,4.855595503231e+01,1.000000000000e+00,1.029630645106e-02,9.712220637108e+01
6.290210562494e-02,4.190789094655e-01,2.098945570996e+01,4.670121768728e-02,4.860371235064e-02,8.384881818163e-02,2.099882805450e+01,4.743193028669e-02,4.781223948241e-02,4.769315701270e+01,1.000000000000e+00,1.048253228708e-02,9.539679655770e+01
6.404004271197e-02,4.266503283763e-01,2.098907101276e+01,4.668521611376e-02,4.862215378636e-02,8.536492651066e-02,2.099878528378e+01,4.742860207924e-02,4.781578939444e-02,4.684569018001e+01,1.000000000000e+00,1.067212481991e-02,9.370205248485e+01
6.519856576829e-02,4.343581683047e-01,2.098867229007e+01,4.666894681353e-02,4.864095201146e-02,8.690841977094e-02,2.099874095270e+01,4.742521575424e-02,4.781940551312e-02,4.601328211209e+01,1.000000000000e+00,1.086514483136e-02,9.203742936902e+01
6.637804720650e-02,4.422048668153e-01,2.098825903127e+01,4.665240572370e-02,4.866011433939e-02,8.847979103255e-02,2.099869500437e+01,4.742177033752e-02,4.782308910756e-02,4.519566522750e+01,1.000000000000e+00,1.106165419597e-02,9.040239210919e+01
6.757886617640e-02,4.501929038956e-01,2.098783070722e+01,4.663558873563e-02,4.867964824799e-02,9.007954215642e-02,2.099864737985e+01,4.741826484014e-02,4.782684147239e-02,4.439257669948e+01,1.000000000000e+00,1.126171590043e-02,8.879641511487e+01
6.880140868682e-02,4.583248026316e-01,2.098738676954e+01,4.661849169505e-02,4.869956138363e-02,9.170818394625e-02,2.099859801803e+01,4.741469825825e-02,4.783066392828e-02,4.360375837151e+01,1.000000000000e+00,1.146539406328e-02,8.721898213709e+01
7.004606772975e-02,4.666031298900e-01,2.098692664998e+01,4.660111040222e-02,4.871986156556e-02,9.336623630278e-02,2.099854685560e+01,4.741106957293e-02,4.783455782253e-02,4.282895667427e+01,1.000000000000e+00,1.167275395499e-02,8.566958610249e+01
7.131324340659e-02,4.750304970083e-01,2.098644975966e+01,4.658344061219e-02,4.874055679029e-02,9.505422838044e-02,2.099849382692e+01,4.740737774998e-02,4.783852452960e-02,4.206792254414e+01,1.000000000000e+00,1.188386201832e-02,8.414772895030e+01
7.260334305688e-02,4.836095604905e-01,2.098595548835e+01,4.656547803503e-02,4.876165523619e-02,9.677269874643e-02,2.099843886399e+01,4.740362173985e-02,4.784256545177e-02,4.132041134318e+01,1.000000000000e+00,1.209878588909e-02,8.265292147224e+01
7.391678138913e-02,4.923430227111e-01,2.098544320369e+01,4.654721833612e-02,4.878316526817e-02,9.852219554213e-02,2.099838189631e+01,4.739980047742e-02,4.784668201969e-02,4.058618278043e+01,1.000000000000e+00,1.231759441726e-02,8.118468315527e+01
7.525398061420e-02,5.012336326237e-01,2.098491225040e+01,4.652865713651e-02,4.880509544251e-02,1.003032766471e-01,2.099832285083e+01,4.739591288187e-02,4.785087569302e-02,3.986500083471e+01,1.000000000000e+00,1.254035768837e-02,7.974254202710e+01
7.661537058099e-02,5.102841864777e-01,2.098436194945e+01,4.650979001328e-02,4.882745451184e-02,1.021165098453e-01,2.099826165185e+01,4.739195785652e-02,4.785514796103e-02,3.915663367873e+01,1.000000000000e+00,1.276714704537e-02,7.832603450451e+01
7.800138891463e-02,5.194975285395e-01,2.098379159720e+01,4.649061249997e-02,4.885025143027e-02,1.039624729942e-01,2.099819822091e+01,4.738793428871e-02,4.785950034333e-02,3.846085360459e+01,1.000000000000e+00,1.299803511074e-02,7.693470524428e+01
7.941248115716e-02,5.288765518204e-01,2.098320046453e+01,4.647112008709e-02,4.887349535864e-02,1.058417541956e-01,2.099813247669e+01,4.738384104959e-02,4.786393439043e-02,3.777743695053e+01,1.000000000000e+00,1.323309580907e-02,7.556810699688e+01
8.084910091073e-02,5.384241988096e-01,2.098258779592e+01,4.645130822261e-02,4.889719567001e-02,1.077549519701e-01,2.099806433492e+01,4.737967699407e-02,4.786845168450e-02,3.710616402911e+01,1.000000000000e+00,1.347240438995e-02,7.422580046262e+01
8.231170998344e-02,5.481434622122e-01,2.098195280850e+01,4.643117231258e-02,4.892136195521e-02,1.097026754328e-01,2.099799370827e+01,4.737544096059e-02,4.787305384004e-02,3.644681905653e+01,1.000000000000e+00,1.371603745125e-02,7.290735415051e+01
8.380077853777e-02,5.580373856921e-01,2.098129469106e+01,4.641070772172e-02,4.894600402862e-02,1.116855444726e-01,2.099792050624e+01,4.737113177103e-02,4.787774250458e-02,3.579919008327e+01,1.000000000000e+00,1.396407296283e-02,7.161234423951e+01
8.531678524173e-02,5.681090646197e-01,2.098061260304e+01,4.638990977418e-02,4.897113193413e-02,1.137041899335e-01,2.099784463502e+01,4.736674823057e-02,4.788251935942e-02,3.516306892600e+01,1.000000000000e+00,1.421659029058e-02,7.034035444230e+01
8.686021742271e-02,5.783616468228e-01,2.097990567350e+01,4.636877375427e-02,4.899675595125e-02,1.157592537983e-01,2.099776599743e+01,4.736228912756e-02,4.788738612038e-02,3.453825110062e+01,1.000000000000e+00,1.447367022085e-02,6.909097587146e+01
8.843157122416e-02,5.887983333415e-01,2.097917299999e+01,4.634729490725e-02,4.902288660144e-02,1.178513893753e-01,2.099768449272e+01,4.735775323338e-02,4.789234453857e-02,3.392453575653e+01,1.000000000000e+00,1.473539498536e-02,6.786380690804e+01
9.003135176506e-02,5.994223791864e-01,2.097841364747e+01,4.632546844029e-02,4.904953465456e-02,1.199812614872e-01,2.099760001651e+01,4.735313930234e-02,4.789739640116e-02,3.332172561208e+01,1.000000000000e+00,1.500184828642e-02,6.665845307244e+01
9.166007330231e-02,6.102370940987e-01,2.097762664711e+01,4.630328952337e-02,4.907671113564e-02,1.221495466628e-01,2.099751246061e+01,4.734844607156e-02,4.790254353220e-02,3.272962689115e+01,1.000000000000e+00,1.527311532260e-02,6.547452689762e+01
9.331825939599e-02,6.212458433128e-01,2.097681099507e+01,4.628075329030e-02,4.910442733176e-02,1.243569333311e-01,2.099742171293e+01,4.734367226082e-02,4.790778779344e-02,3.214804926086e+01,1.000000000000e+00,1.554928281482e-02,6.431164780453e+01
9.500644307775e-02,6.324520483205e-01,2.097596565131e+01,4.625785483990e-02,4.913269479918e-02,1.266041220177e-01,2.099732765728e+01,4.733881657252e-02,4.791313108515e-02,3.157680577037e+01,1.000000000000e+00,1.583043903285e-02,6.316944197978e+01
9.672516702206e-02,6.438591876348e-01,2.097508953825e+01,4.623458923709e-02,4.916152537065e-02,1.288918255444e-01,2.099723017327e+01,4.733387769153e-02,4.791857534702e-02,3.101571279082e+01,1.000000000000e+00,1.611667382219e-02,6.204754225546e+01
9.847498372073e-02,6.554707975552e-01,2.097418153943e+01,4.621095151422e-02,4.919093116305e-02,1.312207692308e-01,2.099712913615e+01,4.732885428511e-02,4.792412255901e-02,3.046458995625e+01,1.000000000000e+00,1.640807863148e-02,6.094558799112e+01
1.002564556605e-01,6.672904729316e-01,2.097324049815e+01,4.618693667239e-02,4.922092458515e-02,1.335916910983e-01,2.099702441664e+01,4.732374500284e-02,4.792977474229e-02,2.992326010567e+01,1.000000000000e+00,1.670474654020e-02,5.986322495787e+01
1.020701555037e-01,6.793218679265e-01,2.097226521604e+01,4.616253968287e-02,4.925151834569e-02,1.360053420771e-01,2.099691588076e+01,4.731854847651e-02,4.793553396012e-02,2.939154922608e+01,1.000000000000e+00,1.700677228694e-02,5.880010522444e+01
1.039166662726e-01,6.915686967754e-01,2.097125445156e+01,4.613775548868e-02,4.928272546165e-02,1.384624862156e-01,2.099680338969e+01,4.731326332007e-02,4.794140231886e-02,2.886928639655e+01,1.000000000000e+00,1.731425229802e-02,5.775588704540e+01
1.057965815368e-01,7.040347345434e-01,2.097020691847e+01,4.611257900612e-02,4.931455926689e-02,1.409639008915e-01,2.099668679956e+01,4.730788812955e-02,4.794738196891e-02,2.835630373327e+01,1.000000000000e+00,1.762728471660e-02,5.673023475127e+01
1.077105056037e-01,7.167238178786e-01,2.096912128424e+01,4.608700512660e-02,4.934703342092e-02,1.435103770266e-01,2.099656596132e+01,4.730242148302e-02,4.795347510568e-02,2.785243633558e+01,1.000000000000e+00,1.794596943220e-02,5.572281864060e+01
1.096590537130e-01,7.296398457588e-01,2.096799616846e+01,4.606102871838e-02,4.938016191807e-02,1.461027193028e-01,2.099644072050e+01,4.729686194053e-02,4.795968397069e-02,2.735752223297e+01,1.000000000000e+00,1.827040811070e-02,5.473331487404e+01
1.116428522347e-01,7.427867802333e-01,2.096683014107e+01,4.603464462852e-02,4.941395909688e-02,1.487417463813e-01,2.099631091702e+01,4.729120804408e-02,4.796601085254e-02,2.687140233298e+01,1.000000000000e+00,1.860070422479e-02,5.376140537018e+01
1.136625388700e-01,7.561686471561e-01,2.096562172065e+01,4.600784768493e-02,4.944843964983e-02,1.514282911235e-01,2.099617638505e+01,4.728545831760e-02,4.797245808801e-02,2.639392037013e+01,1.000000000000e+00,1.893696308489e-02,5.280677770334e+01
1.157187628564e-01,7.697895369109e-01,2.096436937261e+01,4.598063269850e-02,4.948361863336e-02,1.541632008149e-01,2.099603695271e+01,4.727961126690e-02,4.797902806319e-02,2.592492285561e+01,1.000000000000e+00,1.927929187046e-02,5.186912500309e+01
1.178121851769e-01,7.836536051262e-01,2.096307150729e+01,4.595299446543e-02,4.951951147822e-02,1.569473373902e-01,2.099589244194e+01,4.727366537973e-02,4.798572321456e-02,2.546425902800e+01,1.000000000000e+00,1.962779966189e-02,5.094814585567e+01
1.199434787717e-01,7.977650733781e-01,2.096172647804e+01,4.592492776952e-02,4.955613400013e-02,1.597815776618e-01,2.099574266821e+01,4.726761912569e-02,4.799254603015e-02,2.501178080478e+01,1.000000000000e+00,1.998259747278e-02,5.004354420702e+01
1.221133287550e-01,8.121282298808e-01,2.096033257922e+01,4.589642738480e-02,4.959350241085e-02,1.626668135491e-01,2.099558744036e+01,4.726147095637e-02,4.799949905077e-02,2.456734273470e+01,1.000000000000e+00,2.034379828266e-02,4.915502926768e+01
1.243224326353e-01,8.267474301622e-01,2.095888804411e+01,4.586748807813e-02,4.963163332956e-02,1.656039523109e-01,2.099542656028e+01,4.725521930526e-02,4.800658487116e-02,2.413080195109e+01,1.000000000000e+00,2.071151707031e-02,4.828231541926e+01
1.265715005391e-01,8.416270977233e-01,2.095739104277e+01,4.583810461197e-02,4.967054379457e-02,1.685939167794e-01,2.099525982273e+01,4.724886258791e-02,4.801380614126e-02,2.370201812589e+01,1.000000000000e+00,2.108587084740e-02,4.742512212263e+01
1.288612554399e-01,8.567717246790e-01,2.095583967986e+01,4.580827174740e-02,4.971025127554e-02,1.716376455955e-01,2.099508701504e+01,4.724239920189e-02,4.802116556748e-02,2.328085342455e+01,1.000000000000e+00,2.146697869271e-02,4.658317382779e+01
1.311924333900e-01,8.721858723798e-01,2.095423199232e+01,4.577798424709e-02,4.975077368594e-02,1.747360934468e-01,2.099490791689e+01,4.723582752695e-02,4.802866591401e-02,2.286717246170e+01,1.000000000000e+00,2.185496178680e-02,4.575619988519e+01
1.335657837574e-01,8.878741720105e-01,2.095256594700e+01,4.574723687863e-02,4.979212939607e-02,1.778902313067e-01,2.099472229997e+01,4.722914592507e-02,4.803631000413e-02,2.246084225770e+01,1.000000000000e+00,2.224994344711e-02,4.494393445884e+01
1.359820694665e-01,9.038413251652e-01,2.095083943827e+01,4.571602441788e-02,4.983433724640e-02,1.811010466751e-01,2.099452992779e+01,4.722235274057e-02,4.804410072160e-02,2.206173219579e+01,1.000000000000e+00,2.265204916365e-02,4.414611644075e+01
1.384420672437e-01,9.200921043955e-01,2.094905028542e+01,4.568434165251e-02,4.987741656143e-02,1.843695438205e-01,2.099433055528e+01,4.721544630026e-02,4.805204101206e-02,2.166971398021e+01,1.000000000000e+00,2.306140663501e-02,4.336248936706e+01
1.409465678666e-01,9.366313537302e-01,2.094719623015e+01,4.565218338576e-02,4.992138716391e-02,1.876967440241e-01,2.099412392858e+01,4.720842491359e-02,4.806013388446e-02,2.128466159487e+01,1.000000000000e+00,2.347814580501e-02,4.259280133555e+01
1.434963764187e-01,9.534639891631e-01,2.094527493379e+01,4.561954444033e-02,4.996626938967e-02,1.910836858235e-01,2.099390978466e+01,4.720128687277e-02,4.806838241251e-02,2.090645126290e+01,1.000000000000e+00,2.390239889972e-02,4.183680492470e+01
1.460923125477e-01,9.705949991069e-01,2.094328397459e+01,4.558641966243e-02,5.001208410282e-02,1.945314252594e-01,2.099368785106e+01,4.719403045305e-02,4.807678973623e-02,2.053496140682e+01,1.000000000000e+00,2.433430046499e-02,4.109425711410e+01
1.487352107294e-01,9.880294448101e-01,2.094122084481e+01,4.555280392609e-02,5.005885271155e-02,1.980410361215e-01,2.099345784546e+01,4.718665391282e-02,4.808535906346e-02,2.017007260950e+01,1.000000000000e+00,2.477398740443e-02,4.036491920640e+01
1.514259205356e-01,1.005772460733e+00,2.093908294781e+01,4.551869213761e-02,5.010659718436e-02,2.016136101958e-01,2.099321947545e+01,4.717915549395e-02,4.809409367145e-02,1.981166757573e+01,1.000000000000e+00,2.522159901792e-02,3.964855675048e+01
1.541653069075e-01,1.023829254884e+00,2.093686759492e+01,4.548407924020e-02,5.015534006699e-02,2.052502575127e-01,2.099297243806e+01,4.717153342197e-02,4.810299690848e-02,1.945963109456e+01,1.000000000000e+00,2.567727704055e-02,3.894493946616e+01
1.569542504337e-01,1.042205109102e+00,2.093457200236e+01,4.544896021886e-02,5.020510449971e-02,2.089521065944e-01,2.099271641947e+01,4.716378590640e-02,4.811207219552e-02,1.911385000222e+01,1.000000000000e+00,2.614116568197e-02,3.825384117012e+01
1.597936476329e-01,1.060905379297e+00,2.093219328797e+01,4.541333010546e-02,5.025591423544e-02,2.127203047034e-01,2.099245109459e+01,4.715591114104e-02,4.812132302793e-02,1.877421314577e+01,1.000000000000e+00,2.661341166632e-02,3.757503970321e+01
1.626844112426e-01,1.079935495631e+00,2.092972846781e+01,4.537718398405e-02,5.030779365826e-02,2.165560180902e-01,2.099217612665e+01,4.714790730433e-02,4.813075297721e-02,1.844061134737e+01,1.000000000000e+00,2.709416427251e-02,3.690831685901e+01
1.656274705121e-01,1.099300962646e+00,2.092717445278e+01,4.534051699635e-02,5.036076780270e-02,2.204604322406e-01,2.099189116683e+01,4.713977255968e-02,4.814036569276e-02,1.811293736917e+01,1.000000000000e+00,2.758357537498e-02,3.625345831371e+01
1.686237715017e-01,1.119007359322e+00,2.092452804497e+01,4.530332434755e-02,5.041486237363e-02,2.244347521230e-01,2.099159585381e+01,4.713150505591e-02,4.815016490372e-02,1.779108587884e+01,1.000000000000e+00,2.808179948494e-02,3.561025355716e+01
1.716742773860e-01,1.139060339078e+00,2.092178593406e+01,4.526560131229e-02,5.047010376682e-02,2.284802024335e-01,2.099128981332e+01,4.712310292764e-02,4.816015442083e-02,1.747495341573e+01,1.000000000000e+00,2.858899379195e-02,3.497849582525e+01
1.747799687645e-01,1.159465629697e+00,2.091894469345e+01,4.522734324089e-02,5.052651909025e-02,2.325980278409e-01,2.099097265770e+01,4.711456429580e-02,4.817033813839e-02,1.716443835759e+01,1.000000000000e+00,2.910531820606e-02,3.435798203339e+01
1.779418439760e-01,1.180229033173e+00,2.091600077644e+01,4.518854556591e-02,5.058413618613e-02,2.367894932295e-01,2.099064398546e+01,4.710588726808e-02,4.818072003615e-02,1.685944088791e+01,1.000000000000e+00,2.963093540022e-02,3.374851271123e+01
1.811609194200e-01,1.201356425483e+00,2.091295051213e+01,4.514920380885e-02,5.064298365363e-02,2.410558839401e-01,2.099030338073e+01,4.709706993951e-02,4.819130418135e-02,1.655986296384e+01,1.000000000000e+00,3.016601085319e-02,3.314989193854e+01
1.844382298834e-01,1.222853756267e+00,2.090979010131e+01,4.510931358724e-02,5.070309087250e-02,2.453985060089e-01,2.098995041282e+01,4.708811039298e-02,4.820209473082e-02,1.626560828467e+01,1.000000000000e+00,3.071071289278e-02,3.256192728223e+01
1.877748288726e-01,1.244727048419e+00,2.090651561221e+01,4.506887062194e-02,5.076448802742e-02,2.498186864031e-01,2.098958463568e+01,4.707900669991e-02,4.821309593299e-02,1.597658226085e+01,1.000000000000e+00,3.126521273954e-02,3.198442973443e+01
1.911717889531e-01,1.266982397577e+00,2.090312297605e+01,4.502787074474e-02,5.082720613322e-02,2.543177732540e-01,2.098920558735e+01,4.706975692087e-02,4.822431213014e-02,1.569269198363e+01,1.000000000000e+00,3.182968455073e-02,3.141721365181e+01
1.946302020934e-01,1.289625971514e+00,2.089960798258e+01,4.498630990630e-02,5.089127706102e-02,2.588971360865e-01,2.098881278945e+01,4.706035910628e-02,4.823574776053e-02,1.541384619516e+01,1.000000000000e+00,3.240430546469e-02,3.086009669578e+01
1.981511800164e-01,1.312664009413e+00,2.089596627538e+01,4.494418418429e-02,5.095673356520e-02,2.635581660442e-01,2.098840574657e+01,4.705081129715e-02,4.824740736071e-02,1.513995525917e+01,1.000000000000e+00,3.298925564549e-02,3.031289977398e+01
2.017358545570e-01,1.336102821022e+00,2.089219334711e+01,4.490148979196e-02,5.102360931141e-02,2.683022761105e-01,2.098798394569e+01,4.704111152587e-02,4.825929556780e-02,1.487093113214e+01,1.000000000000e+00,3.358471832796e-02,2.977544698261e+01
2.053853780253e-01,1.359948785694e+00,2.088828453457e+01,4.485822308699e-02,5.109193890548e-02,2.731309013240e-01,2.098754685559e+01,4.703125781708e-02,4.827141712185e-02,1.460668733502e+01,1.000000000000e+00,3.419087986293e-02,2.924756554990e+01
2.091009235776e-01,1.384208351285e+00,2.088423501363e+01,4.481438058061e-02,5.116175792336e-02,2.780454989892e-01,2.098709392621e+01,4.702124818850e-02,4.828377686830e-02,1.434713892541e+01,1.000000000000e+00,3.480792976280e-02,2.872908578058e+01
2.128836855934e-01,1.408888032910e+00,2.088003979406e+01,4.476995894715e-02,5.123310294221e-02,2.830475488802e-01,2.098662458802e+01,4.701108065191e-02,4.829637976037e-02,1.409220247027e+01,1.000000000000e+00,3.543606074727e-02,2.821984100129e+01
2.167348800591e-01,1.433994411561e+00,2.087569371417e+01,4.472495503388e-02,5.130601157240e-02,2.881385534383e-01,2.098613825130e+01,4.700075321415e-02,4.830923086169e-02,1.384179601909e+01,1.000000000000e+00,3.607546878939e-02,2.771966750697e+01
2.206557449590e-01,1.459534132554e+00,2.087119143535e+01,4.467936587124e-02,5.138052249084e-02,2.933200379614e-01,2.098563430554e+01,4.699026387814e-02,4.832233534878e-02,1.359583907755e+01,1.000000000000e+00,3.672635316169e-02,2.722840450827e+01
2.246475406733e-01,1.485513903818e+00,2.086652743641e+01,4.463318868338e-02,5.145667547537e-02,2.985935507861e-01,2.098511211863e+01,4.697961064406e-02,4.833569851381e-02,1.335425258166e+01,1.000000000000e+00,3.738891648252e-02,2.674589407980e+01
2.287115503834e-01,1.511940494004e+00,2.086169600785e+01,4.458642089915e-02,5.153451144037e-02,3.039606634603e-01,2.098457103621e+01,4.696879151043e-02,4.834932576719e-02,1.311695887231e+01,1.000000000000e+00,3.806336476251e-02,2.627198110938e+01
2.328490804840e-01,1.538820730406e+00,2.085669124590e+01,4.453906016343e-02,5.161407247372e-02,3.094229709062e-01,2.098401038087e+01,4.695780447545e-02,4.836322264040e-02,1.288388167033e+01,1.000000000000e+00,3.874990745111e-02,2.580651324811e+01
2.370614610034e-01,1.566161496688e+00,2.085150704647e+01,4.449110434883e-02,5.169540187497e-02,3.149820915737e-01,2.098342945137e+01,4.694664753824e-02,4.837739478881e-02,1.265494605198e+01,1.000000000000e+00,3.944875748313e-02,2.534934086143e+01
2.413500460309e-01,1.593969730400e+00,2.084613709896e+01,4.444255156786e-02,5.177854419497e-02,3.206396675809e-01,2.098282752186e+01,4.693531870026e-02,4.839184799453e-02,1.243007842483e+01,1.000000000000e+00,4.016013132538e-02,2.490031698098e+01
2.457162141521e-01,1.622252420276e+00,2.084057487984e+01,4.439340018545e-02,5.186354527682e-02,3.263973648439e-01,2.098220384104e+01,4.692381596671e-02,4.840658816939e-02,1.220920650415e+01,1.000000000000e+00,4.088424902317e-02,2.445929725732e+01
2.501613688920e-01,1.651016603299e+00,2.083481364618e+01,4.434364883188e-02,5.195045229839e-02,3.322568731927e-01,2.098155763130e+01,4.691213734812e-02,4.842162135793e-02,1.199225928962e+01,1.000000000000e+00,4.162133424680e-02,2.402613991350e+01
2.546869391662e-01,1.680269361527e+00,2.082884642896e+01,4.429329641624e-02,5.203931381624e-02,3.382199064726e-01,2.098088808785e+01,4.690028086192e-02,4.843695374048e-02,1.177916704257e+01,1.000000000000e+00,4.237161433788e-02,2.360070569948e+01
2.592943797405e-01,1.710017818652e+00,2.082266602628e+01,4.424234214019e-02,5.213017981124e-02,3.442882026316e-01,2.098019437782e+01,4.688824453410e-02,4.845259163629e-02,1.156986126349e+01,1.000000000000e+00,4.313532035546e-02,2.318285784734e+01
2.639851716978e-01,1.740269136300e+00,2.081626499637e+01,4.419078551225e-02,5.222310173574e-02,3.504635237896e-01,2.097947563932e+01,4.687602640102e-02,4.846854150674e-02,1.136427467007e+01,1.000000000000e+00,4.391268712196e-02,2.277246202727e+01
2.687608229152e-01,1.771030510037e+00,2.080963565052e+01,4.413862636256e-02,5.231813256248e-02,3.567476562922e-01,2.097873098047e+01,4.686362451127e-02,4.848480995856e-02,1.116234117555e+01,1.000000000000e+00,4.470395326871e-02,2.236938630436e+01
2.736228685478e-01,1.802309165084e+00,2.080277004580e+01,4.408586485802e-02,5.241532683523e-02,3.631424107436e-01,2.097795947845e+01,4.685103692757e-02,4.850140374724e-02,1.096399586746e+01,1.000000000000e+00,4.550936128121e-02,2.197350109620e+01
2.785728715229e-01,1.834112351712e+00,2.079565997769e+01,4.403250151799e-02,5.251474072130e-02,3.696496220214e-01,2.097716017844e+01,4.683826172885e-02,4.851832978035e-02,1.076917498678e+01,1.000000000000e+00,4.632915754392e-02,2.158467913111e+01
2.836124230418e-01,1.866447340309e+00,2.078829697254e+01,4.397853723042e-02,5.261643206589e-02,3.762711492689e-01,2.097633209262e+01,4.682529701236e-02,4.853559512103e-02,1.057781590744e+01,1.000000000000e+00,4.716359238448e-02,2.120279540727e+01
2.887431430919e-01,1.899321416102e+00,2.078067227992e+01,4.392397326849e-02,5.272046044843e-02,3.830088758645e-01,2.097547419905e+01,4.681214089592e-02,4.855320699150e-02,1.038985711617e+01,1.000000000000e+00,4.801292011748e-02,2.082772715247e+01
2.939666809669e-01,1.932741873512e+00,2.077277686479e+01,4.386881130773e-02,5.282688724097e-02,3.898647093677e-01,2.097458544062e+01,4.679879152026e-02,4.857117277668e-02,1.020523819275e+01,1.000000000000e+00,4.887739908741e-02,2.045935378459e+01
2.992847157974e-01,1.966716010135e+00,2.076460139964e+01,4.381305344365e-02,5.293577566867e-02,3.968405814384e-01,2.097366472388e+01,4.678524705147e-02,4.858950002779e-02,1.002389979056e+01,1.000000000000e+00,4.975729171100e-02,2.009755687284e+01
3.046989570904e-01,2.001251120317e+00,2.075613625640e+01,4.375670220989e-02,5.304719087243e-02,4.039384477295e-01,2.097271091786e+01,4.677150568352e-02,4.860819646611e-02,9.845783617534e+00,1.000000000000e+00,5.065286451856e-02,1.974222009959e+01
3.102111452788e-01,2.036354488319e+00,2.074737149834e+01,4.369976059689e-02,5.316119997386e-02,4.111602877494e-01,2.097172285295e+01,4.675756564099e-02,4.862726998677e-02,9.670832417397e+00,1.000000000000e+00,5.156438819454e-02,1.939322922299e+01
3.158230522812e-01,2.072033381038e+00,2.073829687177e+01,4.364223207103e-02,5.327787214256e-02,4.185081046944e-01,2.097069931959e+01,4.674342518180e-02,4.864672866253e-02,9.498989951274e+00,1.000000000000e+00,5.249213761694e-02,1.905047204017e+01
3.215364820712e-01,2.108295040276e+00,2.072890179774e+01,4.358412059441e-02,5.339727866582e-02,4.259839252480e-01,2.096963906705e+01,4.672908260015e-02,4.866658074776e-02,9.330200979607e+00,1.000000000000e+00,5.343639189556e-02,1.871383835111e+01
3.273532712573e-01,2.145146674535e+00,2.071917536357e+01,4.352543064505e-02,5.351949302091e-02,4.335897993453e-01,2.096854080216e+01,4.671453622955e-02,4.868683468236e-02,9.164411244395e+00,1.000000000000e+00,5.439743440909e-02,1.838321992320e+01
3.332752896735e-01,2.182595450307e+00,2.070910631436e+01,4.346616723769e-02,5.364459094987e-02,4.413277999009e-01,2.096740318794e+01,4.669978444597e-02,4.870749909581e-02,9.001567451758e+00,1.000000000000e+00,5.537555284068e-02,1.805851045636e+01
3.393044409800e-01,2.220648482853e+00,2.069868304443e+01,4.340633594513e-02,5.377265053712e-02,4.492000224977e-01,2.096622484230e+01,4.668482567116e-02,4.872858281126e-02,8.841617254803e+00,1.000000000000e+00,5.637103921212e-02,1.773960554882e+01
3.454426632756e-01,2.259312826434e+00,2.068789358870e+01,4.334594292011e-02,5.390375228981e-02,4.572085850351e-01,2.096500433660e+01,4.666965837604e-02,4.875009484964e-02,8.684509236796e+00,1.000000000000e+00,5.738418991626e-02,1.742640266351e+01
3.516919297203e-01,2.298595463982e+00,2.067672561403e+01,4.328499491774e-02,5.403797922107e-02,4.653556273329e-01,2.096374019429e+01,4.665428108431e-02,4.877204443389e-02,8.530192894634e+00,1.000000000000e+00,5.841530574774e-02,1.711880109501e+01
3.580542491699e-01,2.338503296186e+00,2.066516641057e+01,4.322349931849e-02,5.417541693631e-02,4.736433106907e-01,2.096243088939e+01,4.663869237614e-02,4.879444099320e-02,8.378618622611e+00,1.000000000000e+00,5.946469193169e-02,1.681670193715e+01
3.645316668215e-01,2.379043129968e+00,2.065320288308e+01,4.316146415170e-02,5.431615372256e-02,4.820738173979e-01,2.096107484508e+01,4.662289089207e-02,4.881729416731e-02,8.229737696475e+00,1.000000000000e+00,6.053265815045e-02,1.652000805110e+01
3.711262648712e-01,2.420221666318e+00,2.064082154232e+01,4.309889811974e-02,5.446028064110e-02,4.906493501939e-01,2.095967043213e+01,4.660687533697e-02,4.884061381085e-02,8.083502257759e+00,1.000000000000e+00,6.161951856791e-02,1.622862403409e+01
3.778401631831e-01,2.462045487487e+00,2.062800849640e+01,4.303581062260e-02,5.460789162338e-02,4.993721316745e-01,2.095821596737e+01,4.659064448423e-02,4.886440999773e-02,7.939865298402e+00,1.000000000000e+00,6.272559185150e-02,1.594245618866e+01
3.846755199710e-01,2.504521043482e+00,2.061474944229e+01,4.297221178310e-02,5.475908357032e-02,5.082444036417e-01,2.095670971212e+01,4.657419718014e-02,4.888869302559e-02,7.798780645637e+00,1.000000000000e+00,6.385120119153e-02,1.566141249247e+01
3.916345324921e-01,2.547654637867e+00,2.060102965737e+01,4.290811247267e-02,5.491395645535e-02,5.172684263953e-01,2.095514987057e+01,4.655753234828e-02,4.891347342025e-02,7.660202947146e+00,1.000000000000e+00,6.499667431779e-02,1.538540256861e+01
3.987194377534e-01,2.591452412828e+00,2.058683399110e+01,4.284352433763e-02,5.507261343088e-02,5.264464779621e-01,2.095353458816e+01,4.654064899428e-02,4.893876194021e-02,7.524087656483e+00,1.000000000000e+00,6.616234351303e-02,1.511433765648e+01
4.059325132304e-01,2.635920333483e+00,2.057214685682e+01,4.277845982603e-02,5.523516093879e-02,5.357808532596e-01,2.095186194986e+01,4.652354621060e-02,4.896456958119e-02,7.390391018758e+00,1.000000000000e+00,6.734854562335e-02,1.484813058314e+01
4.132760776000e-01,2.681064171416e+00,2.055695222382e+01,4.271293221504e-02,5.540170882470e-02,5.452738631927e-01,2.095012997854e+01,4.650622318152e-02,4.899090758068e-02,7.259070056563e+00,1.000000000000e+00,6.855562206507e-02,1.458669573519e+01
4.207524914849e-01,2.726889487403e+00,2.054123360953e+01,4.264695563882e-02,5.557237045636e-02,5.549278336778e-01,2.094833663320e+01,4.648867918835e-02,4.901778742248e-02,7.130082556166e+00,1.000000000000e+00,6.978391882801e-02,1.432994903116e+01
4.283641582132e-01,2.773401613315e+00,2.052497407196e+01,4.258054511700e-02,5.574726284620e-02,5.647451045929e-01,2.094647980723e+01,4.647091361476e-02,4.904522084131e-02,7.003387053935e+00,1.000000000000e+00,7.103378647479e-02,1.407780789435e+01
4.361135245904e-01,2.820605633162e+00,2.050815620253e+01,4.251371658355e-02,5.592650677817e-02,5.747280286496e-01,2.094455732663e+01,4.645292595235e-02,4.907321982740e-02,6.878942823013e+00,1.000000000000e+00,7.230558013604e-02,1.383019122616e+01
4.440030816864e-01,2.868506363275e+00,2.049076211916e+01,4.244648691625e-02,5.611022693909e-02,5.848789701825e-01,2.094256694820e+01,4.643471580637e-02,4.910179663104e-02,6.756709860223e+00,1.000000000000e+00,7.359965950118e-02,1.358701937995e+01
4.520353656360e-01,2.917108331579e+00,2.047277345971e+01,4.237887396659e-02,5.629855205449e-02,5.952003038550e-01,2.094050635775e+01,4.641628290160e-02,4.913096376715e-02,6.636648873211e+00,1.000000000000e+00,7.491638880447e-02,1.334821413523e+01
4.602129584542e-01,2.966415755957e+00,2.045417137596e+01,4.231089659012e-02,5.649161502926e-02,6.056944132745e-01,2.093837316822e+01,4.639762708850e-02,4.916073401986e-02,6.518721267816e+00,1.000000000000e+00,7.625613680615e-02,1.311369867244e+01
4.685384888662e-01,3.016432521674e+00,2.043493652795e+01,4.224257467731e-02,5.668955309308e-02,6.163636895160e-01,2.093616491785e+01,4.637874834949e-02,4.919112044702e-02,6.402889135660e+00,1.000000000000e+00,7.761927676821e-02,1.288339754809e+01
4.770146331524e-01,3.067162157843e+00,2.041504907892e+01,4.217392918475e-02,5.689250795090e-02,6.272105295486e-01,2.093387906825e+01,4.635964680545e-02,4.922213638468e-02,6.289115241967e+00,1.000000000000e+00,7.900618642471e-02,1.265723667036e+01
4.856441160088e-01,3.118607812922e+00,2.039448869086e+01,4.210498216687e-02,5.710062593851e-02,6.382373345623e-01,2.093151300260e+01,4.634032272240e-02,4.925379545151e-02,6.177363013589e+00,1.000000000000e+00,8.041724794602e-02,1.243514327512e+01
4.944297114227e-01,3.170772229216e+00,2.037323452068e+01,4.203575680794e-02,5.731405818344e-02,6.494465081897e-01,2.092906402365e+01,4.632077651837e-02,4.928611155325e-02,6.067596527254e+00,1.000000000000e+00,8.185284789698e-02,1.221704590241e+01
5.033742435647e-01,3.223657716381e+00,2.035126521707e+01,4.196627745447e-02,5.753296077122e-02,6.608404546199e-01,2.092652935190e+01,4.630100877052e-02,4.931909888692e-02,5.959780498015e+00,1.000000000000e+00,8.331337718832e-02,1.200287437322e+01
5.124805876961e-01,3.277266123916e+00,2.032855891824e+01,4.189656964792e-02,5.775749491724e-02,6.724215766002e-01,2.092390612363e+01,4.628102022238e-02,4.935277194513e-02,5.853880267908e+00,1.000000000000e+00,8.479923102126e-02,1.179255976684e+01
5.217516710935e-01,3.331598812630e+00,2.030509325045e+01,4.182666015778e-02,5.798782714425e-02,6.841922733205e-01,2.092119138901e+01,4.626081179136e-02,4.938714552016e-02,5.749861794812e+00,1.000000000000e+00,8.631080882462e-02,1.158603439845e+01
5.311904739899e-01,3.386656625088e+00,2.028084532749e+01,4.175657701477e-02,5.822412946574e-02,6.961549381787e-01,2.091838211021e+01,4.624038457638e-02,4.942223470801e-02,5.647691641505e+00,1.000000000000e+00,8.784851418438e-02,1.138323179720e+01
5.408000305322e-01,3.442439855022e+00,2.025579175120e+01,4.168634954442e-02,5.846657957523e-02,7.083119564203e-01,2.091547515948e+01,4.621973986578e-02,4.945805491228e-02,5.547336964918e+00,1.000000000000e+00,8.941275476493e-02,1.118408668460e+01
5.505834297570e-01,3.498948215722e+00,2.022990861305e+01,4.161600840072e-02,5.871536104167e-02,7.206657026502e-01,2.091246731727e+01,4.619887914535e-02,4.949462184791e-02,5.448765505573e+00,1.000000000000e+00,9.100394222194e-02,1.098853495337e+01
5.605438165835e-01,3.556180807402e+00,2.020317149697e+01,4.154558559999e-02,5.897066351105e-02,7.332185382119e-01,2.090935527038e+01,4.617780410657e-02,4.953195154481e-02,5.351945577216e+00,1.000000000000e+00,9.262249210611e-02,1.079651364654e+01
5.706843928243e-01,3.614136083563e+00,2.017555548342e+01,4.147511455481e-02,5.923268291430e-02,7.459728084301e-01,2.090613561009e+01,4.615651665507e-02,4.957006035122e-02,5.256846056632e+00,1.000000000000e+00,9.426882375764e-02,1.060796093702e+01
5.810084182148e-01,3.672811816352e+00,2.014703515480e+01,4.140463010803e-02,5.950162168167e-02,7.589308397126e-01,2.090280483038e+01,4.613501891922e-02,4.960896493700e-02,5.163436373638e+00,1.000000000000e+00,9.594336019069e-02,1.042281610747e+01
5.915192114608e-01,3.732205060960e+00,2.011758460240e+01,4.133416856677e-02,5.977768896361e-02,7.720949365088e-01,2.089935932611e+01,4.611331325892e-02,4.964868229660e-02,5.071686501257e+00,1.000000000000e+00,9.764652796761e-02,1.024101953048e+01
6.022201513058e-01,3.792312119062e+00,2.008717743492e+01,4.126376773633e-02,6.006110085828e-02,7.854673781202e-01,2.089579539134e+01,4.609140227459e-02,4.968922975180e-02,4.981566946066e+00,1.000000000000e+00,9.937875706224e-02,1.006251264919e+01
6.131146776165e-01,3.853128501354e+00,2.005578678858e+01,4.119346695412e-02,6.035208064578e-02,7.990504153590e-01,2.089210921759e+01,4.606928881621e-02,4.973062495429e-02,4.893048738716e+00,1.000000000000e+00,1.011404807119e-01,9.887237958145e+00
6.242062924891e-01,3.914648889213e+00,2.002338533913e+01,4.112330712323e-02,6.065085902914e-02,8.128462670529e-01,2.088829689225e+01,4.604697599270e-02,4.977288588785e-02,4.806103424618e+00,1.000000000000e+00,1.029321352578e-01,9.715138984494e+00
6.354985613746e-01,3.976867095531e+00,1.998994531568e+01,4.105333074596e-02,6.095767438215e-02,8.268571163921e-01,2.088435439701e+01,4.602446718125e-02,4.981603087030e-02,4.720703054797e+00,1.000000000000e+00,1.047541599724e-01,9.546160269566e+00
6.469951142254e-01,4.039776024786e+00,1.995543851656e+01,4.098358195691e-02,6.127277300400e-02,8.410851071151e-01,2.088027760634e+01,4.600176603691e-02,4.986007855510e-02,4.636820176906e+00,1.000000000000e+00,1.066069968748e-01,9.380247350687e+00
6.586996466618e-01,4.103367632404e+00,1.991983632735e+01,4.091410655578e-02,6.159640938086e-02,8.555323395323e-01,2.087606228613e+01,4.597887650226e-02,4.990504793255e-02,4.554427826405e+00,1.000000000000e+00,1.084910905323e-01,9.217346743343e+00
6.706159211602e-01,4.167632883489e+00,1.988310974105e+01,4.084495203972e-02,6.192884645430e-02,8.702008663834e-01,2.087170409235e+01,4.595580281718e-02,4.995095833070e-02,4.473499517891e+00,1.000000000000e+00,1.104068878476e-01,9.057405923629e+00
6.827477682623e-01,4.232561711010e+00,1.984522938072e+01,4.077616763514e-02,6.227035589651e-02,8.850926885280e-01,2.086719856981e+01,4.593254952874e-02,4.999782941577e-02,4.394009236582e+00,1.000000000000e+00,1.123548378319e-01,8.900373310995e+00
6.950990878068e-01,4.298142973530e+00,1.980616552455e+01,4.070780432893e-02,6.262121839237e-02,9.002097504674e-01,2.086254115110e+01,4.590912150117e-02,5.004568119213e-02,4.315931429957e+00,1.000000000000e+00,1.143353913632e-01,8.746198251278e+00
7.076738501827e-01,4.364364412584e+00,1.976588813348e+01,4.063991489900e-02,6.298172392813e-02,9.155539356961e-01,2.085772715561e+01,4.588552392582e-02,5.009453400189e-02,4.239240999544e+00,1.000000000000e+00,1.163490009283e-01,8.594831000017e+00
7.204760976058e-01,4.431212609830e+00,1.972436688163e+01,4.057255394409e-02,6.335217208674e-02,9.311270618834e-01,2.085275178863e+01,4.586176233128e-02,5.014440852388e-02,4.163913292848e+00,1.000000000000e+00,1.183961203491e-01,8.446222706045e+00
7.335099454181e-01,4.498672944080e+00,1.968157118949e+01,4.050577791268e-02,6.373287234955e-02,9.469308758845e-01,2.084761014072e+01,4.583784259344e-02,5.019532577215e-02,4.089924095426e+00,1.000000000000e+00,1.204772044914e-01,8.300325395343e+00
7.467795834104e-01,4.566729548374e+00,1.963747026010e+01,4.043964513098e-02,6.412414440416e-02,9.629670485818e-01,2.084229718714e+01,4.581377094553e-02,5.024730709392e-02,4.017249623108e+00,1.000000000000e+00,1.225927089575e-01,8.157091955173e+00
7.602892771696e-01,4.635365267238e+00,1.959203311825e+01,4.037421582984e-02,6.452631845839e-02,9.792371695573e-01,2.083680778745e+01,4.578955398826e-02,5.030037416690e-02,3.945866514346e+00,1.000000000000e+00,1.247430897596e-01,8.016476118452e+00
7.740433694495e-01,4.704561614288e+00,1.954522865289e+01,4.030955217059e-02,6.493973555974e-02,9.957427415988e-01,2.083113668537e+01,4.576519869975e-02,5.035454899597e-02,3.875751822709e+00,1.000000000000e+00,1.269288029758e-01,7.878432448394e+00
7.880462815670e-01,4.774298730369e+00,1.949702566275e+01,4.024571826959e-02,6.536474792029e-02,1.012485175042e+00,2.082527850878e+01,4.574071244550e-02,5.040985390920e-02,3.806883009504e+00,1.000000000000e+00,1.291503043858e-01,7.742916323393e+00
8.023025148232e-01,4.844555342420e+00,1.944739290540e+01,4.018278022144e-02,6.580171924648e-02,1.029465781953e+00,2.081922776991e+01,4.571610298820e-02,5.046631155319e-02,3.739237936530e+00,1.000000000000e+00,1.314080490886e-01,7.609883922148e+00
8.168166519505e-01,4.915308723263e+00,1.939629914968e+01,4.012080612074e-02,6.625102507327e-02,1.046685770153e+00,2.081297886585e+01,4.569137849741e-02,5.052394488760e-02,3.672794858964e+00,1.000000000000e+00,1.337024910984e-01,7.479292209027e+00
8.315933585858e-01,4.986534652555e+00,1.934371323171e+01,4.005986608235e-02,6.671305310232e-02,1.064146237094e+00,2.080652607917e+01,4.566654755911e-02,5.058277717896e-02,3.607532418371e+00,1.000000000000e+00,1.360340829213e-01,7.351098919663e+00
8.466373847700e-01,5.058207379124e+00,1.928960411452e+01,4.000003225988e-02,6.718820354324e-02,1.081848163589e+00,2.079986357891e+01,4.564161918498e-02,5.064283199368e-02,3.543429635835e+00,1.000000000000e+00,1.384032751095e-01,7.225262546780e+00
8.619535664753e-01,5.130299584946e+00,1.923394095125e+01,3.994137886253e-02,6.767688945762e-02,1.099792407410e+00,2.079298542181e+01,4.561660282149e-02,5.070413319011e-02,3.480465905220e+00,1.000000000000e+00,1.408105157950e-01,7.101742326235e+00
8.775468271595e-01,5.202782351034e+00,1.917669315214e+01,3.988398216995e-02,6.817953710461e-02,1.117979696748e+00,2.078588555376e+01,4.559150835867e-02,5.076670490985e-02,3.418620986541e+00,1.000000000000e+00,1.432562502007e-01,6.980498223283e+00
8.934221793486e-01,5.275625125498e+00,1.911783045517e+01,3.982792054510e-02,6.869658628758e-02,1.136410623565e+00,2.077855781162e+01,4.556634613863e-02,5.083057156801e-02,3.357874999463e+00,1.000000000000e+00,1.457409201290e-01,6.861490919054e+00
9.095847262484e-01,5.348795694093e+00,1.905732300054e+01,3.977327444509e-02,6.922849070042e-02,1.155085636831e+00,2.077099592537e+01,4.554112696363e-02,5.089575784260e-02,3.298208416904e+00,1.000000000000e+00,1.482649634279e-01,6.744681797236e+00
9.260396633846e-01,5.422260153543e+00,1.899514140873e+01,3.972012642968e-02,6.977571827280e-02,1.174005035669e+00,2.076319352053e+01,4.551586210380e-02,5.096228866289e-02,3.239602058766e+00,1.000000000000e+00,1.508288134331e-01,6.630032930965e+00
9.427922802734e-01,5.495982887955e+00,1.893125686240e+01,3.966856116751e-02,7.033875151279e-02,1.193168962420e+00,2.075514412096e+01,4.549056330442e-02,5.103018919675e-02,3.182037085762e+00,1.000000000000e+00,1.534328983879e-01,6.517507069912e+00
9.598479621211e-01,5.569926548667e+00,1.886564119186e+01,3.961866543984e-02,7.091808784572e-02,1.212577395634e+00,2.074684115202e+01,4.546524279267e-02,5.109948483693e-02,3.125494993364e+00,1.000000000000e+00,1.560776408380e-01,6.407067627566e+00
9.772121915560e-01,5.644052037849e+00,1.879826696412e+01,3.957052814176e-02,7.151423994764e-02,1.232230143019e+00,2.073827794410e+01,4.543991328382e-02,5.117020118626e-02,3.069957605853e+00,1.000000000000e+00,1.587634570037e-01,6.298678668710e+00
9.948905503903e-01,5.718318496211e+00,1.872910757545e+01,3.952424028066e-02,7.212773607174e-02,1.252126834350e+00,2.072944773659e+01,4.541458798693e-02,5.124236404174e-02,3.015407070479e+00,1.000000000000e+00,1.614907561271e-01,6.192304897086e+00
1.012888721415e+00,5.792683295172e+00,1.865813734726e+01,3.947989497197e-02,7.275912036603e-02,1.272266914372e+00,2.072034368212e+01,4.538928060974e-02,5.131599937746e-02,2.961825851718e+00,1.000000000000e+00,1.642599397959e-01,6.087911643233e+00
1.031212490225e+00,5.867102033832e+00,1.858533162514e+01,3.943758743200e-02,7.340895318006e-02,1.292649635702e+00,2.071095885139e+01,4.536400536306e-02,5.139113332642e-02,2.909196725639e+00,1.000000000000e+00,1.670714012428e-01,5.985464852521e+00
1.049867747081e+00,5.941528541127e+00,1.851066688094e+01,3.939741496773e-02,7.407781135881e-02,1.313274051767e+00,2.070128623831e+01,4.533877696420e-02,5.146779216106e-02,2.857502774365e+00,1.000000000000e+00,1.699255246214e-01,5.884931073351e+00
1.068860488803e+00,6.015914883506e+00,1.843412081760e+01,3.935947696357e-02,7.476628852112e-02,1.334139009794e+00,2.069131876560e+01,4.531361063981e-02,5.154600227273e-02,2.806727380634e+00,1.000000000000e+00,1.728226842585e-01,5.786277445526e+00
1.088196820695e+00,6.090211378499e+00,1.835567247650e+01,3.932387486487e-02,7.547499532037e-02,1.355243143876e+00,2.068104929089e+01,4.528852212771e-02,5.162579014978e-02,2.756854222460e+00,1.000000000000e+00,1.757632438822e-01,5.689471688802e+00
1.107882958511e+00,6.164366614521e+00,1.827530234704e+01,3.929071215819e-02,7.620455968435e-02,1.376584868148e+00,2.067047061320e+01,4.526352767788e-02,5.170718235459e-02,2.707867267886e+00,1.000000000000e+00,1.787475558285e-01,5.594482091600e+00
1.127925230452e+00,6.238327477254e+00,1.819299247809e+01,3.926009434811e-02,7.695562703172e-02,1.398162370092e+00,2.065957547995e+01,4.523864405253e-02,5.179020549925e-02,2.659750769826e+00,1.000000000000e+00,1.817759602242e-01,5.501277499876e+00
1.148330079198e+00,6.312039182939e+00,1.810872659105e+01,3.923212893069e-02,7.772886046146e-02,1.419973604010e+00,2.064835659442e+01,4.521388852505e-02,5.187488622005e-02,2.612489261009e+00,1.000000000000e+00,1.848487841488e-01,5.409827306167e+00
1.169104063985e+00,6.385445318896e+00,1.802249019390e+01,3.920692536334e-02,7.852494091218e-02,1.442016284685e+00,2.063680662369e+01,4.518927887803e-02,5.196125115079e-02,2.566067549004e+00,1.000000000000e+00,1.879663407750e-01,5.320101438783e+00
1.190253862704e+00,6.458487891561e+00,1.793427069611e+01,3.918459503102e-02,7.934456728741e-02,1.464287881276e+00,2.062491820701e+01,4.516483340008e-02,5.204932689478e-02,2.520470711335e+00,1.000000000000e+00,1.911289284897e-01,5.232070351160e+00
1.211786274059e+00,6.531107382318e+00,1.784405752363e+01,3.916525120892e-02,8.018845654307e-02,1.486785611467e+00,2.061268396472e+01,4.514057088150e-02,5.213913999572e-02,2.475684090687e+00,1.000000000000e+00,1.943368299952e-01,5.145705011370e+00
1.233708219741e+00,6.603242811364e+00,1.775184223361e+01,3.914900902128e-02,8.105734373277e-02,1.509506435909e+00,2.060009650760e+01,4.511651060881e-02,5.223071690739e-02,2.431693290193e+00,1.000000000000e+00,1.975903113931e-01,5.060976891780e+00
1.256026746662e+00,6.674831809832e+00,1.765761862832e+01,3.913598539650e-02,8.195198200660e-02,1.532447052997e+00,2.058714844672e+01,4.509267235799e-02,5.232408396215e-02,2.388484168806e+00,1.000000000000e+00,2.008896212515e-01,4.977857958863e+00
1.278749029218e+00,6.745810700338e+00,1.756138286759e+01,3.912629901844e-02,8.287314255866e-02,1.555603894003e+00,2.057383240367e+01,4.506907638638e-02,5.241926733841e-02,2.346042836752e+00,1.000000000000e+00,2.042349896574e-01,4.896320663162e+00
1.301882371590e+00,6.816114586098e+00,1.746313357915e+01,3.912007027385e-02,8.382161451824e-02,1.578973118622e+00,2.056014102139e+01,4.504574342340e-02,5.251629302690e-02,2.304355651069e+00,1.000000000000e+00,2.076266272550e-01,4.816337929392e+00
1.325434210099e+00,6.885677448698e+00,1.736287196636e+01,3.911742119594e-02,8.479820477947e-02,1.602550610939e+00,2.054606697527e+01,4.502269465973e-02,5.261518679608e-02,2.263409211216e+00,1.000000000000e+00,2.110647242736e-01,4.737883146706e+00
1.349412115594e+00,6.954432254581e+00,1.726060191250e+01,3.911847540412e-02,8.580373776384e-02,1.626331975889e+00,2.053160298483e+01,4.499995173531e-02,5.271597415646e-02,2.223190354771e+00,1.000000000000e+00,2.145494495450e-01,4.660930159087e+00
1.373823795883e+00,7.022311070212e+00,1.715633008098e+01,3.912335803977e-02,8.683905510984e-02,1.650312536217e+00,2.051674182569e+01,4.497753672571e-02,5.281868032408e-02,2.183686153195e+00,1.000000000000e+00,2.180809495141e-01,4.585453255904e+00
1.398677098215e+00,7.089245185893e+00,1.705006601080e+01,3.913219569821e-02,8.790501528356e-02,1.674487329986e+00,2.050147634197e+01,4.495547212727e-02,5.292333018317e-02,2.144883907679e+00,1.000000000000e+00,2.216593472437e-01,4.511427162602e+00
1.423980011798e+00,7.155165248063e+00,1.694182220642e+01,3.914511635677e-02,8.900249310402e-02,1.698851108678e+00,2.048579945906e+01,4.493378084069e-02,5.302994824806e-02,2.106771145061e+00,1.000000000000e+00,2.252847414181e-01,4.438827031540e+00
1.449740670373e+00,7.220001399931e+00,1.683161422142e+01,3.916224929905e-02,9.013237917666e-02,1.723398335903e+00,2.046970419671e+01,4.491248615316e-02,5.313855862439e-02,2.069335613816e+00,1.000000000000e+00,2.289572053450e-01,4.367628432978e+00
1.475967354822e+00,7.283683430163e+00,1.671946073510e+01,3.918372503534e-02,9.129557922823e-02,1.748123186765e+00,2.045318368241e+01,4.489161171915e-02,5.324918496988e-02,2.032565280119e+00,1.000000000000e+00,2.326767859625e-01,4.297807346201e+00
1.502668495834e+00,7.346140929301e+00,1.660538362128e+01,3.920967521932e-02,9.249301333616e-02,1.773019547920e+00,2.043623116506e+01,4.487118153961e-02,5.336185045451e-02,1.996448323976e+00,1.000000000000e+00,2.364435028501e-01,4.229340150802e+00
1.529852676617e+00,7.407303453534e+00,1.648940800871e+01,3.924023256105e-02,9.372561504525e-02,1.798081018337e+00,2.041884002882e+01,4.485121993986e-02,5.347657772046e-02,1.960973135422e+00,1.000000000000e+00,2.402573472505e-01,4.162203618095e+00
1.557528635651e+00,7.467100695337e+00,1.637156233211e+01,3.927553073632e-02,9.499433036457e-02,1.823300910813e+00,2.040100380720e+01,4.483175154598e-02,5.359338884178e-02,1.926128310794e+00,1.000000000000e+00,2.441182811034e-01,4.096374902691e+00
1.585705269502e+00,7.525462660444e+00,1.625187837335e+01,3.931570429242e-02,9.630011663715e-02,1.848672254259e+00,2.038271619729e+01,4.481280125993e-02,5.371230528401e-02,1.891902649061e+00,1.000000000000e+00,2.480262360948e-01,4.031831534217e+00
1.614391635679e+00,7.582319850558e+00,1.613039129206e+01,3.936088855044e-02,9.764394127511e-02,1.874187796771e+00,2.036397107404e+01,4.479439423319e-02,5.383334786377e-02,1.858285148225e+00,1.000000000000e+00,2.519811127273e-01,3.968551409177e+00
1.643596955548e+00,7.637603451086e+00,1.600713964493e+01,3.941121950419e-02,9.902678035308e-02,1.899840009528e+00,2.034476250462e+01,4.477655583919e-02,5.395653670863e-02,1.825265001783e+00,1.000000000000e+00,2.559827794131e-01,3.906512782980e+00
1.673330617296e+00,7.691245523184e+00,1.588216539323e+01,3.946683371576e-02,1.004496170524e-01,1.925621091513e+00,2.032508476281e+01,4.475931164445e-02,5.408189121718e-02,1.792831595258e+00,1.000000000000e+00,2.600310715942e-01,3.845694262110e+00
1.703602178945e+00,7.743179199262e+00,1.575551389793e+01,3.952786820794e-02,1.019134399492e-01,1.951522975087e+00,2.030493234324e+01,4.474268737858e-02,5.420943001968e-02,1.760974502779e+00,1.000000000000e+00,2.641257908949e-01,3.786074796452e+00
1.734421371430e+00,7.793338881092e+00,1.562723390207e+01,3.959446035352e-02,1.034192411392e-01,1.977537332410e+00,2.028429997563e+01,4.472670890306e-02,5.433917093927e-02,1.729683483735e+00,1.000000000000e+00,2.682667043091e-01,3.727633671780e+00
1.765798101724e+00,7.841660439567e+00,1.549737749976e+01,3.966674776163e-02,1.049680141934e-01,2.003655582731e+00,2.026318263875e+01,4.471140217911e-02,5.447113095401e-02,1.698948479485e+00,1.000000000000e+00,2.724535434278e-01,3.670350502397e+00
1.797742456021e+00,7.888081415131e+00,1.536600009171e+01,3.974486816122e-02,1.065607519371e-01,2.029868900536e+00,2.024157557422e+01,4.469679323445e-02,5.460532615982e-02,1.668759610116e+00,1.000000000000e+00,2.766860037099e-01,3.614205223943e+00
1.830264702985e+00,7.932541217832e+00,1.523316032687e+01,3.982895928178e-02,1.081984440481e-01,2.056168224561e+00,2.021947430003e+01,4.468290812932e-02,5.474177173453e-02,1.639107171279e+00,1.000000000000e+00,2.809637438016e-01,3.559178086359e+00
1.863375297041e+00,7.974981325937e+00,1.509892003011e+01,3.991915873152e-02,1.098820744682e-01,2.082544267647e+00,2.019687462358e+01,4.466977292163e-02,5.488048190321e-02,1.609981631057e+00,1.000000000000e+00,2.852863849083e-01,3.505249647022e+00
1.897084881744e+00,8.015345481994e+00,1.496334411582e+01,4.001560387297e-02,1.116126186232e-01,2.108987527444e+00,2.017377265453e+01,4.465741363155e-02,5.502146990490e-02,1.581373626911e+00,1.000000000000e+00,2.896535102225e-01,3.452400764044e+00
1.931404293196e+00,8.053579885214e+00,1.482650048749e+01,4.011843169633e-02,1.133910404492e-01,2.135488297932e+00,2.015016481692e+01,4.464585620541e-02,5.516474796096e-02,1.553273962664e+00,1.000000000000e+00,2.940646644127e-01,3.400612589741e+00
1.966344563533e+00,8.089633379038e+00,1.468845992339e+01,4.022777869053e-02,1.152182892217e-01,2.162036681736e+00,2.012604786097e+01,4.463512647928e-02,5.531032724509e-02,1.525673605550e+00,1.000000000000e+00,2.985193531777e-01,3.349866564279e+00
2.001916924466e+00,8.123457632751e+00,1.454929594855e+01,4.034378071222e-02,1.170952961861e-01,2.188622603220e+00,2.010141887417e+01,4.462525014218e-02,5.545821785532e-02,1.498563683306e+00,1.000000000000e+00,3.030170428686e-01,3.300144409480e+00
2.038132810896e+00,8.155007316002e+00,1.440908469343e+01,4.046657285281e-02,1.190229709901e-01,2.215235822314e+00,2.007627529171e+01,4.461625269913e-02,5.560842878793e-02,1.471935481320e+00,1.000000000000e+00,3.075571601845e-01,3.251428122825e+00
2.075003864587e+00,8.184240265116e+00,1.426790473968e+01,4.059628930365e-02,1.210021979187e-01,2.241865949045e+00,2.005061490628e+01,4.460815943412e-02,5.576096791366e-02,1.445780439834e+00,1.000000000000e+00,3.121390919440e-01,3.203699971612e+00
2.112541937913e+00,8.211117640125e+00,1.412583695360e+01,4.073306321946e-02,1.230338319349e-01,2.268502458719e+00,2.002443587707e+01,4.460099537316e-02,5.591584195616e-02,1.420090151187e+00,1.000000000000e+00,3.167621849366e-01,3.156942487311e+00
2.150759097659e+00,8.235604071467e+00,1.398296430782e+01,4.087702658025e-02,1.251186945304e-01,2.295134707729e+00,1.999773673791e+01,4.459478524757e-02,5.607305647283e-02,1.394856357118e+00,1.000000000000e+00,3.214257458570e-01,3.111138460094e+00
2.189667628911e+00,8.257667795363e+00,1.383937169212e+01,4.102831005169e-02,1.272575693936e-01,2.321751949904e+00,1.997051640463e+01,4.458955345758e-02,5.623261583834e-02,1.370070946106e+00,1.000000000000e+00,3.261290413258e-01,3.066270933538e+00
2.229280038996e+00,8.277280776940e+00,1.369514571411e+01,4.118704284406e-02,1.294511979015e-01,2.348343353382e+00,1.994277418147e+01,4.458532403646e-02,5.639452323063e-02,1.345725950766e+00,1.000000000000e+00,3.308712979987e-01,3.022323199530e+00
2.269609061507e+00,8.294418820255e+00,1.355037449071e+01,4.135335257006e-02,1.317002744485e-01,2.374898017918e+00,1.991450976657e+01,4.458212061523e-02,5.655878061982e-02,1.321813545284e+00,1.000000000000e+00,3.356517027668e-01,2.979278793336e+00
2.310667660396e+00,8.309061664435e+00,1.340514743154e+01,4.152736510133e-02,1.340054416226e-01,2.401404992577e+00,1.988572325646e+01,4.457996638813e-02,5.672538875981e-02,1.298326042909e+00,1.000000000000e+00,3.404694030499e-01,2.937121488868e+00
2.352469034141e+00,8.321193065247e+00,1.325955501516e+01,4.170920442393e-02,1.363672852461e-01,2.427853293750e+00,1.985641514958e+01,4.457888407903e-02,5.689434718282e-02,1.275255893472e+00,1.000000000000e+00,3.453235071853e-01,2.895835294130e+00
2.395026619987e+00,8.330800861521e+00,1.311368855950e+01,4.189899249287e-02,1.387863292976e-01,2.454231923417e+00,1.982658634875e+01,4.457889590879e-02,5.706565419690e-02,1.252595680968e+00,1.000000000000e+00,3.502130849113e-01,2.855404446848e+00
2.438354098269e+00,8.337877025936e+00,1.296763998743e+01,4.209684908568e-02,1.412630307364e-01,2.480529887588e+00,1.979623816257e+01,4.458002356380e-02,5.723930688641e-02,1.230338121165e+00,1.000000000000e+00,3.551371679491e-01,2.815813410280e+00
2.482465396804e+00,8.342417699798e+00,1.282150158902e+01,4.230289165515e-02,1.437977742514e-01,2.506736214863e+00,1.976537230582e+01,4.458228816573e-02,5.741530111545e-02,1.208476059268e+00,1.000000000000e+00,3.600947506809e-01,2.777046869217e+00
2.527374695376e+00,8.344423211559e+00,1.267536578148e+01,4.251723518140e-02,1.463908669617e-01,2.532839975015e+00,1.973399089870e+01,4.458571024272e-02,5.759363153439e-02,1.187002467615e+00,1.000000000000e+00,3.650847909255e-01,2.739089726156e+00
2.573096430287e+00,8.343898078926e+00,1.252932486833e+01,4.273999202319e-02,1.490425330965e-01,2.558830297545e+00,1.970209646508e+01,4.459030970197e-02,5.777429158940e-02,1.165910443421e+00,1.000000000000e+00,3.701062108111e-01,2.701927097653e+00
2.619645299000e+00,8.340850994549e+00,1.238347079892e+01,4.297127176862e-02,1.517529086861e-01,2.584696390124e+00,1.966969192965e+01,4.459610580396e-02,5.795727353489e-02,1.145193206555e+00,1.000000000000e+00,3.751578977427e-01,2.665544310854e+00
2.667036264867e+00,8.335294795378e+00,1.223789492971e+01,4.321118108538e-02,1.545220362982e-01,2.610427556854e+00,1.963678061398e+01,4.460311713827e-02,5.814256844901e-02,1.124844097367e+00,1.000000000000e+00,3.802387054652e-01,2.629926900200e+00
2.715284561932e+00,8.327246415917e+00,1.209268778859e+01,4.345982357039e-02,1.573498598551e-01,2.636013216268e+00,1.960336623160e+01,4.461136160118e-02,5.833016625203e-02,1.104856574541e+00,1.000000000000e+00,3.853474552169e-01,2.595060604298e+00
2.764405699837e+00,8.316726825691e+00,1.194793884348e+01,4.371729959914e-02,1.602362195729e-01,2.661442919013e+00,1.956945288199e+01,4.462085637505e-02,5.852005572752e-02,1.085224212993e+00,1.000000000000e+00,3.904829369747e-01,2.560931362962e+00
2.814415468797e+00,8.303760951380e+00,1.180373627635e+01,4.398370617468e-02,1.631808470621e-01,2.686706365133e+00,1.953504504363e+01,4.463161790959e-02,5.871222454633e-02,1.065940701812e+00,1.000000000000e+00,3.956439107848e-01,2.527525314408e+00
2.865329944687e+00,8.288377584174e+00,1.166016676409e+01,4.425913677632e-02,1.661833606343e-01,2.711793420900e+00,1.950014756604e+01,4.464366190504e-02,5.890665929325e-02,1.046999842221e+00,1.000000000000e+00,4.008291081770e-01,2.494828792620e+00
2.917165494201e+00,8.270609272979e+00,1.151731526697e+01,4.454368120818e-02,1.692432608599e-01,2.736694135115e+00,1.946476566093e+01,4.465700329729e-02,5.910334549623e-02,1.028395545595e+00,1.000000000000e+00,4.060372336594e-01,2.462828324849e+00
2.969938780117e+00,8.250492204249e+00,1.137526482606e+01,4.483742544768e-02,1.723599264241e-01,2.761398754836e+00,1.942890489245e+01,4.467165624498e-02,5.930226765805e-02,1.010121831495e+00,1.000000000000e+00,4.112669662879e-01,2.431510629278e+00
3.023666766653e+00,8.228066069235e+00,1.123409637039e+01,4.514045149404e-02,1.755326103281e-01,2.785897740466e+00,1.939257116658e+01,4.468763411867e-02,5.950340929032e-02,9.921728257510e-01,1.000000000000e+00,4.165169613060e-01,2.400862612808e+00
3.078366724921e+00,8.203373919585e+00,1.109388853475e+01,4.545283721695e-02,1.787604364850e-01,2.810181780153e+00,1.935577071974e+01,4.470494949192e-02,5.970675294967e-02,9.745427585719e-01,1.000000000000e+00,4.217858518508e-01,2.370871368995e+00
3.134056238475e+00,8.176462012245e+00,1.095471748894e+01,4.577465620546e-02,1.820423967591e-01,2.834241803458e+00,1.931851010668e+01,4.472361413448e-02,5.991228027600e-02,9.572259626905e-01,1.000000000000e+00,4.270722507190e-01,2.341524176100e+00
3.190753208968e+00,8.147379644691e+00,1.081665677919e+01,4.610597761744e-02,1.853773484969e-01,2.858068994244e+00,1.928079618767e+01,4.474363900740e-02,6.011997203259e-02,9.402168715424e-01,1.000000000000e+00,4.323747521873e-01,2.312808495272e+00
3.248475861906e+00,8.116178981557e+00,1.067977718218e+01,4.644686602949e-02,1.887640125971e-01,2.881654802752e+00,1.924263611508e+01,4.476503426014e-02,6.032980814800e-02,9.235100174762e-01,1.000000000000e+00,4.376919338811e-01,2.284711968833e+00
3.307242752503e+00,8.082914873761e+00,1.054414657237e+01,4.679738128776e-02,1.922009721675e-01,2.904990956830e+00,1.920403731934e+01,4.478780922968e-02,6.054176775949e-02,9.071000299960e-01,1.000000000000e+00,4.430223586854e-01,2.257222418677e+00
3.367072771650e+00,8.047644671262e+00,1.040982980277e+01,4.715757835982e-02,1.956866718107e-01,2.928069472287e+00,1.916500749452e+01,4.481197244146e-02,6.075582925786e-02,8.909816340352e-01,1.000000000000e+00,4.483645766915e-01,2.230327844762e+00
3.427985151983e+00,8.010428030566e+00,1.027688859967e+01,4.752750718774e-02,1.992194175820e-01,2.950882662353e+00,1.912555458333e+01,4.483753161220e-02,6.097197033352e-02,8.751496482604e-01,1.000000000000e+00,4.537171271728e-01,2.204016423694e+00
3.489999474071e+00,7.971326718131e+00,1.014538147121e+01,4.790721254279e-02,2.027973776569e-01,2.973423146230e+00,1.908568676183e+01,4.486449365456e-02,6.119016802362e-02,8.595989834062e-01,1.000000000000e+00,4.590785405825e-01,2.178276507395e+00
3.553135672706e+00,7.930404410801e+00,1.001536363011e+01,4.829673388207e-02,2.064185837427e-01,2.995683856704e+00,1.904541242387e+01,4.489286468347e-02,6.141039876010e-02,8.443246406392e-01,1.000000000000e+00,4.644473405670e-01,2.153096621846e+00
3.617414043312e+00,7.887726494365e+00,9.886886930404e+00,4.869610520728e-02,2.100809332629e-01,3.017658046847e+00,1.900474016513e+01,4.492265002425e-02,6.163263841835e-02,8.293217099510e-01,1.000000000000e+00,4.698220459883e-01,2.128465465890e+00
3.682855248469e+00,7.843359861345e+00,9.759999818009e+00,4.910535492627e-02,2.137821923408e-01,3.039339295768e+00,1.896367876719e+01,4.495385422215e-02,6.185686236652e-02,8.145853685797e-01,1.000000000000e+00,4.752011729473e-01,2.104371910107e+00
3.749480324558e+00,7.797372709025e+00,9.634747295026e+00,4.952450571751e-02,2.175199995976e-01,3.060721513442e+00,1.892223718130e+01,4.498648105361e-02,6.208304551516e-02,8.001108794600e-01,1.000000000000e+00,4.805832368028e-01,2.080804995723e+00
3.817310688518e+00,7.749834338765e+00,9.511170897368e+00,4.995357439823e-02,2.212918707799e-01,3.081798944619e+00,1.888042451219e+01,4.502053353879e-02,6.231116236706e-02,7.858935897000e-01,1.000000000000e+00,4.859667541788e-01,2.057753933579e+00
3.886368144736e+00,7.700814957518e+00,9.389308685384e+00,5.039257179653e-02,2.250952042204e-01,3.102566171816e+00,1.883825000183e+01,4.505601395554e-02,6.254118706711e-02,7.719289290860e-01,1.000000000000e+00,4.913502449527e-01,2.035208103125e+00
3.956674892051e+00,7.650385482459e+00,9.269195247020e+00,5.084150262816e-02,2.289272871287e-01,3.123018117417e+00,1.879572301334e+01,4.509292385459e-02,6.277309345214e-02,7.582124086128e-01,1.000000000000e+00,4.967322342199e-01,2.013157051446e+00
4.028253530894e+00,7.598617349564e+00,9.150861713005e+00,5.130036537849e-02,2.327853027040e-01,3.143150044905e+00,1.875285301487e+01,4.513126407592e-02,6.300685510040e-02,7.447396190413e-01,1.000000000000e+00,5.021112542269e-01,1.991590492310e+00
4.101127070551e+00,7.545582326900e+00,9.034335783488e+00,5.176915219033e-02,2.366663380503e-01,3.162957559231e+00,1.870964956378e+01,4.517103476624e-02,6.324244538073e-02,7.315062294806e-01,1.000000000000e+00,5.074858462684e-01,1.970498305230e+00
4.175318936560e+00,7.491352333338e+00,8.919641765527e+00,5.224784875830e-02,2.405673928680e-01,3.182436606367e+00,1.866612229095e+01,4.521223539736e-02,6.347983750111e-02,7.185079859962e-01,1.000000000000e+00,5.128545625411e-01,1.949870534534e+00
4.250852978242e+00,7.435999263306e+00,8.806800620752e+00,5.273643423052e-02,2.444853888887e-01,3.201583472060e+00,1.862228088540e+01,4.525486478552e-02,6.371900455661e-02,7.057407102424e-01,1.000000000000e+00,5.182159679507e-01,1.929697388435e+00
4.327753476363e+00,7.379594818159e+00,8.695830022542e+00,5.323488111832e-02,2.484171800090e-01,3.220394779825e+00,1.857813507916e+01,4.529892111154e-02,6.395991957654e-02,6.932002981189e-01,1.000000000000e+00,5.235686418661e-01,1.909969238104e+00
4.406045150948e+00,7.322210344633e+00,8.586744421981e+00,5.374315521478e-02,2.523595630744e-01,3.238867488202e+00,1.853369463256e+01,4.534440194154e-02,6.420255557073e-02,6.808827184520e-01,1.000000000000e+00,5.289111798160e-01,1.890676616720e+00
4.485753169219e+00,7.263916680818e+00,8.479555121892e+00,5.426121552303e-02,2.563092892534e-01,3.256998887331e+00,1.848896931983e+01,4.539130424847e-02,6.444688557473e-02,6.687840116987e-01,1.000000000000e+00,5.342421951247e-01,1.871810218522e+00
4.566903153688e+00,7.204784009986e+00,8.374270358183e+00,5.478901419510e-02,2.602630759377e-01,3.274786594860e+00,1.844396891513e+01,4.543962443396e-02,6.469288269405e-02,6.569002886732e-01,1.000000000000e+00,5.395603204815e-01,1.853360897828e+00
4.649521190395e+00,7.144881722541e+00,8.270895387787e+00,5.532649648234e-02,2.642176190964e-01,3.292228551239e+00,1.839870317905e+01,4.548935835076e-02,6.494052014711e-02,6.452277292977e-01,1.000000000000e+00,5.448642094426e-01,1.835319668038e+00
4.733633837291e+00,7.084278286320e+00,8.169432582453e+00,5.587360069816e-02,2.681696060032e-01,3.309323014439e+00,1.835318184555e+01,4.554050132548e-02,6.518977130703e-02,6.337625813738e-01,1.000000000000e+00,5.501525378597e-01,1.817677700607e+00
4.819268132779e+00,7.023041125367e+00,8.069881527651e+00,5.643025819427e-02,2.721157282575e-01,3.326068554134e+00,1.830741460938e+01,4.559304818156e-02,6.544060974203e-02,6.225011593762e-01,1.000000000000e+00,5.554240052352e-01,1.800426323988e+00
4.906451604400e+00,6.961236507281e+00,7.972239125885e+00,5.699639335122e-02,2.760526950062e-01,3.342464045377e+00,1.826141111405e+01,4.564699326256e-02,6.569300925449e-02,6.114398432687e-01,1.000000000000e+00,5.606773359998e-01,1.783557022537e+00
4.995212277686e+00,6.898929439155e+00,7.876499703722e+00,5.757192358432e-02,2.799772462780e-01,3.358508661833e+00,1.821518094028e+01,4.570233045546e-02,6.594694391858e-02,6.005750773398e-01,1.000000000000e+00,5.659112807123e-01,1.767061435392e+00
5.085578685168e+00,6.836183572076e+00,7.782655121845e+00,5.815675936586e-02,2.838861663345e-01,3.374201868586e+00,1.816873359499e+01,4.575905321408e-02,6.620238811639e-02,5.899033690599e-01,1.000000000000e+00,5.711246171782e-01,1.750931355298e+00
5.177579875548e+00,6.773061114122e+00,7.690694887510e+00,5.875080426468e-02,2.877762969417e-01,3.389543414575e+00,1.812207850091e+01,4.581715458248e-02,6.645931657263e-02,5.794212879589e-01,1.000000000000e+00,5.763161514883e-01,1.735158727406e+00
5.271245423035e+00,6.709622751716e+00,7.600606268770e+00,5.935395500391e-02,2.916445504669e-01,3.404533324689e+00,1.807522498663e+01,4.587662721831e-02,6.671770438765e-02,5.691254645231e-01,1.000000000000e+00,5.814847189746e-01,1.719735648021e+00
5.366605436855e+00,6.645927579187e+00,7.512374409886e+00,5.996610153800e-02,2.954879227037e-01,3.419171891571e+00,1.802818227729e+01,4.593746341604e-02,6.697752706906e-02,5.590125891122e-01,1.000000000000e+00,5.866291850851e-01,1.704654363309e+00
5.463690570928e+00,6.582033036331e+00,7.425982447386e+00,6.058712714981e-02,2.993035053328e-01,3.433459667158e+00,1.798095948578e+01,4.599965512999e-02,6.723876056168e-02,5.490794108954e-01,1.000000000000e+00,5.917484461756e-01,1.689907267966e+00
5.562532033722e+00,6.517994853749e+00,7.341411626239e+00,6.121690856869e-02,3.030884979268e-01,3.447397453992e+00,1.793356560458e+01,4.606319399717e-02,6.750138127591e-02,5.393227368064e-01,1.000000000000e+00,5.968414302207e-01,1.675486903833e+00
5.663161598282e+00,6.453867005689e+00,7.258641415682e+00,6.185531611031e-02,3.068402194115e-01,3.460986296352e+00,1.788600949803e+01,4.612807135984e-02,6.776536611456e-02,5.297394305171e-01,1.000000000000e+00,6.019070974432e-01,1.661385958477e+00
5.765611612451e+00,6.389701670114e+00,7.177649624257e+00,6.250221383906e-02,3.105561189028e-01,3.474227471223e+00,1.783829989527e+01,4.619427828783e-02,6.803069249806e-02,5.203264114290e-01,1.000000000000e+00,6.069444408645e-01,1.647597263722e+00
5.869915009262e+00,6.325549195705e+00,7.098412513646e+00,6.315745975364e-02,3.142337858417e-01,3.487122479147e+00,1.779044538363e+01,4.626180560038e-02,6.829733838813e-02,5.110806536834e-01,1.000000000000e+00,6.119524867757e-01,1.634113794143e+00
5.976105317526e+00,6.261458075456e+00,7.020904910957e+00,6.382090599641e-02,3.178709593583e-01,3.499673034982e+00,1.774245440265e+01,4.633064388780e-02,6.856528230981e-02,5.019991851887e-01,1.000000000000e+00,6.169302951317e-01,1.620928665509e+00
6.084216672612e+00,6.197474926553e+00,6.945100319123e+00,6.449239908711e-02,3.214655368028e-01,3.511881058595e+00,1.769433523852e+01,4.640078353259e-02,6.883450337201e-02,4.930790866645e-01,1.000000000000e+00,6.218769598709e-01,1.608035133200e+00
6.194283827415e+00,6.133644476183e+00,6.870971025120e+00,6.517178018118e-02,3.250155813887e-01,3.523748665522e+00,1.764609601913e+01,4.647221473020e-02,6.910498128650e-02,4.843174907036e-01,1.000000000000e+00,6.267916091608e-01,1.595426590568e+00
6.306342163536e+00,6.070009552938e+00,6.798488205769e+00,6.585888535313e-02,3.285193289031e-01,3.535278157622e+00,1.759774470954e+01,4.654492750934e-02,6.937669638537e-02,4.757115808505e-01,1.000000000000e+00,6.316734055726e-01,1.583096567274e+00
6.420427702647e+00,6.006611083459e+00,6.727622030879e+00,6.655354590494e-02,3.319751934469e-01,3.546472013740e+00,1.754928910801e+01,4.661891175185e-02,6.964962963702e-02,4.672585906953e-01,1.000000000000e+00,6.365215461882e-01,1.571038727579e+00
6.536577118074e+00,5.943488093977e+00,6.658341763563e+00,6.725558869963e-02,3.353817721778e-01,3.557332880417e+00,1.750073684245e+01,4.669415721207e-02,6.992376266070e-02,4.589558029852e-01,1.000000000000e+00,6.413352626396e-01,1.559246868610e+00
6.654827746586e+00,5.880677716415e+00,6.590615857557e+00,6.796483651983e-02,3.387378490367e-01,3.567863562644e+00,1.745209536735e+01,4.677065353577e-02,7.019907773955e-02,4.508005487503e-01,1.000000000000e+00,6.461138210861e-01,1.547714918587e+00
6.775217600398e+00,5.818215198700e+00,6.524412051430e+00,6.868110845101e-02,3.420423974503e-01,3.578067014711e+00,1.740337196113e+01,4.684839027850e-02,7.047555783230e-02,4.427902064465e-01,1.000000000000e+00,6.508565221295e-01,1.536436935022e+00
6.897785379388e+00,5.756133918963e+00,6.459697459579e+00,6.940422028905e-02,3.452945820067e-01,3.587946331142e+00,1.735457372396e+01,4.692735692359e-02,7.075318658357e-02,4.349222011118e-01,1.000000000000e+00,6.555627006727e-01,1.525407102896e+00
7.022570483537e+00,5.694465403307e+00,6.396438659937e+00,7.013398497134e-02,3.484937591163e-01,3.597504737742e+00,1.730570757597e+01,4.700754289947e-02,7.103194833277e-02,4.271940035395e-01,1.000000000000e+00,6.602317257221e-01,1.514619732801e+00
7.149613025597e+00,5.633239346825e+00,6.334601778353e+00,7.087021303089e-02,3.516394766721e-01,3.606745582775e+00,1.725678025580e+01,4.708893759665e-02,7.131182812179e-02,4.196031294644e-01,1.000000000000e+00,6.648630001387e-01,1.504069259068e+00
7.278953843983e+00,5.572483637579e+00,6.274152569616e+00,7.161271307221e-02,3.547314727364e-01,3.615672328282e+00,1.720779831962e+01,4.717153038406e-02,7.159281170127e-02,4.121471387650e-01,1.000000000000e+00,6.694559603394e-01,1.493750237869e+00
7.410634515903e+00,5.512224383244e+00,6.215056495115e+00,7.236129226802e-02,3.577696732845e-01,3.624288541545e+00,1.715876814044e+01,4.725531062498e-02,7.187488553575e-02,4.048236346783e-01,1.000000000000e+00,6.740100759529e-01,1.483657345309e+00
7.544697370720e+00,5.452485940157e+00,6.157278797153e+00,7.311575687536e-02,3.607541890472e-01,3.632597886723e+00,1.710969590778e+01,4.734026769242e-02,7.215803680747e-02,3.976302630298e-01,1.000000000000e+00,6.785248494317e-01,1.473785375491e+00
7.681185503562e+00,5.393290944504e+00,6.100784569943e+00,7.387591276964e-02,3.636853114943e-01,3.640604116651e+00,1.706058762769e+01,4.742639098401e-02,7.244225341907e-02,3.905647114770e-01,1.000000000000e+00,6.829998156247e-01,1.464129238579e+00
7.820142789174e+00,5.334660345408e+00,6.045538827331e+00,7.464156599493e-02,3.665635080114e-01,3.648311064829e+00,1.701144912304e+01,4.751366993639e-02,7.272752399510e-02,3.836247087653e-01,1.000000000000e+00,6.874345413116e-01,1.454683958842e+00
7.961613896020e+00,5.276613439699e+00,5.991506567300e+00,7.541252332864e-02,3.693894163244e-01,3.655722637587e+00,1.696228603415e+01,4.760209403912e-02,7.301383788235e-02,3.768080239987e-01,1.000000000000e+00,6.918286247036e-01,1.445444672701e+00
8.105644300645e+00,5.219167908135e+00,5.938652833326e+00,7.618859285854e-02,3.721638382304e-01,3.662842806457e+00,1.691310381964e+01,4.769165284809e-02,7.330118514913e-02,3.701124659222e-01,1.000000000000e+00,6.961816949129e-01,1.436406626757e+00
8.252280302291e+00,5.162339852908e+00,5.886942772659e+00,7.696958456994e-02,3.748877326961e-01,3.669675600735e+00,1.686390775760e+01,4.778233599846e-02,7.358955658345e-02,3.635358822176e-01,1.000000000000e+00,7.004934113922e-01,1.427565175827e+00
8.401569037784e+00,5.106143836232e+00,5.836341691618e+00,7.775531094075e-02,3.775622083876e-01,3.676225100247e+00,1.681470294699e+01,4.787413321716e-02,7.387894369017e-02,3.570761588113e-01,1.000000000000e+00,7.047634633499e-01,1.418915780973e+00
8.553558496680e+00,5.050592919864e+00,5.786815107987e+00,7.854558754176e-02,3.801885156970e-01,3.682495428327e+00,1.676549430927e+01,4.796703433482e-02,7.416933868707e-02,3.507312191954e-01,1.000000000000e+00,7.089915691404e-01,1.410454007531e+00
8.708297536698e+00,4.995698705401e+00,5.738328800598e+00,7.934023363975e-02,3.827680383295e-01,3.688490745000e+00,1.671628659024e+01,4.806102929736e-02,7.446073449997e-02,3.444990237596e-01,1.000000000000e+00,7.131774756349e-01,1.402175523154e+00
8.865835899420e+00,4.941471375229e+00,5.690848856214e+00,8.013907280048e-02,3.853022845189e-01,3.694215240380e+00,1.666708436208e+01,4.815610817706e-02,7.475312475688e-02,3.383775691355e-01,1.000000000000e+00,7.173209575728e-01,1.394076095844e+00
9.026224226285e+00,4.887919733993e+00,5.644341713798e+00,8.094193348884e-02,3.877928779336e-01,3.699673128282e+00,1.661789202566e+01,4.825226118317e-02,7.504650378117e-02,3.323648875533e-01,1.000000000000e+00,7.214218168980e-01,1.386151592005e+00
9.189514074867e+00,4.835051250497e+00,5.598774206272e+00,8.174864966324e-02,3.902415483385e-01,3.704868640046e+00,1.656871381293e+01,4.834947867213e-02,7.534086658377e-02,3.264590462084e-01,1.000000000000e+00,7.254798820813e-01,1.378397974498e+00
9.355757935445e+00,4.782872099921e+00,5.554113599859e+00,8.255906136119e-02,3.926501220719e-01,3.709806018580e+00,1.651955378955e+01,4.844775115727e-02,7.563620885461e-02,3.206581466408e-01,1.000000000000e+00,7.294950074311e-01,1.370811300713e+00
9.525009247882e+00,4.731387206303e+00,5.510327631109e+00,8.337301527308e-02,3.950205123986e-01,3.714489512619e+00,1.647041585762e+01,4.854706931820e-02,7.593252695297e-02,3.149603241243e-01,1.000000000000e+00,7.334670723951e-01,1.363387720644e+00
9.697322418797e+00,4.680600285184e+00,5.467384541705e+00,8.419036530099e-02,3.973547097940e-01,3.718923371197e+00,1.642130375864e+01,4.864742400959e-02,7.622981789717e-02,3.093637470674e-01,1.000000000000e+00,7.373959808547e-01,1.356123474990e+00
9.872752839061e+00,4.630513886381e+00,5.425253111130e+00,8.501097309972e-02,3.996547722124e-01,3.723111838336e+00,1.637222107654e+01,4.874880626971e-02,7.652807935324e-02,3.038666164244e-01,1.000000000000e+00,7.412816604135e-01,1.349014893262e+00
1.005135690160e+01,4.581129436837e+00,5.383902687284e+00,8.583470859659e-02,4.019228153907e-01,3.727059147956e+00,1.632317124084e+01,4.885120732840e-02,7.682730962292e-02,2.984671651171e-01,1.000000000000e+00,7.451240616825e-01,1.342058391917e+00
1.023319201951e+01,4.532447283491e+00,5.343303215138e+00,8.666145048740e-02,4.041610032319e-01,3.730769518988e+00,1.627415752999e+01,4.895461861470e-02,7.712750763074e-02,2.931636574668e-01,1.000000000000e+00,7.489231575632e-01,1.335250472497e+00
1.041831664455e+01,4.484466736156e+00,5.303425263486e+00,8.749108670527e-02,4.063715383128e-01,3.734247150712e+00,1.622518307473e+01,4.905903176400e-02,7.742867291040e-02,2.879543886363e-01,1.000000000000e+00,7.526789425303e-01,1.328587719803e+00
1.060679028587e+01,4.437186110368e+00,5.264240049882e+00,8.832351485968e-02,4.085566525541e-01,3.737496218297e+00,1.617625086164e+01,4.916443862483e-02,7.773080559037e-02,2.828376840820e-01,1.000000000000e+00,7.563914319155e-01,1.322066800079e+00
1.079867352922e+01,4.390602770187e+00,5.225719463799e+00,8.915864264285e-02,4.107185980877e-01,3.740520868565e+00,1.612736373670e+01,4.927083126515e-02,7.803390637873e-02,2.778118990154e-01,1.000000000000e+00,7.600606611935e-01,1.315684459224e+00
1.099402805635e+01,4.344713170939e+00,5.187836088099e+00,8.999638820087e-02,4.128596383544e-01,3.743325215954e+00,1.607852440900e+01,4.937820197825e-02,7.833797654736e-02,2.728754178745e-01,1.000000000000e+00,7.636866852723e-01,1.309437521021e+00
1.119291666488e+01,4.299512901890e+00,5.150563218823e+00,9.083668046706e-02,4.149820394585e-01,3.745913338692e+00,1.602973545448e+01,4.948654328828e-02,7.864301791537e-02,2.680266538046e-01,1.000000000000e+00,7.672695777879e-01,1.303322885397e+00
1.139540328847e+01,4.254996728830e+00,5.113874883384e+00,9.167945945520e-02,4.170880618040e-01,3.748289275189e+00,1.598099931979e+01,4.959584795520e-02,7.894903283197e-02,2.632640481478e-01,1.000000000000e+00,7.708094304054e-01,1.297337526701e+00
1.160155301740e+01,4.211158636580e+00,5.077745857160e+00,9.252467651059e-02,4.191799520353e-01,3.750457020618e+00,1.593231832611e+01,4.970610897949e-02,7.925602415858e-02,2.585860699426e-01,1.000000000000e+00,7.743063521268e-01,1.291478492012e+00
1.181143211945e+01,4.167991871406e+00,5.042151678541e+00,9.337229451692e-02,4.212599352984e-01,3.752420523718e+00,1.588369467316e+01,4.981731960623e-02,7.956399525048e-02,2.539912154310e-01,1.000000000000e+00,7.777604686074e-01,1.285742899469e+00
1.202510806124e+01,4.125488983333e+00,5.007068662440e+00,9.422228805734e-02,4.233302078394e-01,3.754183683790e+00,1.583513044316e+01,4.992947332889e-02,7.987294993778e-02,2.494780075757e-01,1.000000000000e+00,7.811719214807e-01,1.280127936632e+00
1.224264952988e+01,4.083641868364e+00,4.972473912284e+00,9.507464352813e-02,4.253929299526e-01,3.755750347898e+00,1.578662760484e+01,5.004256389259e-02,8.018289250590e-02,2.450449955851e-01,1.000000000000e+00,7.845408676926e-01,1.274630858863e+00
1.246412645510e+01,4.042441810577e+00,4.938345330495e+00,9.592935920400e-02,4.274502192883e-01,3.757124308277e+00,1.573818801751e+01,5.015658529694e-02,8.049382767555e-02,2.406907544469e-01,1.000000000000e+00,7.878674788467e-01,1.269248987741e+00
1.268961003168e+01,4.001879524116e+00,4.904661627460e+00,9.678644525377e-02,4.295041445281e-01,3.758309299927e+00,1.568981343517e+01,5.027153179841e-02,8.080576058224e-02,2.364138844701e-01,1.000000000000e+00,7.911519405602e-01,1.263979709500e+00
1.291917274236e+01,3.961945195036e+00,4.871402328998e+00,9.764592370613e-02,4.315567194356e-01,3.759308998424e+00,1.564150551056e+01,5.038739791227e-02,8.111869675533e-02,2.322130108349e-01,1.000000000000e+00,7.943944518309e-01,1.258820473501e+00
1.315288838115e+01,3.922628523005e+00,4.838547782303e+00,9.850782836478e-02,4.336098972842e-01,3.760127017908e+00,1.559326579932e+01,5.050417841401e-02,8.143264209680e-02,2.280867831509e-01,1.000000000000e+00,7.975952244168e-01,1.253768790719e+00
1.339083207703e+01,3.883918762829e+00,4.806079160369e+00,9.937220467314e-02,4.356655656680e-01,3.760766909283e+00,1.554509576405e+01,5.062186834040e-02,8.174760285954e-02,2.240338750231e-01,1.000000000000e+00,8.007544822282e-01,1.248822232274e+00
1.363308031809e+01,3.845804765770e+00,4.773978464868e+00,1.002391095287e-01,4.377255416954e-01,3.761232158597e+00,1.549699677852e+01,5.074046298991e-02,8.206358562547e-02,2.200529836254e-01,1.000000000000e+00,8.038724607319e-01,1.243978427983e+00
1.387971097616e+01,3.808275020647e+00,4.742228527482e+00,1.011086110475e-01,4.397915675689e-01,3.761526185624e+00,1.544897013169e+01,5.085995792288e-02,8.238059728335e-02,2.161428292818e-01,1.000000000000e+00,8.069494063695e-01,1.239235064933e+00
1.413080333181e+01,3.771317694642e+00,4.710813009660e+00,1.019807882800e-01,4.418653065480e-01,3.761652342628e+00,1.540101703182e+01,5.098034896097e-02,8.269864500644e-02,2.123021550548e-01,1.000000000000e+00,8.099855759881e-01,1.234589886098e+00
1.438643809986e+01,3.734920673808e+00,4.679716400785e+00,1.028557308788e-01,4.439483392980e-01,3.761613913319e+00,1.535313861058e+01,5.110163218636e-02,8.301773623002e-02,2.085297263420e-01,1.000000000000e+00,8.129812362855e-01,1.230040688970e+00
1.464669745527e+01,3.699071603195e+00,4.648924014744e+00,1.037335387199e-01,4.460421606214e-01,3.761414111990e+00,1.530533592704e+01,5.122380394033e-02,8.333787862879e-02,2.048243304787e-01,1.000000000000e+00,8.159366632686e-01,1.225585324226e+00
1.491166505964e+01,3.663757926557e+00,4.618421984876e+00,1.046143214799e-01,4.481481765720e-01,3.761056082840e+00,1.525760997171e+01,5.134686082143e-02,8.365908009434e-02,2.011847763481e-01,1.000000000000e+00,8.188521417261e-01,1.221221694422e+00
1.518142608802e+01,3.628966925560e+00,4.588197257291e+00,1.054981981702e-01,4.502677019494e-01,3.760542899477e+00,1.520996167044e+01,5.147079968313e-02,8.398134871259e-02,1.976098939985e-01,1.000000000000e+00,8.217279647147e-01,1.216947752712e+00
1.545606725635e+01,3.594685758437e+00,4.558237582547e+00,1.063852966307e-01,4.524019581724e-01,3.759877564593e+00,1.516239188840e+01,5.159561763109e-02,8.430469274136e-02,1.940985342676e-01,1.000000000000e+00,8.245644330601e-01,1.212761501595e+00
1.573567684932e+01,3.560901498000e+00,4.528531505687e+00,1.072757529862e-01,4.545520715294e-01,3.759063009815e+00,1.511490143389e+01,5.172131201989e-02,8.462912058812e-02,1.906495684124e-01,1.000000000000e+00,8.273618548712e-01,1.208660991696e+00
1.602034474873e+01,3.527601168934e+00,4.499068354633e+00,1.081697110675e-01,4.567190718039e-01,3.758102095724e+00,1.506749106209e+01,5.184788044933e-02,8.495464078795e-02,1.872618877467e-01,1.000000000000e+00,8.301205450692e-01,1.204644320563e+00
1.631016246239e+01,3.494771784288e+00,4.469838226944e+00,1.090673218009e-01,4.589038912723e-01,3.756997612043e+00,1.502016147883e+01,5.197532076032e-02,8.528126198186e-02,1.839344032850e-01,1.000000000000e+00,8.328408249301e-01,1.200709631500e+00
1.660522315355e+01,3.462400381068e+00,4.440831974951e+00,1.099687425687e-01,4.611073640721e-01,3.755752277975e+00,1.497291334419e+01,5.210363103032e-02,8.560899289541e-02,1.806660453917e-01,1.000000000000e+00,8.355230216413e-01,1.196855112425e+00
1.690562167086e+01,3.430474054841e+00,4.412041189299e+00,1.108741365450e-01,4.633302259385e-01,3.754368742710e+00,1.492574727604e+01,5.223280956833e-02,8.593784231777e-02,1.774557634383e-01,1.000000000000e+00,8.381674678722e-01,1.193078994749e+00
1.721145457879e+01,3.398979993253e+00,4.383458180912e+00,1.117836720097e-01,4.655731143046e-01,3.752849586074e+00,1.487866385349e+01,5.236285490958e-02,8.626781908139e-02,1.743025254644e-01,1.000000000000e+00,8.407745013583e-01,1.189379552287e+00
1.752282018877e+01,3.367905508368e+00,4.355075961435e+00,1.126975216447e-01,4.678365687636e-01,3.751197319320e+00,1.483166362027e+01,5.249376580967e-02,8.659893204205e-02,1.712053178473e-01,1.000000000000e+00,8.433444644991e-01,1.185755100194e+00
1.783981859072e+01,3.337238067711e+00,4.326888222193e+00,1.136158618165e-01,4.701210318879e-01,3.749414386066e+00,1.478474708795e+01,5.262554123854e-02,8.693119005972e-02,1.681631449751e-01,1.000000000000e+00,8.458777039694e-01,1.182203993919e+00
1.816255168524e+01,3.306965323947e+00,4.298889311726e+00,1.145388718489e-01,4.724268504012e-01,3.747503163355e+00,1.473791473905e+01,5.275818037395e-02,8.726460197998e-02,1.651750289271e-01,1.000000000000e+00,8.483745703432e-01,1.178724628197e+00
1.849112321639e+01,3.277075143072e+00,4.271074211969e+00,1.154667332904e-01,4.747542766975e-01,3.745465962850e+00,1.469116703011e+01,5.289168259473e-02,8.759917661627e-02,1.622400091597e-01,1.000000000000e+00,8.508354177322e-01,1.175315436052e+00
1.882563880502e+01,3.247555631036e+00,4.243438513160e+00,1.163996291797e-01,4.771034707009e-01,3.743305032134e+00,1.464450439456e+01,5.302604747369e-02,8.793492273292e-02,1.593571421970e-01,1.000000000000e+00,8.532606034352e-01,1.171974887829e+00
1.916620598271e+01,3.218395158704e+00,4.215978387557e+00,1.173377433142e-01,4.794745020587e-01,3.741022556132e+00,1.459792724546e+01,5.316127477027e-02,8.827184902904e-02,1.565255013281e-01,1.000000000000e+00,8.556504876017e-01,1.168701490258e+00
1.951293422636e+01,3.189582385077e+00,4.188690562057e+00,1.182812595255e-01,4.818673526582e-01,3.738620658626e+00,1.455143597819e+01,5.329736442297e-02,8.860996412331e-02,1.537441763088e-01,1.000000000000e+00,8.580054329072e-01,1.165493785525e+00
1.986593499338e+01,3.161106278681e+00,4.161572289846e+00,1.192303609659e-01,4.842819194589e-01,3.736101403866e+00,1.450503097287e+01,5.343431654159e-02,8.894927653976e-02,1.510122730694e-01,1.000000000000e+00,8.603258042408e-01,1.162350350380e+00
2.022532175751e+01,3.132956137075e+00,4.134621321162e+00,1.201852294099e-01,4.867180176257e-01,3.733466798262e+00,1.445871259680e+01,5.357213139924e-02,8.928979469452e-02,1.483289134268e-01,1.000000000000e+00,8.626119684047e-01,1.159269795258e+00
2.059121004530e+01,3.105121604390e+00,4.107835873325e+00,1.211460445756e-01,4.891753839522e-01,3.730718792161e+00,1.441248120660e+01,5.371080942423e-02,8.963152688360e-02,1.456932348026e-01,1.000000000000e+00,8.648642938256e-01,1.156250763431e+00
2.096371747322e+01,3.077592686865e+00,4.081214600147e+00,1.221129834686e-01,4.916536805571e-01,3.727859281677e+00,1.436633715033e+01,5.385035119191e-02,8.997448127177e-02,1.431043899457e-01,1.000000000000e+00,8.670831502772e-01,1.153291930169e+00
2.134296378553e+01,3.050359766338e+00,4.054756560861e+00,1.230862197532e-01,4.941524988384e-01,3.724890110584e+00,1.432028076939e+01,5.399075741635e-02,9.031866588247e-02,1.405615466599e-01,1.000000000000e+00,8.692689086144e-01,1.150392001934e+00
2.172907089272e+01,3.023413611646e+00,4.028461188714e+00,1.240659231537e-01,4.966713636654e-01,3.721813072263e+00,1.427431240029e+01,5.413202894199e-02,9.066408858891e-02,1.380638875363e-01,1.000000000000e+00,8.714219405176e-01,1.147549715590e+00
2.212216291070e+01,2.996745387932e+00,4.002328259373e+00,1.250522588898e-01,4.992097377884e-01,3.718629911670e+00,1.422843237627e+01,5.427416673538e-02,9.101075710618e-02,1.356106096908e-01,1.000000000000e+00,8.735426182487e-01,1.144763837630e+00
2.252236620074e+01,2.970346663840e+00,3.976357859277e+00,1.260453871493e-01,5.017670264438e-01,3.715342327349e+00,1.418264102880e+01,5.441717187681e-02,9.135867898459e-02,1.332009245059e-01,1.000000000000e+00,8.756313144165e-01,1.142033163428e+00
2.292980941004e+01,2.944209416614e+00,3.950550354113e+00,1.270454625997e-01,5.043425821305e-01,3.711951973455e+00,1.413693868889e+01,5.456104555211e-02,9.170786160409e-02,1.308340573771e-01,1.000000000000e+00,8.776884017530e-01,1.139356516507e+00
2.334462351312e+01,2.918326035113e+00,3.924906357530e+00,1.280526339434e-01,5.069357095308e-01,3.708460461782e+00,1.409132568826e+01,5.470578904452e-02,9.205831216982e-02,1.285092474639e-01,1.000000000000e+00,8.797142528988e-01,1.136732747827e+00
2.376694185389e+01,2.892689320776e+00,3.899426700278e+00,1.290670435166e-01,5.095456705495e-01,3.704869363806e+00,1.404580236040e+01,5.485140372664e-02,9.241003770872e-02,1.262257474455e-01,1.000000000000e+00,8.817092401992e-01,1.134160735090e+00
2.419690018854e+01,2.867292486590e+00,3.874112399887e+00,1.300888269363e-01,5.121716894412e-01,3.701180212699e+00,1.400036904143e+01,5.499789105267e-02,9.276304506732e-02,1.239828232800e-01,1.000000000000e+00,8.836737355080e-01,1.131639382068e+00
2.463463672919e+01,2.842129154108e+00,3.848964631049e+00,1.311181127938e-01,5.148129579964e-01,3.697394505341e+00,1.395502607091e+01,5.514525255066e-02,9.311734091050e-02,1.217797539691e-01,1.000000000000e+00,8.856081100022e-01,1.129167617940e+00
2.508029218828e+01,2.817193348593e+00,3.823984696830e+00,1.321550223998e-01,5.174686407548e-01,3.693513704298e+00,1.390977379242e+01,5.529348981517e-02,9.347293172136e-02,1.196158313260e-01,1.000000000000e+00,8.875127340041e-01,1.126744396656e+00
2.553400982382e+01,2.792479492375e+00,3.799174000848e+00,1.331996695790e-01,5.201378802140e-01,3.689539239765e+00,1.386461255406e+01,5.544260450008e-02,9.382982380198e-02,1.174903597476e-01,1.000000000000e+00,8.893879768123e-01,1.124368696308e+00
2.599593548546e+01,2.767982396512e+00,3.774534020535e+00,1.342521605157e-01,5.228198020009e-01,3.685472511471e+00,1.381954270884e+01,5.559259831166e-02,9.418802327524e-02,1.154026559913e-01,1.000000000000e+00,8.912342065415e-01,1.122039518524e+00
2.646621766134e+01,2.743697250849e+00,3.750066281603e+00,1.353125936514e-01,5.255135199740e-01,3.681314890529e+00,1.377456461489e+01,5.574347300204e-02,9.454753608745e-02,1.133520489549e-01,1.000000000000e+00,8.930517899697e-01,1.119755887880e+00
2.694500752586e+01,2.719619612612e+00,3.725772333812e+00,1.363810596329e-01,5.282181412232e-01,3.677067721238e+00,1.372967863566e+01,5.589523036290e-02,9.490836801189e-02,1.113378794614e-01,1.000000000000e+00,8.948410923935e-01,1.117516851316e+00
2.743245898825e+01,2.695745393633e+00,3.701653728141e+00,1.374576413106e-01,5.309327709355e-01,3.672732322810e+00,1.368488513988e+01,5.604787221955e-02,9.527052465307e-02,1.093595000465e-01,1.000000000000e+00,8.966024774907e-01,1.115321477584e+00
2.792872874204e+01,2.672070846358e+00,3.677711995432e+00,1.385424137872e-01,5.336565170965e-01,3.668309991046e+00,1.364018450156e+01,5.620140042537e-02,9.563401145182e-02,1.074162747510e-01,1.000000000000e+00,8.983363071902e-01,1.113168856692e+00
2.843397631545e+01,2.648592548753e+00,3.653948626593e+00,1.396354445130e-01,5.363884949956e-01,3.663801999925e+00,1.359557709979e+01,5.635581685661e-02,9.599883369091e-02,1.055075789161e-01,1.000000000000e+00,9.000429415496e-01,1.111058099382e+00
2.894836412265e+01,2.625307388266e+00,3.630365054401e+00,1.407367934283e-01,5.391278315089e-01,3.659209603121e+00,1.355106331850e+01,5.651112340757e-02,9.636499650140e-02,1.036327989827e-01,1.000000000000e+00,9.017227386382e-01,1.108988336604e+00
2.947205751601e+01,2.602212544975e+00,3.606962636956e+00,1.418465131499e-01,5.418736691314e-01,3.654534035445e+00,1.350664354616e+01,5.666732198618e-02,9.673250486939e-02,1.017913322940e-01,1.000000000000e+00,9.033760544283e-01,1.106958719016e+00
3.000522483919e+01,2.579305474080e+00,3.583742642820e+00,1.429646491989e-01,5.446251697357e-01,3.649776514197e+00,1.346231817537e+01,5.682441450996e-02,9.710136364336e-02,9.998258690204e-02,1.000000000000e+00,9.050032426914e-01,1.104968416495e+00
3.054803748132e+01,2.556583887863e+00,3.560706237849e+00,1.440912402673e-01,5.473815180341e-01,3.644938240432e+00,1.341808760245e+01,5.698240290240e-02,9.747157754177e-02,9.820598137719e-02,1.000000000000e+00,9.066046549012e-01,1.103016617656e+00
3.110066993202e+01,2.534045737296e+00,3.537854473729e+00,1.452263185209e-01,5.501419247252e-01,3.640020400146e+00,1.337395222687e+01,5.714128908970e-02,9.784315116103e-02,9.646094462136e-02,1.000000000000e+00,9.081806401427e-01,1.101102529385e+00
3.166329983758e+01,2.511689193401e+00,3.515188278207e+00,1.463699099342e-01,5.529056293098e-01,3.635024165366e+00,1.332991245077e+01,5.730107499795e-02,9.821608898374e-02,9.474691568436e-02,1.000000000000e+00,9.097315450263e-01,1.099225376395e+00
3.223610805799e+01,2.489512628540e+00,3.492708446989e+00,1.475220346542e-01,5.556719025619e-01,3.629950695154e+00,1.328596867834e+01,5.746176255067e-02,9.859039538705e-02,9.306334358364e-02,1.000000000000e+00,9.112577136082e-01,1.097384400775e+00
3.281927872511e+01,2.467514597732e+00,3.470415637277e+00,1.486827073899e-01,5.584400486455e-01,3.624801136527e+00,1.324212131522e+01,5.762335366673e-02,9.896607465114e-02,9.140968712711e-02,1.000000000000e+00,9.127594873155e-01,1.095578861570e+00
3.341299930187e+01,2.445693820172e+00,3.448310362902e+00,1.498519378219e-01,5.612094068719e-01,3.619576625283e+00,1.319837076784e+01,5.778585025867e-02,9.934313096773e-02,8.978541473922e-02,1.000000000000e+00,9.142372048764e-01,1.093808034355e+00
3.401746064251e+01,2.424049161026e+00,3.426392990988e+00,1.510297310305e-01,5.639793530928e-01,3.614278286746e+00,1.315471744281e+01,5.794925423129e-02,9.972156844860e-02,8.819000429007e-02,1.000000000000e+00,9.156912022561e-01,1.092071210836e+00
3.463285705392e+01,2.402579613666e+00,3.404663740089e+00,1.522160879355e-01,5.667493007324e-01,3.608907236426e+00,1.311116174619e+01,5.811356748073e-02,1.001013911339e-01,8.662294292757e-02,1.000000000000e+00,9.171218125962e-01,1.090367698451e+00
3.525938635814e+01,2.381284282415e+00,3.383122679722e+00,1.534110057460e-01,5.695187014607e-01,3.603464580597e+00,1.306770408291e+01,5.827879189372e-02,1.004826030006e-01,8.508372691254e-02,1.000000000000e+00,9.185293661593e-01,1.088696819984e+00
3.589724995594e+01,2.360162365928e+00,3.361769731210e+00,1.546144784136e-01,5.722870455172e-01,3.597951416796e+00,1.302434485605e+01,5.844492934727e-02,1.008652079703e-01,8.357186145686e-02,1.000000000000e+00,9.199141902785e-01,1.087057913192e+00
3.654665289153e+01,2.339213141272e+00,3.340604669755e+00,1.558264970868e-01,5.750538616950e-01,3.592368834250e+00,1.298108446619e+01,5.861198170853e-02,1.012492099170e-01,8.208686056434e-02,1.000000000000e+00,9.212766093095e-01,1.085450330438e+00
3.720780391849e+01,2.318435948819e+00,3.319627127631e+00,1.570470505622e-01,5.778187170001e-01,3.586717914230e+00,1.293792331083e+01,5.877995083501e-02,1.016346126750e-01,8.062824687455e-02,1.000000000000e+00,9.226169445887e-01,1.083873438338e+00
3.788091556691e+01,2.297830177979e+00,3.298836598408e+00,1.582761257268e-01,5.805812160024e-01,3.580999730334e+00,1.289486178370e+01,5.894883857498e-02,1.020214200454e-01,7.919555150935e-02,1.000000000000e+00,9.239355143932e-01,1.082326617412e+00
3.856620421163e+01,2.277395253870e+00,3.278232442095e+00,1.595137079899e-01,5.833409998985e-01,3.575215348713e+00,1.285190027422e+01,5.911864676817e-02,1.024096358036e-01,7.778831392214e-02,1.000000000000e+00,9.252326339064e-01,1.080809261751e+00
3.926389014190e+01,2.257130624940e+00,3.257813891109e+00,1.607597817004e-01,5.860977453081e-01,3.569365828237e+00,1.280903916693e+01,5.928937724655e-02,1.027992637052e-01,7.640608174987e-02,1.000000000000e+00,9.265086151852e-01,1.079320778685e+00
3.997419763208e+01,2.237035751604e+00,3.237580056939e+00,1.620143305444e-01,5.888511628281e-01,3.563452220604e+00,1.276627884091e+01,5.946103183543e-02,1.031903074920e-01,7.504841066759e-02,1.000000000000e+00,9.277637671323e-01,1.077860588467e+00
4.069735501383e+01,2.217110095898e+00,3.217529937418e+00,1.632773379231e-01,5.916009953710e-01,3.557475570401e+00,1.272361966936e+01,5.963361235457e-02,1.035827708975e-01,7.371486424562e-02,1.000000000000e+00,9.289983954706e-01,1.076428123962e+00
4.143359474943e+01,2.197353112179e+00,3.197662424487e+00,1.645487873050e-01,5.943470163137e-01,3.551436915128e+00,1.268106201904e+01,5.980712061955e-02,1.039766576523e-01,7.240501380926e-02,1.000000000000e+00,9.302128027214e-01,1.075022830340e+00
4.218315350658e+01,2.177764238879e+00,3.177976312341e+00,1.658286625530e-01,5.970890274853e-01,3.545337285167e+00,1.263860624992e+01,5.998155844311e-02,1.043719714879e-01,7.111843830101e-02,1.000000000000e+00,9.314072881850e-01,1.073644164787e+00
4.294627223443e+01,2.158342891288e+00,3.158470305858e+00,1.671169482213e-01,5.998268570247e-01,3.539177703735e+00,1.259625271478e+01,6.015692763671e-02,1.047687161416e-01,6.985472414519e-02,1.000000000000e+00,9.325821479248e-01,1.072291596215e+00
4.372319624102e+01,2.139088455378e+00,3.139143029214e+00,1.684136298232e-01,6.025603571337e-01,3.532959186792e+00,1.255400175881e+01,6.033323001205e-02,1.051668953595e-01,6.861346511501e-02,1.000000000000e+00,9.337376747532e-01,1.070964604983e+00
4.451417527220e+01,2.120000282620e+00,3.119993034581e+00,1.697186940662e-01,6.052894017583e-01,3.526682742935e+00,1.251185371936e+01,6.051046738267e-02,1.055665128997e-01,6.739426220199e-02,1.000000000000e+00,9.348741582213e-01,1.069662682625e+00
4.531946359185e+01,2.101077685780e+00,3.101018810822e+00,1.710321290546e-01,6.080138842250e-01,3.520349373263e+00,1.246980892565e+01,6.068864156556e-02,1.059675725353e-01,6.619672348769e-02,1.000000000000e+00,9.359918846099e-01,1.068385331585e+00
4.613932006363e+01,2.082319935648e+00,3.082218792102e+00,1.723539244595e-01,6.107337148602e-01,3.513960071233e+00,1.242786769853e+01,6.086775438278e-02,1.063700780561e-01,6.502046401773e-02,1.000000000000e+00,9.370911369235e-01,1.067132064959e+00
4.697400823423e+01,2.063726258659e+00,3.063591366326e+00,1.736840716540e-01,6.134488186202e-01,3.507515822498e+00,1.238603035034e+01,6.104780766304e-02,1.067740332705e-01,6.386510567803e-02,1.000000000000e+00,9.381721948868e-01,1.065902406243e+00
4.782379641803e+01,2.045295835343e+00,3.045134883342e+00,1.750225638163e-01,6.161591327572e-01,3.501017604742e+00,1.234429718468e+01,6.122880324330e-02,1.071794420070e-01,6.273027707329e-02,1.000000000000e+00,9.392353349423e-01,1.064695889089e+00
4.868895778340e+01,2.027027799565e+00,3.026847662841e+00,1.763693959997e-01,6.188646045446e-01,3.494466387508e+00,1.230266849639e+01,6.141074297023e-02,1.075863081148e-01,6.161561340758e-02,1.000000000000e+00,9.402808302509e-01,1.063512057066e+00
4.956977044047e+01,2.008921238483e+00,3.008728001899e+00,1.777245651706e-01,6.215651890837e-01,3.487863132023e+00,1.226114457137e+01,6.159362870173e-02,1.079946354646e-01,6.052075636709e-02,1.000000000000e+00,9.413089506946e-01,1.062350463429e+00
5.046651753056e+01,1.990975193165e+00,2.990774182107e+00,1.790880702167e-01,6.242608472123e-01,3.481208791031e+00,1.221972568663e+01,6.177746230826e-02,1.084044279486e-01,5.944535400493e-02,1.000000000000e+00,9.423199628796e-01,1.061210670889e+00
5.137948731720e+01,1.973188659794e+00,2.972984476252e+00,1.804599119254e-01,6.269515435319e-01,3.474504308626e+00,1.217841211022e+01,6.196224567416e-02,1.088156894805e-01,5.838906062801e-02,1.000000000000e+00,9.433141301431e-01,1.060092251399e+00
5.230897327876e+01,1.955560591403e+00,2.955357154517e+00,1.818400929365e-01,6.296372445690e-01,3.467750620091e+00,1.213720410127e+01,6.214798069885e-02,1.092284239949e-01,5.735153668593e-02,1.000000000000e+00,9.442917125601e-01,1.058994785932e+00
5.325527420282e+01,1.938089900058e+00,2.937890490166e+00,1.832286176684e-01,6.323179170829e-01,3.460948651754e+00,1.209610190999e+01,6.233466929795e-02,1.096426354468e-01,5.633244866179e-02,1.000000000000e+00,9.452529669530e-01,1.057917864277e+00
5.421869428222e+01,1.920775459437e+00,2.920582764708e+00,1.846254922233e-01,6.349935265310e-01,3.454099320846e+00,1.205510577779e+01,6.252231340430e-02,1.100583278104e-01,5.533146896501e-02,1.000000000000e+00,9.461981469016e-01,1.056861084832e+00
5.519954321282e+01,1.903616107722e+00,2.903432272514e+00,1.860307242709e-01,6.376640356971e-01,3.447203535378e+00,1.201421593735e+01,6.271091496883e-02,1.104755050784e-01,5.434827582601e-02,1.000000000000e+00,9.471275027554e-01,1.055824054407e+00
5.619813629305e+01,1.886610650752e+00,2.886437324897e+00,1.874443229159e-01,6.403294034907e-01,3.440262194033e+00,1.197343261269e+01,6.290047596142e-02,1.108941712604e-01,5.338255319280e-02,1.000000000000e+00,9.480412816471e-01,1.054806388033e+00
5.721479452531e+01,1.869757865357e+00,2.869596253653e+00,1.888662985500e-01,6.429895839161e-01,3.433276186067e+00,1.193275601934e+01,6.309099837150e-02,1.113143303817e-01,5.243399062935e-02,1.000000000000e+00,9.489397275066e-01,1.053807708765e+00
5.824984471910e+01,1.853056502834e+00,2.852907414064e+00,1.902966626917e-01,6.456445252148e-01,3.426246391229e+00,1.189218636445e+01,6.328248420870e-02,1.117359864813e-01,5.150228321581e-02,1.000000000000e+00,9.498230810772e-01,1.052827647509e+00
5.930361959613e+01,1.836505292486e+00,2.836369187394e+00,1.917354278182e-01,6.482941691759e-01,3.419173679700e+00,1.185172384695e+01,6.347493550333e-02,1.121591436110e-01,5.058713145050e-02,1.000000000000e+00,9.506915799323e-01,1.051865842833e+00
6.037645789722e+01,1.820102945184e+00,2.819979982879e+00,1.931826071891e-01,6.509384506133e-01,3.412058912045e+00,1.181136865771e+01,6.366835430670e-02,1.125838058333e-01,4.968824115364e-02,1.000000000000e+00,9.515454584934e-01,1.050921940801e+00
6.146870449124e+01,1.803848156900e+00,2.803738239248e+00,1.946382146677e-01,6.535772969994e-01,3.404902939178e+00,1.177112097967e+01,6.386274269146e-02,1.130099772198e-01,4.880532337277e-02,1.000000000000e+00,9.523849480490e-01,1.049995594795e+00
6.258071048591e+01,1.787739612163e+00,2.787642425807e+00,1.961022645404e-01,6.562106282515e-01,3.397706602350e+00,1.173098098806e+01,6.405810275173e-02,1.134376618496e-01,4.793809428986e-02,1.000000000000e+00,9.532102767742e-01,1.049086465354e+00
6.371283334074e+01,1.771775987406e+00,2.771691043096e+00,1.975747713378e-01,6.588383566574e-01,3.390470733149e+00,1.169094885056e+01,6.425443660325e-02,1.138668638077e-01,4.708627513010e-02,1.000000000000e+00,9.540216697518e-01,1.048194220012e+00
6.486543698187e+01,1.755955954157e+00,2.755882623179e+00,1.990557496589e-01,6.614603869320e-01,3.383196153510e+00,1.165102472744e+01,6.445174638338e-02,1.142975871831e-01,4.624959207225e-02,1.000000000000e+00,9.548193489937e-01,1.047318533138e+00
6.603889191911e+01,1.740278182056e+00,2.740215729585e+00,2.005452140007e-01,6.640766163909e-01,3.375883675746e+00,1.161120877178e+01,6.465003425102e-02,1.147298360676e-01,4.542777616067e-02,1.000000000000e+00,9.556035334630e-01,1.046459085784e+00
6.723357536499e+01,1.724741341672e+00,2.724688956948e+00,2.020431785964e-01,6.666869352292e-01,3.368534102590e+00,1.157150112959e+01,6.484930238653e-02,1.151636145540e-01,4.462056321881e-02,1.000000000000e+00,9.563744390974e-01,1.045615565535e+00
6.844987135607e+01,1.709344107097e+00,2.709300930379e+00,2.035496572609e-01,6.692912268921e-01,3.361148227247e+00,1.153190194006e+01,6.504955299153e-02,1.155989267351e-01,4.382769376431e-02,1.000000000000e+00,9.571322788323e-01,1.044787666361e+00
6.968817087633e+01,1.694085158300e+00,2.694050304605e+00,2.050646632484e-01,6.718893685223e-01,3.353726833454e+00,1.149241133562e+01,6.525078828869e-02,1.160357767020e-01,4.304891292561e-02,1.000000000000e+00,9.578772626259e-01,1.043975088477e+00
7.094887198291e+01,1.678963183244e+00,2.678935762924e+00,2.065882091202e-01,6.744812314719e-01,3.346270695559e+00,1.145302944221e+01,6.545301052142e-02,1.164741685428e-01,4.228397035999e-02,1.000000000000e+00,9.586095974830e-01,1.043177538203e+00
7.223237993404e+01,1.663976879744e+00,2.663956016001e+00,2.081203066258e-01,6.770666818634e-01,3.338780578602e+00,1.141375637932e+01,6.565622195362e-02,1.169141063421e-01,4.153262017311e-02,1.000000000000e+00,9.593294874813e-01,1.042394727828e+00
7.353910731931e+01,1.649124957086e+00,2.649109800550e+00,2.096609665965e-01,6.796455811883e-01,3.331257238399e+00,1.137459226026e+01,6.586042486929e-02,1.173555941793e-01,4.079462083995e-02,1.000000000000e+00,9.600371337969e-01,1.041626375477e+00
7.486947419232e+01,1.634406137388e+00,2.634395877929e+00,2.112101988526e-01,6.822177869280e-01,3.323701421646e+00,1.133553719220e+01,6.606562157219e-02,1.177986361281e-01,4.006973512721e-02,1.000000000000e+00,9.607327347304e-01,1.040872204985e+00
7.622390820568e+01,1.619819156725e+00,2.619813032679e+00,2.127680121238e-01,6.847831531877e-01,3.316113866014e+00,1.129659127635e+01,6.627181438549e-02,1.182432362557e-01,3.935773001700e-02,1.000000000000e+00,9.614164857340e-01,1.040131945768e+00
7.760284474849e+01,1.605362766028e+00,2.605360071049e+00,2.143344139829e-01,6.873415313294e-01,3.308495300254e+00,1.125775460808e+01,6.647900565135e-02,1.186893986220e-01,3.865837663198e-02,1.000000000000e+00,9.620885794382e-01,1.039405332702e+00
7.900672708631e+01,1.591035731758e+00,2.591035819511e+00,2.159094107929e-01,6.898927705954e-01,3.300846444307e+00,1.121902727706e+01,6.668719773057e-02,1.191371272789e-01,3.797145016174e-02,1.000000000000e+00,9.627492056795e-01,1.038692106003e+00
8.043600650364e+01,1.576836836379e+00,2.576839123311e+00,2.174930076656e-01,6.924367187125e-01,3.293168009415e+00,1.118040936733e+01,6.689639300218e-02,1.195864262701e-01,3.729672979058e-02,1.000000000000e+00,9.633985515279e-01,1.037992011109e+00
8.189114244900e+01,1.562764878648e+00,2.562768845062e+00,2.190852084331e-01,6.949732224697e-01,3.285460698230e+00,1.114190095743e+01,6.710659386308e-02,1.200372996305e-01,3.663399862651e-02,1.000000000000e+00,9.640368013149e-01,1.037304798568e+00
8.337260268258e+01,1.548818673732e+00,2.548823863396e+00,2.206860156287e-01,6.975021282610e-01,3.277725204923e+00,1.110350212052e+01,6.731780272766e-02,1.204897513859e-01,3.598304363151e-02,1.000000000000e+00,9.646641366618e-01,1.036630223925e+00
8.488086342668e+01,1.534997053177e+00,2.535003071705e+00,2.222954304792e-01,7.000232825904e-01,3.269962215303e+00,1.106521292444e+01,6.753002202745e-02,1.209437855530e-01,3.534365555307e-02,1.000000000000e+00,9.652807365081e-01,1.035968047614e+00
8.641640951870e+01,1.521298864746e+00,2.521305376962e+00,2.239134529048e-01,7.025365325319e-01,3.262172406920e+00,1.102703343179e+01,6.774325421077e-02,1.213994061386e-01,3.471562885693e-02,1.000000000000e+00,9.658867771400e-01,1.035318034854e+00
8.797973456709e+01,1.507722972147e+00,2.507729698642e+00,2.255400815273e-01,7.050417261446e-01,3.254356449177e+00,1.098896370005e+01,6.795750174242e-02,1.218566171403e-01,3.409876166099e-02,1.000000000000e+00,9.664824322193e-01,1.034679955541e+00
8.957134110993e+01,1.494268254665e+00,2.494274967745e+00,2.271753136844e-01,7.075387128386e-01,3.246515003436e+00,1.095100378164e+01,6.817276710338e-02,1.223154225458e-01,3.349285567041e-02,1.000000000000e+00,9.670678728119e-01,1.034053584153e+00
9.119174077655e+01,1.480933606722e+00,2.480940125926e+00,2.288191454502e-01,7.100273436926e-01,3.238648723126e+00,1.091315372398e+01,6.838905279051e-02,1.227758263331e-01,3.289771611391e-02,1.000000000000e+00,9.676432674173e-01,1.033438699645e+00
9.284145445195e+01,1.467717937382e+00,2.467724124735e+00,2.304715716584e-01,7.125074717226e-01,3.230758253838e+00,1.087541356956e+01,6.860636131630e-02,1.232378324704e-01,3.231315168110e-02,1.000000000000e+00,9.682087819973e-01,1.032835085360e+00
9.452101244425e+01,1.454620169816e+00,2.454625924950e+00,2.321325859301e-01,7.149789521038e-01,3.222844233433e+00,1.083778335604e+01,6.882469520862e-02,1.237014449165e-01,3.173897446104e-02,1.000000000000e+00,9.687645800053e-01,1.032242528927e+00
9.623095465518e+01,1.441639240740e+00,2.441644496030e+00,2.338021807023e-01,7.174416423473e-01,3.214907292131e+00,1.080026311624e+01,6.904405701049e-02,1.241666676202e-01,3.117499988179e-02,1.000000000000e+00,9.693108224154e-01,1.031660822179e+00
9.797183075359e+01,1.428774099843e+00,2.428778815643e+00,2.354803472583e-01,7.198954024339e-01,3.206948052610e+00,1.076285287829e+01,6.926444927991e-02,1.246335045210e-01,3.062104665111e-02,1.000000000000e+00,9.698476677513e-01,1.031089761054e+00
9.974420035222e+01,1.416023709215e+00,2.416027869305e+00,2.371670757574e-01,7.223400949096e-01,3.198967130091e+00,1.072555266560e+01,6.948587458962e-02,1.251019595487e-01,3.007693669814e-02,1.000000000000e+00,9.703752721160e-01,1.030529145512e+00
1.015486331875e+02,1.403387042795e+00,2.403390650085e+00,2.388623552644e-01,7.247755849456e-01,3.190965132431e+00,1.068836249698e+01,6.970833552699e-02,1.255720366236e-01,2.954249511622e-02,1.000000000000e+00,9.708937892206e-01,1.029978779453e+00
1.033857093027e+02,1.390863085824e+00,2.390866158396e+00,2.405661737774e-01,7.272017403667e-01,3.182942660205e+00,1.065128238666e+01,6.993183469383e-02,1.260437396567e-01,2.901755010662e-02,1.000000000000e+00,9.714033704134e-01,1.029438470627e+00
1.052560192346e+02,1.378450834339e+00,2.378453401848e+00,2.422785182533e-01,7.296184316533e-01,3.174900306787e+00,1.061431234436e+01,7.015637470626e-02,1.265170725497e-01,2.850193292332e-02,1.000000000000e+00,9.719041647092e-01,1.028908030556e+00
1.071601642029e+02,1.366149294698e+00,2.366151395156e+00,2.439993746311e-01,7.320255319204e-01,3.166838658432e+00,1.057745237532e+01,7.038195819458e-02,1.269920391947e-01,2.799547781880e-02,1.000000000000e+00,9.723963188181e-01,1.028387274456e+00
1.090987563038e+02,1.353957483136e+00,2.353959160103e+00,2.457287278522e-01,7.344229168785e-01,3.158758294352e+00,1.054070248039e+01,7.060858780317e-02,1.274686434748e-01,2.749802199069e-02,1.000000000000e+00,9.728799771743e-01,1.027876021156e+00
1.110724187069e+02,1.341874425369e+00,2.341875725538e+00,2.474665618779e-01,7.368104647802e-01,3.150659786788e+00,1.050406265601e+01,7.083626619039e-02,1.279468892635e-01,2.700940552952e-02,1.000000000000e+00,9.733552819655e-01,1.027374093025e+00
1.130817858551e+02,1.329899156232e+00,2.329900127406e+00,2.492128597025e-01,7.391880563564e-01,3.142543701087e+00,1.046753289437e+01,7.106499602846e-02,1.284267804252e-01,2.652947136725e-02,1.000000000000e+00,9.738223731610e-01,1.026881315895e+00
1.151275036687e+02,1.318030719370e+00,2.318031408805e+00,2.509676033645e-01,7.415555747465e-01,3.134410595771e+00,1.043111318336e+01,7.129478000336e-02,1.289083208149e-01,2.605806522681e-02,1.000000000000e+00,9.742813885404e-01,1.026397518994e+00
1.172102297533e+02,1.306268166954e+00,2.306268620054e+00,2.527307739539e-01,7.439129054245e-01,3.126261022607e+00,1.039480350667e+01,7.152562081479e-02,1.293915142782e-01,2.559503557252e-02,1.000000000000e+00,9.747324637226e-01,1.025922534868e+00
1.193306336109e+02,1.294610559450e+00,2.294610818779e+00,2.545023516159e-01,7.462599361251e-01,3.118095526672e+00,1.035860384383e+01,7.175752117604e-02,1.298763646511e-01,2.514023356133e-02,1.000000000000e+00,9.751757321932e-01,1.025456199316e+00
1.214893968551e+02,1.283056965420e+00,2.283057069995e+00,2.562823155525e-01,7.485965567722e-01,3.109914646424e+00,1.032251417026e+01,7.199048381395e-02,1.303628757603e-01,2.469351299503e-02,1.000000000000e+00,9.756113253338e-01,1.024998351324e+00
1.236872134304e+02,1.271606461352e+00,2.271606446195e+00,2.580706440210e-01,7.509226594113e-01,3.101718913764e+00,1.028653445735e+01,7.222451146879e-02,1.308510514226e-01,2.425473027322e-02,1.000000000000e+00,9.760393724489e-01,1.024548832995e+00
1.259247898351e+02,1.260258131527e+00,2.260258027424e+00,2.598673143303e-01,7.532381381478e-01,3.093508854100e+00,1.025066467245e+01,7.245960689420e-02,1.313408954452e-01,2.382374434715e-02,1.000000000000e+00,9.764600007946e-01,1.024107489489e+00
1.282028453486e+02,1.249011067913e+00,2.249010901358e+00,2.616723028346e-01,7.555428890924e-01,3.085284986416e+00,1.021490477899e+01,7.269577285713e-02,1.318324116254e-01,2.340041667439e-02,1.000000000000e+00,9.768733356057e-01,1.023674168955e+00
1.305221122624e+02,1.237864370074e+00,2.237864163364e+00,2.634855849262e-01,7.578368103147e-01,3.077047823329e+00,1.017925473647e+01,7.293301213772e-02,1.323256037504e-01,2.298461117430e-02,1.000000000000e+00,9.772795001237e-01,1.023248722472e+00
1.328833361157e+02,1.226817145110e+00,2.226816916546e+00,2.653071350264e-01,7.601198018051e-01,3.068797871152e+00,1.014371450058e+01,7.317132752927e-02,1.328204755972e-01,2.257619418426e-02,1.000000000000e+00,9.776786156236e-01,1.022831003992e+00
1.352872759348e+02,1.215868507602e+00,2.215868271782e+00,2.671369265756e-01,7.623917654451e-01,3.060535629960e+00,1.010828402319e+01,7.341072183809e-02,1.333170309325e-01,2.217503441674e-02,1.000000000000e+00,9.780708014413e-01,1.022420870275e+00
1.377347044773e+02,1.205017579577e+00,2.205017347748e+00,2.689749320223e-01,7.646526049865e-01,3.052261593646e+00,1.007296325242e+01,7.365119788348e-02,1.338152735125e-01,2.178100291706e-02,1.000000000000e+00,9.784561750003e-01,1.022018180834e+00
1.402264084805e+02,1.194263490478e+00,2.194263270922e+00,2.708211228126e-01,7.669022260382e-01,3.043976249986e+00,1.003775213272e+01,7.389275849761e-02,1.343152070828e-01,2.139397302198e-02,1.000000000000e+00,9.788348518384e-01,1.021622797882e+00
1.427631889142e+02,1.183605377140e+00,2.183605175578e+00,2.726754693785e-01,7.691405360607e-01,3.035680080698e+00,1.000265060488e+01,7.413540652543e-02,1.348168353778e-01,2.101382031892e-02,1.000000000000e+00,9.792069456345e-01,1.021234586272e+00
1.453458612384e+02,1.173042383774e+00,2.173042203765e+00,2.745379411270e-01,7.713674443674e-01,3.027373561501e+00,9.967658606118e+00,7.437914482460e-02,1.353201621212e-01,2.064042260605e-02,1.000000000000e+00,9.795725682341e-01,1.020853413446e+00
1.479752556649e+02,1.162573661947e+00,2.162573505279e+00,2.764085064298e-01,7.735828621315e-01,3.019057162175e+00,9.932776070098e+00,7.462397626536e-02,1.358251910254e-01,2.027365985292e-02,1.000000000000e+00,9.799318296760e-01,1.020479149382e+00
1.506522174250e+02,1.152198370564e+00,2.152198237616e+00,2.782871326127e-01,7.757867023980e-01,3.010731346623e+00,9.898002927003e+00,7.486990373049e-02,1.363319257913e-01,1.991341416195e-02,1.000000000000e+00,9.802848382178e-01,1.020111666542e+00
1.533776070403e+02,1.141915675849e+00,2.141915565923e+00,2.801737859466e-01,7.779788800998e-01,3.002396572927e+00,9.863339103577e+00,7.511693011516e-02,1.368403701082e-01,1.955956973049e-02,1.000000000000e+00,9.806317003614e-01,1.019750839822e+00
1.561523006000e+02,1.131724751322e+00,2.131724662937e+00,2.820684316386e-01,7.801593120767e-01,2.994053293408e+00,9.828784523174e+00,7.536505832686e-02,1.373505276536e-01,1.921201281359e-02,1.000000000000e+00,9.809725208782e-01,1.019396546505e+00
1.589771900423e+02,1.121624777771e+00,2.121624708919e+00,2.839710338245e-01,7.823279170967e-01,2.985701954684e+00,9.794339105808e+00,7.561429128532e-02,1.378624020930e-01,1.887063168748e-02,1.000000000000e+00,9.813074028345e-01,1.019048666209e+00
1.618531834410e+02,1.111614943222e+00,2.111614891583e+00,2.858815555618e-01,7.844846158780e-01,2.977342997730e+00,9.760002768202e+00,7.586463192236e-02,1.383759970800e-01,1.853531661361e-02,1.000000000000e+00,9.816364476159e-01,1.018707080843e+00
1.647812052976e+02,1.101694442905e+00,2.101694406023e+00,2.877999588238e-01,7.866293311127e-01,2.968976857930e+00,9.725775423834e+00,7.611608318184e-02,1.388913162554e-01,1.820595980338e-02,1.000000000000e+00,9.819597549521e-01,1.018371674559e+00
1.677621968382e+02,1.091862479209e+00,2.091862454633e+00,2.897262044948e-01,7.887619874894e-01,2.960603965142e+00,9.691656982987e+00,7.636864801954e-02,1.394083632478e-01,1.788245538352e-02,1.000000000000e+00,9.822774229412e-01,1.018042333708e+00
1.707971163164e+02,1.082118261642e+00,2.082118247027e+00,2.916602523656e-01,7.908825117152e-01,2.952224743748e+00,9.657647352794e+00,7.662232940306e-02,1.399271416730e-01,1.756469936203e-02,1.000000000000e+00,9.825895480737e-01,1.017718946798e+00
1.738869393213e+02,1.072461006782e+00,2.072460999968e+00,2.936020611306e-01,7.929908325367e-01,2.943839612712e+00,9.623746437284e+00,7.687713031172e-02,1.404476551338e-01,1.725258959476e-02,1.000000000000e+00,9.828962252562e-01,1.017401404446e+00
1.770326590908e+02,1.062889938223e+00,2.062889937281e+00,2.955515883853e-01,7.950868807598e-01,2.935448985639e+00,9.589954137430e+00,7.713305373648e-02,1.409699072200e-01,1.694602575258e-02,1.000000000000e+00,9.831975478351e-01,1.017089599340e+00
1.802352868310e+02,1.053404286520e+00,2.053404289778e+00,2.975087906242e-01,7.971705892669e-01,2.927053270825e+00,9.556270351189e+00,7.739010267979e-02,1.414939015081e-01,1.664490928911e-02,1.000000000000e+00,9.834936076200e-01,1.016783426198e+00
1.834958520417e+02,1.044003289134e+00,2.044003295186e+00,2.994736232401e-01,7.992418930325e-01,2.918652871317e+00,9.522694973552e+00,7.764828015556e-02,1.420196415611e-01,1.634914340908e-02,1.000000000000e+00,9.837844949064e-01,1.016482781725e+00
1.868154028465e+02,1.034686190366e+00,2.034686198068e+00,3.014460405231e-01,8.013007291370e-01,2.910248184962e+00,9.489227896588e+00,7.790758918900e-02,1.425471309286e-01,1.605863303715e-02,1.000000000000e+00,9.840702984987e-01,1.016187564573e+00
1.901950063307e+02,1.025452241303e+00,2.025452249753e+00,3.034259956610e-01,8.033470367777e-01,2.901839604465e+00,9.455869009481e+00,7.816803281658e-02,1.430763731461e-01,1.577328478743e-02,1.000000000000e+00,9.843511057326e-01,1.015897675307e+00
1.936357488833e+02,1.016300699749e+00,2.016300708268e+00,3.054134407395e-01,8.053807572784e-01,2.893427517440e+00,9.422618198580e+00,7.842961408587e-02,1.436073717353e-01,1.549300693339e-02,1.000000000000e+00,9.846270024974e-01,1.015613016364e+00
1.971387365470e+02,1.007230830167e+00,2.007230838269e+00,3.074083267431e-01,8.074018340965e-01,2.885012306464e+00,9.389475347439e+00,7.869233605549e-02,1.441401302035e-01,1.521770937841e-02,1.000000000000e+00,9.848980732581e-01,1.015333492015e+00
2.007050953736e+02,9.982419036110e-01,1.998241910974e+00,3.094106035563e-01,8.094102128284e-01,2.876594349126e+00,9.356440336859e+00,7.895620179499e-02,1.446746520439e-01,1.494730362682e-02,1.000000000000e+00,9.851644010771e-01,1.015059008331e+00
2.043359717857e+02,9.893331976663e-01,1.989333204104e+00,3.114202199650e-01,8.114058412133e-01,2.868174018084e+00,9.323513044927e+00,7.922121438478e-02,1.452109407349e-01,1.468170275543e-02,1.000000000000e+00,9.854260676352e-01,1.014789473146e+00
2.080325329453e+02,9.805039963861e-01,1.980504001816e+00,3.134371236583e-01,8.133886691351e-01,2.859751681111e+00,9.290693347062e+00,7.948737691598e-02,1.457489997405e-01,1.442082138561e-02,1.000000000000e+00,9.856831532537e-01,1.014524796025e+00
2.117959671292e+02,9.717535902288e-01,1.971753594651e+00,3.154612612307e-01,8.153586486232e-01,2.851327701149e+00,9.257981116052e+00,7.975469249040e-02,1.462888325094e-01,1.416457565583e-02,1.000000000000e+00,9.859357369146e-01,1.014264888226e+00
2.156274841108e+02,9.630812759978e-01,1.963081279467e+00,3.174925781843e-01,8.173157338516e-01,2.842902436356e+00,9.225376222096e+00,8.002316422037e-02,1.468304424754e-01,1.391288319470e-02,1.000000000000e+00,9.861838962816e-01,1.014009662671e+00
2.195283155490e+02,9.544863567806e-01,1.954486359392e+00,3.195310189314e-01,8.192598811374e-01,2.834476240160e+00,9.192878532843e+00,8.029279522871e-02,1.473738330570e-01,1.366566309452e-02,1.000000000000e+00,9.864277077203e-01,1.013759033909e+00
2.234997153843e+02,9.459681418903e-01,1.945968143758e+00,3.215765267970e-01,8.211910489379e-01,2.826049461303e+00,9.160487913429e+00,8.056358864858e-02,1.479190076572e-01,1.342283588523e-02,1.000000000000e+00,9.866672463190e-01,1.013512918089e+00
2.275429602415e+02,9.375259468071e-01,1.937525948054e+00,3.236290440225e-01,8.231091978468e-01,2.817622443896e+00,9.128204226521e+00,8.083554762343e-02,1.484659696634e-01,1.318432350891e-02,1.000000000000e+00,9.869025859077e-01,1.013271232925e+00
2.316593498406e+02,9.291590931213e-01,1.929159093871e+00,3.256885117681e-01,8.250142905901e-01,2.809195527459e+00,9.096027332352e+00,8.110867530687e-02,1.490147224469e-01,1.295004929464e-02,1.000000000000e+00,9.871337990785e-01,1.013033897668e+00
2.358502074140e+02,9.208669084776e-01,1.920866908844e+00,3.277548701171e-01,8.269062920204e-01,2.800769046977e+00,9.063957088757e+00,8.138297486259e-02,1.495652693632e-01,1.271993793389e-02,1.000000000000e+00,9.873609572046e-01,1.012800833072e+00
2.401168801324e+02,9.126487265192e-01,1.912648726604e+00,3.298280580795e-01,8.287851691116e-01,2.792343332940e+00,9.031993351218e+00,8.165844946429e-02,1.501176137514e-01,1.249391545628e-02,1.000000000000e+00,9.875841304599e-01,1.012571961372e+00
2.444607395376e+02,9.045038868344e-01,1.904503886726e+00,3.319080135958e-01,8.306508909522e-01,2.783918711396e+00,9.000135972891e+00,8.193510229554e-02,1.506717589341e-01,1.227190920585e-02,1.000000000000e+00,9.878033878371e-01,1.012347206249e+00
2.488831819833e+02,8.964317349026e-01,1.896431734672e+00,3.339946735419e-01,8.325034287383e-01,2.775495503994e+00,8.968384804654e+00,8.221293654971e-02,1.512277082175e-01,1.205384781765e-02,1.000000000000e+00,9.880187971673e-01,1.012126492803e+00
2.533856290843e+02,8.884316220415e-01,1.888431621746e+00,3.360879737335e-01,8.343427557662e-01,2.767074028029e+00,8.936739695133e+00,8.249195542988e-02,1.517854648906e-01,1.183966119484e-02,1.000000000000e+00,9.882304251377e-01,1.011909747527e+00
2.579695281731e+02,8.805029053557e-01,1.880502905037e+00,3.381878489317e-01,8.361688474240e-01,2.758654596490e+00,8.905200490745e+00,8.277216214874e-02,1.523450322255e-01,1.162928048613e-02,1.000000000000e+00,9.884383373101e-01,1.011696898282e+00
2.626363527653e+02,8.726449476844e-01,1.872644947373e+00,3.402942328475e-01,8.379816811831e-01,2.750237518105e+00,8.873767035732e+00,8.305355992849e-02,1.529064134773e-01,1.142263806367e-02,1.000000000000e+00,9.886425981386e-01,1.011487874266e+00
2.673876030334e+02,8.648571175511e-01,1.864857117267e+00,3.424070581484e-01,8.397812365889e-01,2.741823097382e+00,8.842439172195e+00,8.333615200075e-02,1.534696118832e-01,1.121966750128e-02,1.000000000000e+00,9.888432709875e-01,1.011282605990e+00
2.722248062889e+02,8.571387891132e-01,1.857138788868e+00,3.445262564643e-01,8.415674952512e-01,2.733411634658e+00,8.811216740129e+00,8.361994160646e-02,1.540346306631e-01,1.102030355315e-02,1.000000000000e+00,9.890404181485e-01,1.011081025255e+00
2.771495174732e+02,8.494893421116e-01,1.849489341909e+00,3.466517583936e-01,8.433404408333e-01,2.725003426139e+00,8.780099577459e+00,8.390493199580e-02,1.546014730189e-01,1.082448213279e-02,1.000000000000e+00,9.892341008579e-01,1.010883065124e+00
2.821633196576e+02,8.419081618216e-01,1.841908161662e+00,3.487834935104e-01,8.451000590413e-01,2.716598763945e+00,8.749087520074e+00,8.419112642808e-02,1.551701421344e-01,1.063214029251e-02,1.000000000000e+00,9.894243793139e-01,1.010688659899e+00
2.872678245521e+02,8.343946390039e-01,1.834394638885e+00,3.509213903718e-01,8.468463376126e-01,2.708197936155e+00,8.718180401859e+00,8.447852817164e-02,1.557406411752e-01,1.044321620313e-02,1.000000000000e+00,9.896113126925e-01,1.010497745099e+00
2.924646730236e+02,8.269481698555e-01,1.826948169771e+00,3.530653765251e-01,8.485792663034e-01,2.699801226843e+00,8.687378054729e+00,8.476714050379e-02,1.563129732883e-01,1.025764913412e-02,1.000000000000e+00,9.897949591649e-01,1.010310257433e+00
2.977555356231e+02,8.195681559618e-01,1.819568155907e+00,3.552153785159e-01,8.502988368762e-01,2.691408916128e+00,8.656680308663e+00,8.505696671065e-02,1.568871416023e-01,1.007537943408e-02,1.000000000000e+00,9.899753759132e-01,1.010126134781e+00
3.031421131230e+02,8.122540042485e-01,1.812254004216e+00,3.573713218966e-01,8.520050430858e-01,2.683021280211e+00,8.626086991737e+00,8.534801008713e-02,1.574631492266e-01,9.896348511574e-03,1.000000000000e+00,9.901526191464e-01,1.009945316170e+00
3.086261370636e+02,8.050051269342e-01,1.805005126919e+00,3.595331312345e-01,8.536978806658e-01,2.674638591415e+00,8.595597930154e+00,8.564027393678e-02,1.580409992517e-01,9.720498816280e-03,1.000000000000e+00,9.903267441164e-01,1.009767741749e+00
3.142093703100e+02,7.978209414830e-01,1.797820941480e+00,3.617007301215e-01,8.553773473136e-01,2.666261118231e+00,8.565212948278e+00,8.593376157171e-02,1.586206947486e-01,9.547773820495e-03,1.000000000000e+00,9.904978051332e-01,1.009593352774e+00
3.198936076184e+02,7.907008705581e-01,1.790700870563e+00,3.638740411829e-01,8.570434426752e-01,2.657889125355e+00,8.534931868665e+00,8.622847631250e-02,1.592022387689e-01,9.378118000966e-03,1.000000000000e+00,9.906658555808e-01,1.009422091583e+00
3.256806762133e+02,7.836443419752e-01,1.783644341985e+00,3.660529860874e-01,8.586961683294e-01,2.649522873728e+00,8.504754512093e+00,8.652442148809e-02,1.597856343445e-01,9.211476821043e-03,1.000000000000e+00,9.908309479316e-01,1.009253901574e+00
3.315724363747e+02,7.766507886565e-01,1.776650788668e+00,3.682374855572e-01,8.603355277711e-01,2.641162620578e+00,8.474680697597e+00,8.682160043570e-02,1.603708844873e-01,9.047796713143e-03,1.000000000000e+00,9.909931337619e-01,1.009088727188e+00
3.375707820365e+02,7.697196485853e-01,1.769719648597e+00,3.704274593781e-01,8.619615263946e-01,2.632808619456e+00,8.444710242493e+00,8.712001650073e-02,1.609579921890e-01,8.887025061535e-03,1.000000000000e+00,9.911524637660e-01,1.008926513889e+00
3.436776413945e+02,7.628503647606e-01,1.762850364772e+00,3.726228264106e-01,8.635741714760e-01,2.624461120278e+00,8.414842962414e+00,8.741967303664e-02,1.615469604209e-01,8.729110185425e-03,1.000000000000e+00,9.913089877712e-01,1.008767208142e+00
3.498949775273e+02,7.560423851526e-01,1.756042385162e+00,3.748235046008e-01,8.651734721548e-01,2.616120369363e+00,8.385078671337e+00,8.772057340489e-02,1.621377921338e-01,8.574001322343e-03,1.000000000000e+00,9.914627547515e-01,1.008610757396e+00
3.562247890262e+02,7.492951626578e-01,1.749295162665e+00,3.770294109919e-01,8.667594394156e-01,2.607786609470e+00,8.355417181613e+00,8.802272097482e-02,1.627304902576e-01,8.421648611824e-03,1.000000000000e+00,9.916138128421e-01,1.008457110066e+00
3.626691106388e+02,7.426081550558e-01,1.742608155062e+00,3.792404617359e-01,8.683320860688e-01,2.599460079835e+00,8.325858303997e+00,8.832611912354e-02,1.633250577013e-01,8.272003079380e-03,1.000000000000e+00,9.917622093528e-01,1.008306215512e+00
3.692300139220e+02,7.359808249648e-01,1.735980824969e+00,3.814565721056e-01,8.698914267313e-01,2.591141016213e+00,8.296401847675e+00,8.863077123586e-02,1.639214973526e-01,8.125016620760e-03,1.000000000000e+00,9.919079907820e-01,1.008158024024e+00
3.759096079088e+02,7.294126397991e-01,1.729412639802e+00,3.836776565073e-01,8.714374778061e-01,2.582829650910e+00,8.267047620296e+00,8.893668070417e-02,1.645198120775e-01,7.980641986485e-03,1.000000000000e+00,9.920512028297e-01,1.008012486803e+00
3.827100397856e+02,7.229030717260e-01,1.722903071728e+00,3.859036284931e-01,8.729702574618e-01,2.574526212822e+00,8.237795427996e+00,8.924385092837e-02,1.651200047205e-01,7.838832766657e-03,1.000000000000e+00,9.921918904110e-01,1.007869555944e+00
3.896334955829e+02,7.164515976234e-01,1.716451597624e+00,3.881344007745e-01,8.744897856119e-01,2.566230927473e+00,8.208645075429e+00,8.955228531573e-02,1.657220781044e-01,7.699543376043e-03,1.000000000000e+00,9.923300976688e-01,1.007729184421e+00
3.966822008778e+02,7.100576990375e-01,1.710057699038e+00,3.903698852352e-01,8.759960838933e-01,2.557944017048e+00,8.179596365793e+00,8.986198728081e-02,1.663260350296e-01,7.562729039422e-03,1.000000000000e+00,9.924658679869e-01,1.007591326066e+00
4.038584215092e+02,7.037208621418e-01,1.703720862142e+00,3.926099929451e-01,8.774891756443e-01,2.549665700429e+00,8.150649100859e+00,9.017296024538e-02,1.669318782741e-01,7.428345777189e-03,1.000000000000e+00,9.925992440027e-01,1.007455935557e+00
4.111644643066e+02,6.974405776951e-01,1.697440577695e+00,3.948546341742e-01,8.789690858829e-01,2.541396193235e+00,8.121803080995e+00,9.048520763830e-02,1.675396105934e-01,7.296350391221e-03,1.000000000000e+00,9.927302676190e-01,1.007322968401e+00
4.186026778315e+02,6.912163410008e-01,1.691216341000e+00,3.971037184071e-01,8.804358412836e-01,2.533135707849e+00,8.093058105197e+00,9.079873289540e-02,1.681492347204e-01,7.166700450988e-03,1.000000000000e+00,9.928589800169e-01,1.007192380919e+00
4.261754531322e+02,6.850476518667e-01,1.685047651866e+00,3.993571543569e-01,8.818894701552e-01,2.524884453460e+00,8.064413971110e+00,9.111353945941e-02,1.687607533647e-01,7.039354279913e-03,1.000000000000e+00,9.929854216675e-01,1.007064130227e+00
4.338852245124e+02,6.789340145642e-01,1.678934014564e+00,4.016148499811e-01,8.833300024171e-01,2.516642636095e+00,8.035870475059e+00,9.142963077987e-02,1.693741692128e-01,6.914270941979e-03,1.000000000000e+00,9.931096323437e-01,1.006938174228e+00
4.417344703140e+02,6.728749377890e-01,1.672874937789e+00,4.038767124958e-01,8.847574695758e-01,2.508410458650e+00,8.007427412073e+00,9.174701031298e-02,1.699894849275e-01,6.791410228564e-03,1.000000000000e+00,9.932316511320e-01,1.006814471589e+00
4.497257137135e+02,6.668699346212e-01,1.666869934621e+00,4.061426483917e-01,8.861719047009e-01,2.500188120929e+00,7.979084575910e+00,9.206568152155e-02,1.706067031483e-01,6.670732645523e-03,1.000000000000e+00,9.933515164440e-01,1.006692981735e+00
4.578615235333e+02,6.609185224865e-01,1.660918522486e+00,4.084125634496e-01,8.875733424012e-01,2.491975819671e+00,7.950841759081e+00,9.238564787484e-02,1.712258264903e-01,6.552199400485e-03,1.000000000000e+00,9.934692660276e-01,1.006573664829e+00
4.661445150672e+02,6.550202231172e-01,1.655020223117e+00,4.106863627566e-01,8.889618187999e-01,2.483773748592e+00,7.922698752878e+00,9.270691284854e-02,1.718468575448e-01,6.435772390388e-03,1.000000000000e+00,9.935849369783e-01,1.006456481759e+00
4.745773509213e+02,6.491745625140e-01,1.649174562514e+00,4.129639507221e-01,8.903373715100e-01,2.475582098407e+00,7.894655347396e+00,9.302947992458e-02,1.724697988785e-01,6.321414189228e-03,1.000000000000e+00,9.936985657498e-01,1.006341394128e+00
4.831627418698e+02,6.433810709075e-01,1.643381070907e+00,4.152452310943e-01,8.917000396093e-01,2.467401056870e+00,7.866711331560e+00,9.335335259107e-02,1.730946530336e-01,6.209088036031e-03,1.000000000000e+00,9.938101881653e-01,1.006228364237e+00
4.919034477267e+02,6.376392827209e-01,1.637639282721e+00,4.175301069774e-01,8.930498636150e-01,2.459230808804e+00,7.838866493146e+00,9.367853434220e-02,1.737214225273e-01,6.098757823032e-03,1.000000000000e+00,9.939198394275e-01,1.006117355074e+00
5.008022782324e+02,6.319487365323e-01,1.631948736532e+00,4.198184808479e-01,8.943868854585e-01,2.451071536133e+00,7.811120618807e+00,9.400502867813e-02,1.743501098519e-01,5.990388084073e-03,1.000000000000e+00,9.940275541297e-01,1.006008330298e+00
5.098620939573e+02,6.263089750379e-01,1.626308975038e+00,4.221102545726e-01,8.957111484593e-01,2.442923417912e+00,7.783473494096e+00,9.433283910487e-02,1.749807174742e-01,5.883943983196e-03,1.000000000000e+00,9.941333662654e-01,1.005901254232e+00
5.190858072213e+02,6.207195450148e-01,1.620719545015e+00,4.244053294256e-01,8.970226972995e-01,2.434786630359e+00,7.755924903487e+00,9.466196913418e-02,1.756132478356e-01,5.779391303451e-03,1.000000000000e+00,9.942373092390e-01,1.005796091846e+00
5.284763830299e+02,6.151799972850e-01,1.615179997285e+00,4.267036061060e-01,8.983215779976e-01,2.426661346887e+00,7.728474630402e+00,9.499242228348e-02,1.762477033517e-01,5.676696435894e-03,1.000000000000e+00,9.943394158755e-01,1.005692808747e+00
5.380368400273e+02,6.096898866791e-01,1.609689886679e+00,4.290049847563e-01,8.996078378823e-01,2.418547738134e+00,7.701122457233e+00,9.532420207575e-02,1.768840864118e-01,5.575826368782e-03,1.000000000000e+00,9.944397184302e-01,1.005591371168e+00
5.477702514668e+02,6.042487720005e-01,1.604248772001e+00,4.313093649798e-01,9.008815255660e-01,2.410445971991e+00,7.673868165359e+00,9.565731203937e-02,1.775223993794e-01,5.476748676963e-03,1.000000000000e+00,9.945382485986e-01,1.005491745953e+00
5.576797461987e+02,5.988562159903e-01,1.598856215990e+00,4.336166458597e-01,9.021426909184e-01,2.402356213637e+00,7.646711535177e+00,9.599175570808e-02,1.781626445912e-01,5.379431511452e-03,1.000000000000e+00,9.946350375256e-01,1.005393900548e+00
5.677685096762e+02,5.935117852914e-01,1.593511785291e+00,4.359267259772e-01,9.033913850401e-01,2.394278625561e+00,7.619652346117e+00,9.632753662082e-02,1.788048243573e-01,5.283843589196e-03,1.000000000000e+00,9.947301158149e-01,1.005297802993e+00
5.780397849791e+02,5.882150504145e-01,1.588215050415e+00,4.382395034302e-01,9.046276602354e-01,2.386213367601e+00,7.592690376666e+00,9.666465832167e-02,1.794489409608e-01,5.189954183012e-03,1.000000000000e+00,9.948235135385e-01,1.005203421905e+00
5.884968738567e+02,5.829655857032e-01,1.582965585703e+00,4.405548758524e-01,9.058515699859e-01,2.378160596964e+00,7.565825404389e+00,9.700312435968e-02,1.800949966575e-01,5.097733111714e-03,1.000000000000e+00,9.949152602453e-01,1.005110726469e+00
5.991431377888e+02,5.777629692998e-01,1.577762969300e+00,4.428727404325e-01,9.070631689233e-01,2.370120468260e+00,7.539057205953e+00,9.734293828883e-02,1.807429936760e-01,5.007150730411e-03,1.000000000000e+00,9.950053849702e-01,1.005019686431e+00
6.099819990663e+02,5.726067831112e-01,1.572606783111e+00,4.451929939329e-01,9.082625128028e-01,2.362093133532e+00,7.512385557143e+00,9.768410366785e-02,1.813929342171e-01,4.918177920975e-03,1.000000000000e+00,9.950939162429e-01,1.004930272085e+00
6.210169418916e+02,5.674966127760e-01,1.567496612776e+00,4.475155327099e-01,9.094496584756e-01,2.354078742277e+00,7.485810232887e+00,9.802662406018e-02,1.820448204537e-01,4.830786082683e-03,1.000000000000e+00,9.951808820963e-01,1.004842454262e+00
6.322515134982e+02,5.624320476302e-01,1.562432047630e+00,4.498402527325e-01,9.106246638623e-01,2.346077441481e+00,7.459331007274e+00,9.837050303379e-02,1.826986545304e-01,4.744947123022e-03,1.000000000000e+00,9.952663100752e-01,1.004756204321e+00
6.436893252916e+02,5.574126806751e-01,1.557412680675e+00,4.521670496026e-01,9.117875879258e-01,2.338089375646e+00,7.432947653575e+00,9.871574416113e-02,1.833544385636e-01,4.660633448661e-03,1.000000000000e+00,9.953502272444e-01,1.004671494142e+00
6.553340540093e+02,5.524381085441e-01,1.552438108544e+00,4.544958185746e-01,9.129384906441e-01,2.330114686813e+00,7.406659944263e+00,9.906235101897e-02,1.840121746411e-01,4.577817956577e-03,1.000000000000e+00,9.954326601971e-01,1.004588296110e+00
6.671894429036e+02,5.475079314704e-01,1.547507931470e+00,4.568264545754e-01,9.140774329830e-01,2.322153514592e+00,7.380467651033e+00,9.941032718832e-02,1.846718648217e-01,4.496474025344e-03,1.000000000000e+00,9.955136350629e-01,1.004506583114e+00
6.792593029443e+02,5.426217532548e-01,1.542621753255e+00,4.591588522245e-01,9.152044768697e-01,2.314205996191e+00,7.354370544820e+00,9.975967625429e-02,1.853335111352e-01,4.416575506580e-03,1.000000000000e+00,9.955931775155e-01,1.004426328529e+00
6.915475140439e+02,5.377791812341e-01,1.537779181234e+00,4.614929058542e-01,9.163196851653e-01,2.306272266438e+00,7.328368395822e+00,1.001104018060e-01,1.859971155818e-01,4.338096716532e-03,1.000000000000e+00,9.956713127808e-01,1.004347506214e+00
7.040580263051e+02,5.329798262493e-01,1.532979826249e+00,4.638285095298e-01,9.174231216379e-01,2.298352457811e+00,7.302460973514e+00,1.004625074365e-01,1.866626801324e-01,4.261012427831e-03,1.000000000000e+00,9.957480656444e-01,1.004270090500e+00
7.167948612902e+02,5.282233026143e-01,1.528223302614e+00,4.661655570700e-01,9.185148509359e-01,2.290446700463e+00,7.276648046669e+00,1.008159967425e-01,1.873302067281e-01,4.185297861372e-03,1.000000000000e+00,9.958234604594e-01,1.004194056182e+00
7.297621133138e+02,5.235092280853e-01,1.523509228085e+00,4.685039420673e-01,9.195949385610e-01,2.282555122248e+00,7.250929383381e+00,1.011708733244e-01,1.879996972795e-01,4.110928678357e-03,1.000000000000e+00,9.958975211532e-01,1.004119378510e+00
7.429639507595e+02,5.188372238295e-01,1.518837223829e+00,4.708435579086e-01,9.206634508416e-01,2.274677848745e+00,7.225304751074e+00,1.015271407862e-01,1.886711536673e-01,4.037880972466e-03,1.000000000000e+00,9.959702712357e-01,1.004046033181e+00
7.564046174192e+02,5.142069143951e-01,1.514206914395e+00,4.731842977958e-01,9.217204549060e-01,2.266815003286e+00,7.199773916528e+00,1.018848027354e-01,1.893445777415e-01,3.966131262175e-03,1.000000000000e+00,9.960417338055e-01,1.003973996330e+00
7.700884338577e+02,5.096179276809e-01,1.509617927681e+00,4.755260547661e-01,9.227660186557e-01,2.258966706980e+00,7.174336645896e+00,1.022438627825e-01,1.900199713213e-01,3.895656483207e-03,1.000000000000e+00,9.961119315577e-01,1.003903244524e+00
7.840197988013e+02,5.050698949066e-01,1.505069894907e+00,4.778687217132e-01,9.238002107396e-01,2.251133078737e+00,7.148992704718e+00,1.026043245415e-01,1.906973361947e-01,3.826433981115e-03,1.000000000000e+00,9.961808867906e-01,1.003833754753e+00
7.982031905520e+02,5.005624505830e-01,1.500562450583e+00,4.802121914078e-01,9.248231005269e-01,2.243314235294e+00,7.123741857940e+00,1.029661916292e-01,1.913766741187e-01,3.758441504005e-03,1.000000000000e+00,9.962486214123e-01,1.003765504420e+00
8.126431684270e+02,4.960952324826e-01,1.496095232483e+00,4.825563565182e-01,9.258347580815e-01,2.235510291237e+00,7.098583869935e+00,1.033294676657e-01,1.920579868185e-01,3.691657195380e-03,1.000000000000e+00,9.963151569478e-01,1.003698471339e+00
8.273443742243e+02,4.916678816107e-01,1.491667881611e+00,4.849011096310e-01,9.268352541356e-01,2.227721359029e+00,7.073518504513e+00,1.036941562736e-01,1.927412759876e-01,3.626059587113e-03,1.000000000000e+00,9.963805145453e-01,1.003632633720e+00
8.423115337149e+02,4.872800421761e-01,1.487280042176e+00,4.872463432724e-01,9.278246600641e-01,2.219947549031e+00,7.048545524947e+00,1.040602610783e-01,1.934265432875e-01,3.561627592548e-03,1.000000000000e+00,9.964447149829e-01,1.003567970168e+00
8.575494581615e+02,4.829313615633e-01,1.482931361563e+00,4.895919499283e-01,9.288030478590e-01,2.212188969526e+00,7.023664693979e+00,1.044277857077e-01,1.941137903474e-01,3.498340499721e-03,1.000000000000e+00,9.965077786747e-01,1.003504459674e+00
8.730630458660e+02,4.786214903033e-01,1.478621490303e+00,4.919378220656e-01,9.297704901034e-01,2.204445726742e+00,6.998875773847e+00,1.047967337925e-01,1.948030187639e-01,3.436177964702e-03,1.000000000000e+00,9.965697256774e-01,1.003442081607e+00
8.888572837431e+02,4.743500820459e-01,1.474350082046e+00,4.942838521524e-01,9.307270599467e-01,2.196717924879e+00,6.974178526293e+00,1.051671089653e-01,1.954942301011e-01,3.375120005055e-03,1.000000000000e+00,9.966305756962e-01,1.003380815706e+00
9.049372489239e+02,4.701167935323e-01,1.470116793532e+00,4.966299326795e-01,9.316728310791e-01,2.189005666126e+00,6.949572712585e+00,1.055389148613e-01,1.961874258898e-01,3.315146993416e-03,1.000000000000e+00,9.966903480913e-01,1.003320642078e+00
9.213081103880e+02,4.659212845665e-01,1.465921284566e+00,4.989759561802e-01,9.326078777069e-01,2.181309050687e+00,6.925058093528e+00,1.059121551174e-01,1.968826076277e-01,3.256239651181e-03,1.000000000000e+00,9.967490618831e-01,1.003261541185e+00
9.379751306249e+02,4.617632179888e-01,1.461763217989e+00,5.013218152517e-01,9.335322745276e-01,2.173628176806e+00,6.900634429485e+00,1.062868333728e-01,1.975797767788e-01,3.198379042311e-03,1.000000000000e+00,9.968067357589e-01,1.003203493843e+00
9.549436673257e+02,4.576422596487e-01,1.457642259649e+00,5.036674025751e-01,9.344460967057e-01,2.165963140783e+00,6.876301480388e+00,1.066629532684e-01,1.982789347737e-01,3.141546567246e-03,1.000000000000e+00,9.968633880780e-01,1.003146481212e+00
9.722191751053e+02,4.535580783774e-01,1.453558078377e+00,5.060126109363e-01,9.353494198480e-01,2.158314037001e+00,6.852059005753e+00,1.070405184467e-01,1.989800830087e-01,3.085723956920e-03,1.000000000000e+00,9.969190368779e-01,1.003090484792e+00
9.898072072560e+02,4.495103459617e-01,1.449510345962e+00,5.083573332464e-01,9.362423199798e-01,2.150680957948e+00,6.827906764701e+00,1.074195325521e-01,1.996832228459e-01,3.030893266899e-03,1.000000000000e+00,9.969736998796e-01,1.003035486413e+00
1.007713417532e+03,4.454987371175e-01,1.445498737118e+00,5.107014625620e-01,9.371248735215e-01,2.143063994235e+00,6.803844515967e+00,1.077999992301e-01,2.003883556131e-01,2.977036871600e-03,1.000000000000e+00,9.970273944928e-01,1.002981468236e+00
1.025943561969e+03,4.415229294639e-01,1.441522929464e+00,5.130448921054e-01,9.379971572641e-01,2.135463234620e+00,6.779872017915e+00,1.081819221278e-01,2.010954826032e-01,2.924137458636e-03,1.000000000000e+00,9.970801378222e-01,1.002928412739e+00
1.044503500731e+03,4.375826034967e-01,1.437582603497e+00,5.153875152853e-01,9.388592483470e-01,2.127878766029e+00,6.755989028558e+00,1.085653048934e-01,2.018046050741e-01,2.872178023244e-03,1.000000000000e+00,9.971319466715e-01,1.002876302718e+00
1.063399199995e+03,4.336774425633e-01,1.433677442563e+00,5.177292257161e-01,9.397112242341e-01,2.120310673578e+00,6.732195305565e+00,1.089501511761e-01,2.025157242486e-01,2.821141862823e-03,1.000000000000e+00,9.971828375500e-01,1.002825121276e+00
1.082636733874e+03,4.298071328369e-01,1.429807132837e+00,5.200699172386e-01,9.405531626918e-01,2.112759040590e+00,6.708490606282e+00,1.093364646261e-01,2.032288413139e-01,2.771012571562e-03,1.000000000000e+00,9.972328266764e-01,1.002774851820e+00
1.102222286361e+03,4.259713632916e-01,1.425971363292e+00,5.224094839395e-01,9.413851417660e-01,2.105223948621e+00,6.684874687742e+00,1.097242488945e-01,2.039439574216e-01,2.721774035167e-03,1.000000000000e+00,9.972819299849e-01,1.002725478055e+00
1.122162153323e+03,4.221698256770e-01,1.422169825677e+00,5.247478201713e-01,9.422072397601e-01,2.097705477474e+00,6.661347306679e+00,1.101135076328e-01,2.046610736873e-01,2.673410425682e-03,1.000000000000e+00,9.973301631296e-01,1.002676983981e+00
1.142462744524e+03,4.184022144938e-01,1.418402214494e+00,5.270848205718e-01,9.430195352130e-01,2.090203705226e+00,6.637908219543e+00,1.105042444934e-01,2.053801911903e-01,2.625906196399e-03,1.000000000000e+00,9.973775414893e-01,1.002629353882e+00
1.163130585681e+03,4.146682269690e-01,1.414668226969e+00,5.294203800836e-01,9.438221068778e-01,2.082718708243e+00,6.614557182514e+00,1.108964631289e-01,2.061013109734e-01,2.579246076865e-03,1.000000000000e+00,9.974240801728e-01,1.002582572326e+00
1.184172320570e+03,4.109675630319e-01,1.410967563032e+00,5.317543939735e-01,9.446150337000e-01,2.075250561203e+00,6.591293951513e+00,1.112901671922e-01,2.068244340430e-01,2.533415067965e-03,1.000000000000e+00,9.974697940228e-01,1.002536624159e+00
1.205594713154e+03,4.072999252893e-01,1.407299925289e+00,5.340867578515e-01,9.453983947971e-01,2.067799337111e+00,6.568118282217e+00,1.116853603363e-01,2.075495613683e-01,2.488398437111e-03,1.000000000000e+00,9.975146976215e-01,1.002491494496e+00
1.227404649759e+03,4.036650190026e-01,1.403665019003e+00,5.364173676900e-01,9.461722694372e-01,2.060365107324e+00,6.545029930072e+00,1.120820462142e-01,2.082766938812e-01,2.444181713495e-03,1.000000000000e+00,9.975588052942e-01,1.002447168721e+00
1.249609141292e+03,4.000625520631e-01,1.400062552063e+00,5.387461198424e-01,9.469367370192e-01,2.052947941568e+00,6.522028650306e+00,1.124802284790e-01,2.090058324765e-01,2.400750683448e-03,1.000000000000e+00,9.976021311143e-01,1.002403632481e+00
1.272215325490e+03,3.964922349692e-01,1.396492234969e+00,5.410729110620e-01,9.476918770523e-01,2.045547907955e+00,6.499114197939e+00,1.128799107831e-01,2.097369780110e-01,2.358091385863e-03,1.000000000000e+00,9.976446889078e-01,1.002360871679e+00
1.295230469215e+03,3.929537808030e-01,1.392953780803e+00,5.433976385201e-01,9.484377691366e-01,2.038165073004e+00,6.476286327800e+00,1.132810967788e-01,2.104701313038e-01,2.316190107710e-03,1.000000000000e+00,9.976864922570e-01,1.002318872472e+00
1.318661970792e+03,3.894469052070e-01,1.389446905207e+00,5.457201998245e-01,9.491744929433e-01,2.030799501660e+00,6.453544794536e+00,1.136837901179e-01,2.112052931355e-01,2.275033379630e-03,1.000000000000e+00,9.977275545055e-01,1.002277621265e+00
1.342517362387e+03,3.859713263615e-01,1.385971326362e+00,5.480404930379e-01,9.499021281958e-01,2.023451257310e+00,6.430889352625e+00,1.140879944512e-01,2.119424642488e-01,2.234607971599e-03,1.000000000000e+00,9.977678887617e-01,1.002237104705e+00
1.366804312426e+03,3.825267649620e-01,1.382526764962e+00,5.503584166948e-01,9.506207546508e-01,2.016120401803e+00,6.408319756390e+00,1.144937134289e-01,2.126816453472e-01,2.194900888684e-03,1.000000000000e+00,9.978075079034e-01,1.002197309681e+00
1.391530628061e+03,3.791129441963e-01,1.379112944196e+00,5.526738698202e-01,9.513304520797e-01,2.008806995470e+00,6.385835760006e+00,1.149009507002e-01,2.134228370955e-01,2.155899366857e-03,1.000000000000e+00,9.978464245815e-01,1.002158223315e+00
1.416704257683e+03,3.757295897228e-01,1.375729589723e+00,5.549867519464e-01,9.520313002508e-01,2.001511097137e+00,6.363437117519e+00,1.153097099130e-01,2.141660401195e-01,2.117590868899e-03,1.000000000000e+00,9.978846512241e-01,1.002119832962e+00
1.442333293470e+03,3.723764296484e-01,1.372376429648e+00,5.572969631304e-01,9.527233789113e-01,1.994232764147e+00,6.341123582849e+00,1.157199947143e-01,2.149112550054e-01,2.079963080365e-03,1.000000000000e+00,9.979222000405e-01,1.002082126201e+00
1.468425973997e+03,3.690531945061e-01,1.369053194506e+00,5.596044039708e-01,9.534067677695e-01,1.986972052376e+00,6.318894909810e+00,1.161318087494e-01,2.156584822998e-01,2.043003905628e-03,1.000000000000e+00,9.979590830247e-01,1.002045090836e+00
1.494990686875e+03,3.657596172340e-01,1.365759617234e+00,5.619089756247e-01,9.540815464782e-01,1.979729016250e+00,6.296750852115e+00,1.165451556620e-01,2.164077225095e-01,2.006701463988e-03,1.000000000000e+00,9.979953119594e-01,1.002008714887e+00
1.522035971456e+03,3.624954331535e-01,1.362495433154e+00,5.642105798240e-01,9.547477946176e-01,1.972503708763e+00,6.274691163390e+00,1.169600390944e-01,2.171589761011e-01,1.971044085857e-03,1.000000000000e+00,9.980308984197e-01,1.001972986591e+00
1.549570521572e+03,3.592603799480e-01,1.359260379948e+00,5.665091188916e-01,9.554055916786e-01,1.965296181493e+00,6.252715597186e+00,1.173764626868e-01,2.179122435007e-01,1.936020309006e-03,1.000000000000e+00,9.980658537766e-01,1.001937894395e+00
1.577603188331e+03,3.560541976421e-01,1.356054197642e+00,5.688044957577e-01,9.560550170473e-01,1.958106484619e+00,6.230823906984e+00,1.177944300775e-01,2.186675250941e-01,1.901618874879e-03,1.000000000000e+00,9.981001892007e-01,1.001903426950e+00
1.606142982966e+03,3.528766285804e-01,1.352876628580e+00,5.710966139754e-01,9.566961499885e-01,1.950934666941e+00,6.209015846215e+00,1.182139449026e-01,2.194248212261e-01,1.867828724974e-03,1.000000000000e+00,9.981339156656e-01,1.001869573116e+00
1.635199079725e+03,3.497274174069e-01,1.349727417407e+00,5.733853777359e-01,9.573290696304e-01,1.943780775890e+00,6.187291168263e+00,1.186350107961e-01,2.201841322002e-01,1.834638997292e-03,1.000000000000e+00,9.981670439514e-01,1.001836321946e+00
1.664780818826e+03,3.466063110446e-01,1.346606311045e+00,5.756706918843e-01,9.579538549498e-01,1.936644857549e+00,6.165649626478e+00,1.190576313893e-01,2.209454582790e-01,1.802039022840e-03,1.000000000000e+00,9.981995846482e-01,1.001803662694e+00
1.694897709457e+03,3.435130586750e-01,1.343513058675e+00,5.779524619339e-01,9.585705847571e-01,1.929526956670e+00,6.144090974187e+00,1.194818103110e-01,2.217087996831e-01,1.770018322204e-03,1.000000000000e+00,9.982315481590e-01,1.001771584803e+00
1.725559432831e+03,3.404474117180e-01,1.340447411718e+00,5.802305940814e-01,9.591793376816e-01,1.922427116686e+00,6.122614964703e+00,1.199075511874e-01,2.224741565916e-01,1.738566602182e-03,1.000000000000e+00,9.982629447036e-01,1.001740077908e+00
1.756775845302e+03,3.374091238119e-01,1.337409123812e+00,5.825049952207e-01,9.597801921577e-01,1.915345379730e+00,6.101221351336e+00,1.203348576417e-01,2.232415291414e-01,1.707673752473e-03,1.000000000000e+00,9.982937843213e-01,1.001709131826e+00
1.788556981531e+03,3.343979507937e-01,1.334397950794e+00,5.847755729579e-01,9.603732264111e-01,1.908281786650e+00,6.079909887401e+00,1.207637332939e-01,2.240109174272e-01,1.677329842425e-03,1.000000000000e+00,9.983240768743e-01,1.001678736559e+00
1.820913057712e+03,3.314136506793e-01,1.331413650679e+00,5.870422356240e-01,9.609585184450e-01,1.901236377023e+00,6.058680326232e+00,1.211941817610e-01,2.247823215011e-01,1.647525117849e-03,1.000000000000e+00,9.983538320507e-01,1.001648882286e+00
1.853854474856e+03,3.284559836443e-01,1.328455983644e+00,5.893048922895e-01,9.615361460275e-01,1.894209189173e+00,6.037532421186e+00,1.216262066567e-01,2.255557413724e-01,1.618249997877e-03,1.000000000000e+00,9.983830593678e-01,1.001619559364e+00
1.887391822135e+03,3.255247120046e-01,1.325524712005e+00,5.915634527769e-01,9.621061866782e-01,1.887200260185e+00,6.016465925656e+00,1.220598115908e-01,2.263311770076e-01,1.589495071885e-03,1.000000000000e+00,9.984117681746e-01,1.001590758318e+00
1.921535880284e+03,3.226196001971e-01,1.322619600197e+00,5.938178276738e-01,9.626687176563e-01,1.880209625918e+00,5.995480593081e+00,1.224950001699e-01,2.271086283298e-01,1.561251096470e-03,1.000000000000e+00,9.984399676553e-01,1.001562469848e+00
1.956297625070e+03,3.197404147610e-01,1.319740414761e+00,5.960679283459e-01,9.632238159482e-01,1.873237321023e+00,5.974576176952e+00,1.229317759965e-01,2.278880952187e-01,1.533508992473e-03,1.000000000000e+00,9.984676668318e-01,1.001534684817e+00
1.991688230818e+03,3.168869243193e-01,1.316886924319e+00,5.983136669488e-01,9.637715582557e-01,1.866283378959e+00,5.953752430825e+00,1.233701426691e-01,2.286695775104e-01,1.506259842068e-03,1.000000000000e+00,9.984948745666e-01,1.001507394251e+00
2.027719074001e+03,3.140588995594e-01,1.314058899559e+00,6.005549564406e-01,9.643120209844e-01,1.859347832000e+00,5.933009108325e+00,1.238101037822e-01,2.294530749967e-01,1.479494885887e-03,1.000000000000e+00,9.985215995661e-01,1.001480589338e+00
2.064401736902e+03,3.112561132157e-01,1.311256113216e+00,6.027917105930e-01,9.648452802329e-01,1.852430711260e+00,5.912345963162e+00,1.242516629258e-01,2.302385874258e-01,1.453205520212e-03,1.000000000000e+00,9.985478503824e-01,1.001454261423e+00
2.101748011332e+03,3.084783400503e-01,1.308478340050e+00,6.050238440034e-01,9.653714117816e-01,1.845532046699e+00,5.891762749132e+00,1.246948236857e-01,2.310261145010e-01,1.427383294203e-03,1.000000000000e+00,9.985736354168e-01,1.001428402005e+00
2.139769902427e+03,3.057253568358e-01,1.305725356836e+00,6.072512721053e-01,9.658904910825e-01,1.838651867140e+00,5.871259220132e+00,1.251395896427e-01,2.318156558813e-01,1.402019907186e-03,1.000000000000e+00,9.985989629222e-01,1.001403002737e+00
2.178479632499e+03,3.029969423369e-01,1.302996942337e+00,6.094739111799e-01,9.664025932487e-01,1.831790200286e+00,5.850835130163e+00,1.255859643731e-01,2.326072111808e-01,1.377107205982e-03,1.000000000000e+00,9.986238410057e-01,1.001378055418e+00
2.217889644970e+03,3.002928772924e-01,1.300292877292e+00,6.116916783657e-01,9.669077930446e-01,1.824947072728e+00,5.830490233343e+00,1.260339514481e-01,2.334007799684e-01,1.352637182289e-03,1.000000000000e+00,9.986482776310e-01,1.001353551996e+00
2.258012608373e+03,2.976129443984e-01,1.297612944398e+00,6.139044916695e-01,9.674061648766e-01,1.818122509963e+00,5.810224283914e+00,1.264835544339e-01,2.341963617677e-01,1.328601970102e-03,1.000000000000e+00,9.986722806211e-01,1.001329484561e+00
2.298861420421e+03,2.949569282897e-01,1.294956928290e+00,6.161122699756e-01,9.678977827833e-01,1.811316536407e+00,5.790037036248e+00,1.269347768912e-01,2.349939560570e-01,1.304993843192e-03,1.000000000000e+00,9.986958576609e-01,1.001305845347e+00
2.340449212153e+03,2.923246155236e-01,1.292324615524e+00,6.183149330558e-01,9.683827204272e-01,1.804529175408e+00,5.769928244857e+00,1.273876223754e-01,2.357935622685e-01,1.281805212616e-03,1.000000000000e+00,9.987190162993e-01,1.001282626725e+00
2.382789352159e+03,2.897157945621e-01,1.289715794562e+00,6.205124015783e-01,9.688610510854e-01,1.797760449259e+00,5.749897664401e+00,1.278420944362e-01,2.365951797887e-01,1.259028624281e-03,1.000000000000e+00,9.987417639519e-01,1.001259821201e+00
2.425895450873e+03,2.871302557548e-01,1.287130255755e+00,6.227045971168e-01,9.693328476416e-01,1.791010379210e+00,5.729945049697e+00,1.282981966175e-01,2.373988079577e-01,1.236656756547e-03,1.000000000000e+00,9.987641079031e-01,1.001237421416e+00
2.469781364952e+03,2.845677913227e-01,1.284567791323e+00,6.248914421589e-01,9.697981825780e-01,1.784278985486e+00,5.710070155721e+00,1.287559324574e-01,2.382044460694e-01,1.214682417874e-03,1.000000000000e+00,9.987860553085e-01,1.001215420144e+00
2.514461201725e+03,2.820281953408e-01,1.282028195341e+00,6.270728601146e-01,9.702571279675e-01,1.777566287293e+00,5.690272737623e+00,1.292153054877e-01,2.390120933708e-01,1.193098544508e-03,1.000000000000e+00,9.988076131973e-01,1.001193810286e+00
2.559949323735e+03,2.795112637220e-01,1.279511263722e+00,6.292487753240e-01,9.707097554662e-01,1.770872302837e+00,5.670552550731e+00,1.296763192338e-01,2.398217490622e-01,1.171898198212e-03,1.000000000000e+00,9.988287884742e-01,1.001172584871e+00
2.606260353350e+03,2.770167942006e-01,1.277016794201e+00,6.314191130650e-01,9.711561363062e-01,1.764197049331e+00,5.650909350558e+00,1.301389772148e-01,2.406334122967e-01,1.151074564037e-03,1.000000000000e+00,9.988495879221e-01,1.001151737050e+00
2.653409177464e+03,2.745445863158e-01,1.274544586316e+00,6.335837995608e-01,9.715963412887e-01,1.757540543014e+00,5.631342892809e+00,1.306032829431e-01,2.414470821802e-01,1.130620948129e-03,1.000000000000e+00,9.988700182035e-01,1.001131260100e+00
2.701410952287e+03,2.720944413959e-01,1.272094441396e+00,6.357427619864e-01,9.720304407773e-01,1.750902799157e+00,5.611852933390e+00,1.310692399242e-01,2.422627577710e-01,1.110530775579e-03,1.000000000000e+00,9.988900858635e-01,1.001111147415e+00
2.750281108213e+03,2.696661625424e-01,1.269666162542e+00,6.378959284757e-01,9.724585046919e-01,1.744283832079e+00,5.592439228414e+00,1.315368516568e-01,2.430804380797e-01,1.090797588305e-03,1.000000000000e+00,9.989097973312e-01,1.001091392508e+00
2.800035354779e+03,2.672595546137e-01,1.267259554614e+00,6.400432281279e-01,9.728806025023e-01,1.737683655159e+00,5.573101534208e+00,1.320061216321e-01,2.439001220690e-01,1.071415042985e-03,1.000000000000e+00,9.989291589219e-01,1.001071989008e+00
2.850689685720e+03,2.648744242100e-01,1.264874424210e+00,6.421845910129e-01,9.732968032224e-01,1.731102280847e+00,5.553839607320e+00,1.324770533343e-01,2.447218086533e-01,1.052376909008e-03,1.000000000000e+00,9.989481768394e-01,1.001052930657e+00
2.902260384106e+03,2.625105796571e-01,1.262510579657e+00,6.443199481779e-01,9.737071754050e-01,1.724539720676e+00,5.534653204526e+00,1.329496502398e-01,2.455454966987e-01,1.033677066479e-03,1.000000000000e+00,9.989668571775e-01,1.001034211310e+00
2.954764027576e+03,2.601678309919e-01,1.260167830992e+00,6.464492316519e-01,9.741117871360e-01,1.717995985275e+00,5.515542082836e+00,1.334239158173e-01,2.463711850229e-01,1.015309504245e-03,1.000000000000e+00,9.989852059223e-01,1.001015824931e+00
3.008217493673e+03,2.578459899461e-01,1.257845989946e+00,6.485723744516e-01,9.745107060298e-01,1.711471084378e+00,5.496505999500e+00,1.338998535279e-01,2.471988723944e-01,9.972683179690e-04,1.000000000000e+00,9.990032289540e-01,1.000997765590e+00
3.062637965260e+03,2.555448699319e-01,1.255544869932e+00,6.506893105855e-01,9.749039992242e-01,1.704965026839e+00,5.477544712018e+00,1.343774668242e-01,2.480285575330e-01,9.795477082273e-04,1.000000000000e+00,9.990209320485e-01,1.000980027465e+00
3.118042936050e+03,2.532642860265e-01,1.253264286027e+00,6.527999750587e-01,9.752917333760e-01,1.698477820640e+00,5.458657978141e+00,1.348567591509e-01,2.488602391093e-01,9.621419786477e-04,1.000000000000e+00,9.990383208798e-01,1.000962604837e+00
3.174450216230e+03,2.510040549576e-01,1.251004054958e+00,6.549043038771e-01,9.756739746569e-01,1.692009472905e+00,5.439845555883e+00,1.353377339441e-01,2.496939157443e-01,9.450455340776e-04,1.000000000000e+00,9.990554010214e-01,1.000945492090e+00
3.231877938182e+03,2.487639950884e-01,1.248763995088e+00,6.570022340510e-01,9.760507887489e-01,1.685559989911e+00,5.421107203520e+00,1.358203946314e-01,2.505295860096e-01,9.282528787853e-04,1.000000000000e+00,9.990721779478e-01,1.000928683705e+00
3.290344562313e+03,2.465439264031e-01,1.246543926403e+00,6.590937035989e-01,9.764222408410e-01,1.679129377096e+00,5.402442679605e+00,1.363047446314e-01,2.513672484268e-01,9.117586146940e-04,1.000000000000e+00,9.990886570371e-01,1.000912174266e+00
3.349868882991e+03,2.443436704924e-01,1.244343670492e+00,6.611786515503e-01,9.767883956254e-01,1.672717639075e+00,5.383851742965e+00,1.367907873539e-01,2.522069014676e-01,8.955574396456e-04,1.000000000000e+00,9.991048435718e-01,1.000895958451e+00
3.410470034587e+03,2.421630505393e-01,1.242163050539e+00,6.632570179494e-01,9.771493172944e-01,1.666324779645e+00,5.365334152716e+00,1.372785261994e-01,2.530485435534e-01,8.796441456972e-04,1.000000000000e+00,9.991207427411e-01,1.000880031033e+00
3.472167497621e+03,2.400018913046e-01,1.240001891305e+00,6.653287438568e-01,9.775050695366e-01,1.659950801802e+00,5.346889668260e+00,1.377679645591e-01,2.538921730553e-01,8.640136174466e-04,1.000000000000e+00,9.991363596422e-01,1.000864386877e+00
3.534981105030e+03,2.378600191132e-01,1.237860019113e+00,6.673937713527e-01,9.778557155347e-01,1.653595707745e+00,5.328518049297e+00,1.382591058148e-01,2.547377882937e-01,8.486608303878e-04,1.000000000000e+00,9.991516992821e-01,1.000849020943e+00
3.598931048540e+03,2.357372618398e-01,1.235737261840e+00,6.694520435381e-01,9.782013179625e-01,1.647259498894e+00,5.310219055828e+00,1.387519533383e-01,2.555853875383e-01,8.335808492961e-04,1.000000000000e+00,9.991667665792e-01,1.000833928278e+00
3.664037885157e+03,2.336334488954e-01,1.233633448895e+00,6.715035045376e-01,9.785419389825e-01,1.640942175892e+00,5.291992448159e+00,1.392465104917e-01,2.564349690077e-01,8.187688266414e-04,1.000000000000e+00,9.991815663645e-01,1.000819104018e+00
3.730322543777e+03,2.315484112132e-01,1.231548411213e+00,6.735480994996e-01,9.788776402433e-01,1.634643738622e+00,5.273837986912e+00,1.397427806267e-01,2.572865308694e-01,8.042200010303e-04,1.000000000000e+00,9.991961033838e-01,1.000804543386e+00
3.797806331911e+03,2.294819812353e-01,1.229481981235e+00,6.755857745987e-01,9.792084828780e-01,1.628364186215e+00,5.255755433025e+00,1.402407670851e-01,2.581400712394e-01,7.899296956753e-04,1.000000000000e+00,9.992103822987e-01,1.000790241690e+00
3.866510942536e+03,2.274339928992e-01,1.227433992899e+00,6.776164770358e-01,9.795345275020e-01,1.622103517058e+00,5.237744547758e+00,1.407404731980e-01,2.589955881823e-01,7.758933168911e-04,1.000000000000e+00,9.992244076883e-01,1.000776194322e+00
3.936458461068e+03,2.254042816243e-01,1.225404281624e+00,6.796401550389e-01,9.798558342115e-01,1.615861728809e+00,5.219805092702e+00,1.412419022856e-01,2.598530797109e-01,7.621063526187e-04,1.000000000000e+00,9.992381840504e-01,1.000762396756e+00
4.007671372463e+03,2.233926842990e-01,1.223392684299e+00,6.816567578638e-01,9.801724625818e-01,1.609638818402e+00,5.201936829778e+00,1.417450576575e-01,2.607125437860e-01,7.485643709744e-04,1.000000000000e+00,9.992517158033e-01,1.000748844545e+00
4.080172568442e+03,2.213990392670e-01,1.221399039267e+00,6.836662357936e-01,9.804844716661e-01,1.603434782057e+00,5.184139521250e+00,1.422499426123e-01,2.615739783165e-01,7.352630188252e-04,1.000000000000e+00,9.992650072870e-01,1.000735533325e+00
4.153985354850e+03,2.194231863150e-01,1.219423186315e+00,6.856685401390e-01,9.807919199944e-01,1.597249615293e+00,5.166412929721e+00,1.427565604370e-01,2.624373811587e-01,7.221980203896e-04,1.000000000000e+00,9.992780627646e-01,1.000722458805e+00
4.229133459151e+03,2.174649666595e-01,1.217464966660e+00,6.876636232375e-01,9.810948655726e-01,1.591083312935e+00,5.148756818145e+00,1.432649144074e-01,2.633027501168e-01,7.093651758633e-04,1.000000000000e+00,9.992908864236e-01,1.000709616775e+00
4.305641038053e+03,2.155242229339e-01,1.215524222934e+00,6.896514384531e-01,9.813933658815e-01,1.584935869126e+00,5.131170949829e+00,1.437750077875e-01,2.641700829421e-01,6.967603600686e-04,1.000000000000e+00,9.993034823774e-01,1.000697003098e+00
4.383532685272e+03,2.136007991760e-01,1.213600799176e+00,6.916319401746e-01,9.816874778765e-01,1.578807277332e+00,5.113655088437e+00,1.442868438295e-01,2.650393773331e-01,6.843795211291e-04,1.000000000000e+00,9.993158546665e-01,1.000684613709e+00
4.462833439439e+03,2.116945408155e-01,1.211694540816e+00,6.936050838151e-01,9.819772579869e-01,1.572697530355e+00,5.096208997996e+00,1.448004257735e-01,2.659106309355e-01,6.722186791665e-04,1.000000000000e+00,9.993280072598e-01,1.000672444618e+00
4.543568792152e+03,2.098052946618e-01,1.209805294662e+00,6.955708258102e-01,9.822627621158e-01,1.566606620342e+00,5.078832442901e+00,1.453157568474e-01,2.667838413416e-01,6.602739250217e-04,1.000000000000e+00,9.993399440558e-01,1.000660491906e+00
4.625764696163e+03,2.079329088910e-01,1.207932908891e+00,6.975291236163e-01,9.825440456399e-01,1.560534538790e+00,5.061525187917e+00,1.458328402666e-01,2.676590060906e-01,6.485414189979e-04,1.000000000000e+00,9.993516688840e-01,1.000648751722e+00
4.709447573729e+03,2.060772330344e-01,1.206077233034e+00,6.994799357085e-01,9.828211634094e-01,1.554481276562e+00,5.044286998186e+00,1.463516792337e-01,2.685361226681e-01,6.370173896265e-04,1.000000000000e+00,9.993631855059e-01,1.000637220285e+00
4.794644325099e+03,2.042381179661e-01,1.204238117966e+00,7.014232215787e-01,9.830941697485e-01,1.548446823890e+00,5.027117639230e+00,1.468722769387e-01,2.694151885061e-01,6.256981324549e-04,1.000000000000e+00,9.993744976166e-01,1.000625893882e+00
4.881382337165e+03,2.024154158910e-01,1.202415415891e+00,7.033589417327e-01,9.833631184555e-01,1.542431170385e+00,5.010016876957e+00,1.473946365584e-01,2.702962009827e-01,6.145800088551e-04,1.000000000000e+00,9.993856088454e-01,1.000614768863e+00
4.969689492264e+03,2.006089803332e-01,1.200608980333e+00,7.052870576879e-01,9.836280628034e-01,1.536434305047e+00,4.992984477662e+00,1.479187612563e-01,2.711791574222e-01,6.036594448547e-04,1.000000000000e+00,9.993965227575e-01,1.000603841647e+00
5.059594177140e+03,1.988186661236e-01,1.198818666124e+00,7.072075319705e-01,9.838890555404e-01,1.530456216275e+00,4.976020208034e+00,1.484446541824e-01,2.720640550945e-01,5.929329299876e-04,1.000000000000e+00,9.994072428547e-01,1.000593108715e+00
5.151125292074e+03,1.970443293891e-01,1.197044329389e+00,7.091203281118e-01,9.841461488906e-01,1.524496891870e+00,4.959123835160e+00,1.489723184732e-01,2.729508912155e-01,5.823970161658e-04,1.000000000000e+00,9.994177725770e-01,1.000582566609e+00
5.244312260166e+03,1.952858275402e-01,1.195285827540e+00,7.110254106454e-01,9.843993945550e-01,1.518556319050e+00,4.942295126525e+00,1.495017572510e-01,2.738396629465e-01,5.720483165709e-04,1.000000000000e+00,9.994281153031e-01,1.000572211936e+00
5.339185036801e+03,1.935430192602e-01,1.193543019260e+00,7.129227451034e-01,9.846488437126e-01,1.512634484455e+00,4.925533850024e+00,1.500329736243e-01,2.747303673942e-01,5.618835045652e-04,1.000000000000e+00,9.994382743520e-01,1.000562041361e+00
5.435774119274e+03,1.918157644934e-01,1.191815764493e+00,7.148122980126e-01,9.848945470213e-01,1.506731374153e+00,4.908839773956e+00,1.505659706872e-01,2.756230016108e-01,5.518993126228e-04,1.000000000000e+00,9.994482529838e-01,1.000552051609e+00
5.534110556593e+03,1.901039244341e-01,1.190103924434e+00,7.166940368907e-01,9.851365546194e-01,1.500846973653e+00,4.892212667035e+00,1.511007515192e-01,2.765175625933e-01,5.420925312787e-04,1.000000000000e+00,9.994580544009e-01,1.000542239463e+00
5.634225959464e+03,1.884073615153e-01,1.188407361515e+00,7.185679302421e-01,9.853749161265e-01,1.494981267911e+00,4.875652298391e+00,1.516373191851e-01,2.774140472838e-01,5.324600080976e-04,1.000000000000e+00,9.994676817487e-01,1.000532601765e+00
5.736152510449e+03,1.867259393978e-01,1.186725939398e+00,7.204339475532e-01,9.856096806455e-01,1.489134241337e+00,4.859158437574e+00,1.521756767350e-01,2.783124525695e-01,5.229986466600e-04,1.000000000000e+00,9.994771381171e-01,1.000523135410e+00
5.839922974309e+03,1.850595229590e-01,1.185059522959e+00,7.222920592882e-01,9.858408967641e-01,1.483305877804e+00,4.842730854557e+00,1.527158272035e-01,2.792127752818e-01,5.137054055674e-04,1.000000000000e+00,9.994864265410e-01,1.000513837352e+00
5.945570708544e+03,1.834079782823e-01,1.183407978282e+00,7.241422368844e-01,9.860686125561e-01,1.477496160655e+00,4.826369319742e+00,1.532577736100e-01,2.801150121970e-01,5.045772974643e-04,1.000000000000e+00,9.994955500017e-01,1.000504704597e+00
6.053129674109e+03,1.817711726462e-01,1.181771172646e+00,7.259844527468e-01,9.862928755837e-01,1.471705072712e+00,4.810073603960e+00,1.538015189585e-01,2.810191600358e-01,4.956113880778e-04,1.000000000000e+00,9.995045114272e-01,1.000495734203e+00
6.162634446331e+03,1.801489745137e-01,1.180148974514e+00,7.278186802435e-01,9.865137328990e-01,1.465932596283e+00,4.793843478477e+00,1.543470662369e-01,2.819252154631e-01,4.868047952748e-04,1.000000000000e+00,9.995133136942e-01,1.000486923285e+00
6.274120226030e+03,1.785412535214e-01,1.178541253521e+00,7.296448937000e-01,9.867312310463e-01,1.460178713169e+00,4.777678714993e+00,1.548944184174e-01,2.828331750880e-01,4.781546881352e-04,1.000000000000e+00,9.995219596278e-01,1.000478269004e+00
6.387622850828e+03,1.769478804699e-01,1.176947880470e+00,7.314630683940e-01,9.869454160638e-01,1.454443404671e+00,4.761579085654e+00,1.554435784558e-01,2.837430354638e-01,4.696582860416e-04,1.000000000000e+00,9.995304520034e-01,1.000469768575e+00
6.503178806669e+03,1.753687273122e-01,1.175368727312e+00,7.332731805498e-01,9.871563334862e-01,1.448726651600e+00,4.745544363046e+00,1.559945492915e-01,2.846547930874e-01,4.613128577863e-04,1.000000000000e+00,9.995387935470e-01,1.000461419263e+00
6.620825239554e+03,1.738036671444e-01,1.173803667144e+00,7.350752073323e-01,9.873640283468e-01,1.443028434283e+00,4.729574320203e+00,1.565473338473e-01,2.855684443999e-01,4.531157206926e-04,1.000000000000e+00,9.995469869362e-01,1.000453218378e+00
6.740599967474e+03,1.722525741951e-01,1.172252574195e+00,7.368691268410e-01,9.875685451797e-01,1.437348732569e+00,4.713668730609e+00,1.571019350291e-01,2.864839857856e-01,4.450642397525e-04,1.000000000000e+00,9.995550348013e-01,1.000445163281e+00
6.862541492573e+03,1.707153238153e-01,1.170715323815e+00,7.386549181042e-01,9.877699280224e-01,1.431687525837e+00,4.697827368201e+00,1.576583557258e-01,2.874014135728e-01,4.371558267803e-04,1.000000000000e+00,9.995629397258e-01,1.000437251379e+00
6.986689013521e+03,1.691917924683e-01,1.169191792468e+00,7.404325610728e-01,9.879682204180e-01,1.426044793004e+00,4.682050007372e+00,1.582165988089e-01,2.883207240330e-01,4.293879395797e-04,1.000000000000e+00,9.995707042474e-01,1.000429480127e+00
7.113082438114e+03,1.676818577202e-01,1.167681857720e+00,7.422020366132e-01,9.881634654182e-01,1.420420512530e+00,4.666336422975e+00,1.587766671324e-01,2.892419133811e-01,4.217580811274e-04,1.000000000000e+00,9.995783308588e-01,1.000421847021e+00
7.241762396106e+03,1.661853982294e-01,1.166185398229e+00,7.439633265018e-01,9.883557055859e-01,1.414814662428e+00,4.650686390322e+00,1.593385635327e-01,2.901649777753e-01,4.142637987699e-04,1.000000000000e+00,9.995858220085e-01,1.000414349606e+00
7.372770252269e+03,1.647022937374e-01,1.164702293737e+00,7.457164134174e-01,9.885449829974e-01,1.409227220268e+00,4.635099685194e+00,1.599022908280e-01,2.910899133169e-01,4.069026834353e-04,1.000000000000e+00,9.995931801015e-01,1.000406985468e+00
7.506148119685e+03,1.632324250588e-01,1.163232425059e+00,7.474612809350e-01,9.887313392457e-01,1.403658163185e+00,4.619576083835e+00,1.604678518185e-01,2.920167160502e-01,3.996723688589e-04,1.000000000000e+00,9.996004075001e-01,1.000399752238e+00
7.641938873290e+03,1.617756740721e-01,1.161775674072e+00,7.491979135187e-01,9.889148154432e-01,1.398107467886e+00,4.604115362961e+00,1.610352492860e-01,2.929453819624e-01,3.925705308225e-04,1.000000000000e+00,9.996075065250e-01,1.000392647587e+00
7.780186163652e+03,1.603319237098e-01,1.160331923710e+00,7.509262965144e-01,9.890954522245e-01,1.392575110656e+00,4.588717299761e+00,1.616044859936e-01,2.938759069836e-01,3.855948864072e-04,1.000000000000e+00,9.996144794553e-01,1.000385669228e+00
7.920934431006e+03,1.589010579490e-01,1.158901057949e+00,7.526464161432e-01,9.892732897495e-01,1.387061067365e+00,4.573381671898e+00,1.621755646855e-01,2.948082869865e-01,3.787431932597e-04,1.000000000000e+00,9.996213285299e-01,1.000378814916e+00
8.064228919537e+03,1.574829618025e-01,1.157482961803e+00,7.543582594936e-01,9.894483677061e-01,1.381565313473e+00,4.558108257515e+00,1.627484880870e-01,2.957425177867e-01,3.720132488715e-04,1.000000000000e+00,9.996280559481e-01,1.000372082446e+00
8.210115691922e+03,1.560775213092e-01,1.156077521309e+00,7.560618145141e-01,9.896207253139e-01,1.376087824041e+00,4.542896835233e+00,1.633232589039e-01,2.966785951421e-01,3.654028898706e-04,1.000000000000e+00,9.996346638698e-01,1.000365469650e+00
8.358641644143e+03,1.546846235251e-01,1.154684623525e+00,7.577570700062e-01,9.897904013265e-01,1.370628573731e+00,4.527747184156e+00,1.638998798227e-01,2.976165147532e-01,3.589099913264e-04,1.000000000000e+00,9.996411544169e-01,1.000358974400e+00
8.509854520558e+03,1.533041565139e-01,1.153304156514e+00,7.594440156164e-01,9.899574340354e-01,1.365187536816e+00,4.512659083875e+00,1.644783535099e-01,2.985562722630e-01,3.525324660666e-04,1.000000000000e+00,9.996475296735e-01,1.000352594606e+00
8.663802929248e+03,1.519360093386e-01,1.151936009339e+00,7.611226418285e-01,9.901218612726e-01,1.359764687188e+00,4.497632314465e+00,1.650586826122e-01,2.994978632566e-01,3.462682640059e-04,1.000000000000e+00,9.996537916868e-01,1.000346328215e+00
8.820536357644e+03,1.505800720520e-01,1.150580072052e+00,7.627929399559e-01,9.902837204143e-01,1.354359998359e+00,4.482666656493e+00,1.656408697560e-01,3.004412832614e-01,3.401153714876e-04,1.000000000000e+00,9.996599424677e-01,1.000340173211e+00
8.980105188436e+03,1.492362356882e-01,1.149236235688e+00,7.644549021340e-01,9.904430483840e-01,1.348973443472e+00,4.467761891018e+00,1.662249175473e-01,3.013865277471e-01,3.340718106357e-04,1.000000000000e+00,9.996659839913e-01,1.000334127613e+00
9.142560715764e+03,1.479043922538e-01,1.147904392254e+00,7.661085213116e-01,9.905998816558e-01,1.343604995303e+00,4.452917799593e+00,1.668108285715e-01,3.023335921253e-01,3.281356387196e-04,1.000000000000e+00,9.996719181978e-01,1.000328189475e+00
9.307955161714e+03,1.465844347192e-01,1.146584434719e+00,7.677537912436e-01,9.907542562578e-01,1.338254626271e+00,4.438134164264e+00,1.673986053931e-01,3.032824717498e-01,3.223049475292e-04,1.000000000000e+00,9.996777469927e-01,1.000322356888e+00
9.476341693098e+03,1.452762570098e-01,1.145276257010e+00,7.693907064822e-01,9.909062077755e-01,1.332922308440e+00,4.423410767580e+00,1.679882505553e-01,3.042331619163e-01,3.165778627616e-04,1.000000000000e+00,9.996834722480e-01,1.000316627974e+00
9.647774438550e+03,1.439797539978e-01,1.143979753998e+00,7.710192623691e-01,9.910557713551e-01,1.327608013529e+00,4.408747392587e+00,1.685797665801e-01,3.051856578625e-01,3.109525434190e-04,1.000000000000e+00,9.996890958023e-01,1.000311000889e+00
9.822308505922e+03,1.426948214936e-01,1.142694821494e+00,7.726394550273e-01,9.912029817073e-01,1.322311712913e+00,4.394143822835e+00,1.691731559680e-01,3.061399547677e-01,3.054271812162e-04,1.000000000000e+00,9.996946194617e-01,1.000305473824e+00
1.000000000000e+04,1.414213562373e-01,1.141421356237e+00,7.742512813526e-01,9.913478731103e-01,1.317033377631e+00,4.379599842376e+00,1.697684211974e-01,3.070960477532e-01,3.000000000000e-04,1.000000000000e+00,9.997000450000e-01,1.000300045000e+00
