omega,r_slab_beta1,r_slab_beta10,r_slab_beta100,r_slab_beta1000
1.000000000000e-03,9.998333472381e-01,9.996970156230e-01,9.996700214675e-01,9.996670551212e-01
1.019389799624e-03,9.998301161496e-01,9.996911417246e-01,9.996636243267e-01,9.996606004830e-01
1.039155563577e-03,9.998268224217e-01,9.996851539681e-01,9.996571031888e-01,9.996540207336e-01
1.059304581732e-03,9.998234648403e-01,9.996790501472e-01,9.996504556512e-01,9.996473134487e-01
1.079844285313e-03,9.998200421678e-01,9.996728280128e-01,9.996436792647e-01,9.996404761574e-01
1.100782249630e-03,9.998165531424e-01,9.996664852724e-01,9.996367715328e-01,9.996335063405e-01
1.122126196879e-03,9.998129964780e-01,9.996600195889e-01,9.996297299105e-01,9.996264014303e-01
1.143883998989e-03,9.998093708638e-01,9.996534285803e-01,9.996225518036e-01,9.996191588094e-01
1.166063680523e-03,9.998056749632e-01,9.996467098181e-01,9.996152345678e-01,9.996117758095e-01
1.188673421636e-03,9.998019074139e-01,9.996398608270e-01,9.996077755075e-01,9.996042497110e-01
1.211721561100e-03,9.997980668273e-01,9.996328790837e-01,9.996001718748e-01,9.995965777413e-01
1.235216599369e-03,9.997941517878e-01,9.996257620161e-01,9.995924208688e-01,9.995887570743e-01
1.259167201723e-03,9.997901608523e-01,9.996185070021e-01,9.995845196343e-01,9.995807848291e-01
1.283582201457e-03,9.997860925498e-01,9.996111113692e-01,9.995764652608e-01,9.995726580693e-01
1.308470603144e-03,9.997819453808e-01,9.996035723928e-01,9.995682547814e-01,9.995643738013e-01
1.333841585953e-03,9.997777178169e-01,9.995958872958e-01,9.995598851720e-01,9.995559289737e-01
1.359704507034e-03,9.997734082998e-01,9.995880532472e-01,9.995513533498e-01,9.995473204762e-01
1.386068904973e-03,9.997690152412e-01,9.995800673613e-01,9.995426561723e-01,9.995385451380e-01
1.412944503305e-03,9.997645370222e-01,9.995719266964e-01,9.995337904363e-01,9.995295997271e-01
1.440341214103e-03,9.997599719921e-01,9.995636282540e-01,9.995247528764e-01,9.995204809490e-01
1.468269141635e-03,9.997553184685e-01,9.995551689775e-01,9.995155401643e-01,9.995111854454e-01
1.496738586085e-03,9.997505747365e-01,9.995465457511e-01,9.995061489071e-01,9.995017097929e-01
1.525760047358e-03,9.997457390477e-01,9.995377553987e-01,9.994965756462e-01,9.994920505020e-01
1.555344228950e-03,9.997408096201e-01,9.995287946829e-01,9.994868168562e-01,9.994822040156e-01
1.585502041895e-03,9.997357846371e-01,9.995196603035e-01,9.994768689434e-01,9.994721667077e-01
1.616244608791e-03,9.997306622467e-01,9.995103488963e-01,9.994667282446e-01,9.994619348824e-01
1.647583267898e-03,9.997254405615e-01,9.995008570323e-01,9.994563910258e-01,9.994515047720e-01
1.679529577326e-03,9.997201176570e-01,9.994911812158e-01,9.994458534805e-01,9.994408725360e-01
1.712095319292e-03,9.997146915718e-01,9.994813178838e-01,9.994351117289e-01,9.994300342596e-01
1.745292504470e-03,9.997091603065e-01,9.994712634042e-01,9.994241618159e-01,9.994189859524e-01
1.779133376417e-03,9.997035218227e-01,9.994610140745e-01,9.994129997099e-01,9.994077235467e-01
1.813630416089e-03,9.996977740427e-01,9.994505661208e-01,9.994016213015e-01,9.993962428960e-01
1.848796346449e-03,9.996919148488e-01,9.994399156959e-01,9.993900224015e-01,9.993845397737e-01
1.884644137151e-03,9.996859420817e-01,9.994290588786e-01,9.993781987400e-01,9.993726098715e-01
1.921187009333e-03,9.996798535410e-01,9.994179916713e-01,9.993661459642e-01,9.993604487977e-01
1.958438440483e-03,9.996736469830e-01,9.994067099995e-01,9.993538596375e-01,9.993480520756e-01
1.996412169420e-03,9.996673201211e-01,9.993952097098e-01,9.993413352370e-01,9.993354151422e-01
2.035122201351e-03,9.996608706241e-01,9.993834865682e-01,9.993285681528e-01,9.993225333459e-01
2.074582813045e-03,9.996542961158e-01,9.993715362591e-01,9.993155536855e-01,9.993094019454e-01
2.114808558093e-03,9.996475941739e-01,9.993593543834e-01,9.993022870451e-01,9.992960161076e-01
2.155814272277e-03,9.996407623294e-01,9.993469364567e-01,9.992887633488e-01,9.992823709059e-01
2.197615079042e-03,9.996337980651e-01,9.993342779081e-01,9.992749776195e-01,9.992684613186e-01
2.240226395075e-03,9.996266988155e-01,9.993213740782e-01,9.992609247838e-01,9.992542822269e-01
2.283663935987e-03,9.996194619652e-01,9.993082202176e-01,9.992465996702e-01,9.992398284129e-01
2.327943722114e-03,9.996120848482e-01,9.992948114849e-01,9.992319970073e-01,9.992250945580e-01
2.373082084421e-03,9.996045647468e-01,9.992811429452e-01,9.992171114218e-01,9.992100752406e-01
2.419095670528e-03,9.995968988910e-01,9.992672095683e-01,9.992019374365e-01,9.991947649345e-01
2.466001450850e-03,9.995890844567e-01,9.992530062264e-01,9.991864694684e-01,9.991791580066e-01
2.513816724854e-03,9.995811185656e-01,9.992385276930e-01,9.991707018264e-01,9.991632487149e-01
2.562559127440e-03,9.995729982834e-01,9.992237686402e-01,9.991546287097e-01,9.991470312065e-01
2.612246635445e-03,9.995647206190e-01,9.992087236373e-01,9.991382442052e-01,9.991304995154e-01
2.662897574274e-03,9.995562825236e-01,9.991933871487e-01,9.991215422856e-01,9.991136475603e-01
2.714530624657e-03,9.995476808893e-01,9.991777535317e-01,9.991045168072e-01,9.990964691424e-01
2.767164829542e-03,9.995389125479e-01,9.991618170345e-01,9.990871615074e-01,9.990789579431e-01
2.820819601113e-03,9.995299742701e-01,9.991455717942e-01,9.990694700030e-01,9.990611075218e-01
2.875514727953e-03,9.995208627640e-01,9.991290118347e-01,9.990514357870e-01,9.990429113135e-01
2.931270382343e-03,9.995115746740e-01,9.991121310642e-01,9.990330522272e-01,9.990243626262e-01
2.988107127699e-03,9.995021065796e-01,9.990949232736e-01,9.990143125628e-01,9.990054546391e-01
3.046045926160e-03,9.994924549940e-01,9.990773821334e-01,9.989952099029e-01,9.989861803990e-01
3.105108146312e-03,9.994826163630e-01,9.990595011920e-01,9.989757372232e-01,9.989665328191e-01
3.165315571079e-03,9.994725870638e-01,9.990412738733e-01,9.989558873639e-01,9.989465046754e-01
3.226690405748e-03,9.994623634033e-01,9.990226934740e-01,9.989356530268e-01,9.989260886043e-01
3.289255286164e-03,9.994519416169e-01,9.990037531615e-01,9.989150267731e-01,9.989052771003e-01
3.353033287074e-03,9.994413178673e-01,9.989844459710e-01,9.988940010201e-01,9.988840625130e-01
3.418047930642e-03,9.994304882430e-01,9.989647648035e-01,9.988725680387e-01,9.988624370442e-01
3.484323195121e-03,9.994194487567e-01,9.989447024227e-01,9.988507199510e-01,9.988403927451e-01
3.551883523699e-03,9.994081953441e-01,9.989242514526e-01,9.988284487265e-01,9.988179215138e-01
3.620753833510e-03,9.993967238621e-01,9.989034043750e-01,9.988057461802e-01,9.987950150916e-01
3.690959524828e-03,9.993850300877e-01,9.988821535263e-01,9.987826039688e-01,9.987716650609e-01
3.762526490434e-03,9.993731097160e-01,9.988604910952e-01,9.987590135882e-01,9.987478628414e-01
3.835481125163e-03,9.993609583591e-01,9.988384091194e-01,9.987349663703e-01,9.987235996874e-01
3.909850335640e-03,9.993485715439e-01,9.988158994831e-01,9.987104534796e-01,9.986988666843e-01
3.985661550207e-03,9.993359447112e-01,9.987929539139e-01,9.986854659102e-01,9.986736547458e-01
4.062942729033e-03,9.993230732132e-01,9.987695639796e-01,9.986599944826e-01,9.986479546102e-01
4.141722374432e-03,9.993099523126e-01,9.987457210856e-01,9.986340298402e-01,9.986217568372e-01
4.222029541369e-03,9.992965771804e-01,9.987214164711e-01,9.986075624458e-01,9.985950518044e-01
4.303893848182e-03,9.992829428940e-01,9.986966412066e-01,9.985805825787e-01,9.985678297042e-01
4.387345487500e-03,9.992690444360e-01,9.986713861903e-01,9.985530803304e-01,9.985400805394e-01
4.472415237382e-03,9.992548766918e-01,9.986456421449e-01,9.985250456017e-01,9.985117941206e-01
4.559134472669e-03,9.992404344479e-01,9.986193996140e-01,9.984964680985e-01,9.984829600616e-01
4.647535176552e-03,9.992257123902e-01,9.985926489591e-01,9.984673373284e-01,9.984535677764e-01
4.737649952369e-03,9.992107051018e-01,9.985653803557e-01,9.984376425968e-01,9.984236064747e-01
4.829512035633e-03,9.991954070609e-01,9.985375837901e-01,9.984073730031e-01,9.983930651585e-01
4.923155306284e-03,9.991798126394e-01,9.985092490552e-01,9.983765174365e-01,9.983619326178e-01
5.018614301189e-03,9.991639161001e-01,9.984803657476e-01,9.983450645724e-01,9.983301974268e-01
5.115924226878e-03,9.991477115951e-01,9.984509232632e-01,9.983130028680e-01,9.982978479396e-01
5.215120972527e-03,9.991311931635e-01,9.984209107936e-01,9.982803205580e-01,9.982648722859e-01
5.316241123198e-03,9.991143547291e-01,9.983903173221e-01,9.982470056509e-01,9.982312583669e-01
5.419321973328e-03,9.990971900986e-01,9.983591316200e-01,9.982130459240e-01,9.981969938511e-01
5.524401540487e-03,9.990796929587e-01,9.983273422419e-01,9.981784289196e-01,9.981620661693e-01
5.631518579398e-03,9.990618568745e-01,9.982949375224e-01,9.981431419400e-01,9.981264625106e-01
5.740712596230e-03,9.990436752865e-01,9.982619055713e-01,9.981071720433e-01,9.980901698175e-01
5.852023863168e-03,9.990251415088e-01,9.982282342694e-01,9.980705060383e-01,9.980531747813e-01
5.965493433268e-03,9.990062487262e-01,9.981939112643e-01,9.980331304802e-01,9.980154638371e-01
6.081163155596e-03,9.989869899919e-01,9.981589239657e-01,9.979950316657e-01,9.979770231592e-01
6.199075690662e-03,9.989673582252e-01,9.981232595412e-01,9.979561956277e-01,9.979378386562e-01
6.319274526156e-03,9.989473462083e-01,9.980869049112e-01,9.979166081307e-01,9.978978959655e-01
6.441803992986e-03,9.989269465845e-01,9.980498467446e-01,9.978762546653e-01,9.978571804483e-01
6.566709281625e-03,9.989061518548e-01,9.980120714540e-01,9.978351204433e-01,9.978156771847e-01
6.694036458783e-03,9.988849543755e-01,9.979735651904e-01,9.977931903923e-01,9.977733709677e-01
6.823832484393e-03,9.988633463554e-01,9.979343138386e-01,9.977504491501e-01,9.977302462985e-01
6.956145228931e-03,9.988413198531e-01,9.978943030120e-01,9.977068810594e-01,9.976862873801e-01
7.091023491073e-03,9.988188667738e-01,9.978535180473e-01,9.976624701623e-01,9.976414781124e-01
7.228517015692e-03,9.987959788665e-01,9.978119439995e-01,9.976172001941e-01,9.975958020859e-01
7.368676512203e-03,9.987726477211e-01,9.977695656364e-01,9.975710545779e-01,9.975492425760e-01
7.511553673266e-03,9.987488647653e-01,9.977263674330e-01,9.975240164186e-01,9.975017825372e-01
7.657201193854e-03,9.987246212614e-01,9.976823335661e-01,9.974760684967e-01,9.974534045967e-01
7.805672790681e-03,9.986999083032e-01,9.976374479087e-01,9.974271932622e-01,9.974040910484e-01
7.957023222021e-03,9.986747168128e-01,9.975916940238e-01,9.973773728285e-01,9.973538238462e-01
8.111308307897e-03,9.986490375372e-01,9.975450551592e-01,9.973265889657e-01,9.973025845983e-01
8.268584950673e-03,9.986228610450e-01,9.974975142407e-01,9.972748230943e-01,9.972503545598e-01
8.428911156038e-03,9.985961777231e-01,9.974490538668e-01,9.972220562785e-01,9.971971146265e-01
8.592346054400e-03,9.985689777730e-01,9.973996563018e-01,9.971682692196e-01,9.971428453280e-01
8.758949922692e-03,9.985412512075e-01,9.973493034699e-01,9.971134422488e-01,9.970875268208e-01
8.928784206608e-03,9.985129878468e-01,9.972979769485e-01,9.970575553206e-01,9.970311388811e-01
9.101911543257e-03,9.984841773150e-01,9.972456579617e-01,9.970005880052e-01,9.969736608978e-01
9.278395784274e-03,9.984548090364e-01,9.971923273739e-01,9.969425194818e-01,9.969150718647e-01
9.458302019360e-03,9.984248722315e-01,9.971379656823e-01,9.968833285307e-01,9.968553503739e-01
9.641696600296e-03,9.983943559132e-01,9.970825530107e-01,9.968229935259e-01,9.967944746074e-01
9.828647165408e-03,9.983632488830e-01,9.970260691019e-01,9.967614924278e-01,9.967324223298e-01
1.001922266452e-02,9.983315397265e-01,9.969684933107e-01,9.966988027747e-01,9.966691708800e-01
1.021349338437e-02,9.982992168098e-01,9.969098045967e-01,9.966349016755e-01,9.966046971639e-01
1.041153097455e-02,9.982662682748e-01,9.968499815165e-01,9.965697658012e-01,9.965389776455e-01
1.061340847392e-02,9.982326820356e-01,9.967890022165e-01,9.965033713768e-01,9.964719883389e-01
1.081920033756e-02,9.981984457734e-01,9.967268444246e-01,9.964356941729e-01,9.964037047998e-01
1.102898246419e-02,9.981635469325e-01,9.966634854429e-01,9.963667094971e-01,9.963341021170e-01
1.124283222422e-02,9.981279727158e-01,9.965989021394e-01,9.962963921854e-01,9.962631549035e-01
1.146082848825e-02,9.980917100798e-01,9.965330709398e-01,9.962247165931e-01,9.961908372873e-01
1.168305165616e-02,9.980547457304e-01,9.964659678191e-01,9.961516565859e-01,9.961171229027e-01
1.190958368677e-02,9.980170661180e-01,9.963975682933e-01,9.960771855310e-01,9.960419848811e-01
1.214050812806e-02,9.979786574323e-01,9.963278474108e-01,9.960012762871e-01,9.959653958409e-01
1.237591014799e-02,9.979395055977e-01,9.962567797434e-01,9.959239011957e-01,9.958873278788e-01
1.261587656592e-02,9.978995962682e-01,9.961843393773e-01,9.958450320705e-01,9.958077525593e-01
1.286049588461e-02,9.978589148221e-01,9.961104999043e-01,9.957646401882e-01,9.957266409049e-01
1.310985832288e-02,9.978174463568e-01,9.960352344125e-01,9.956826962782e-01,9.956439633864e-01
1.336405584885e-02,9.977751756836e-01,9.959585154765e-01,9.955991705125e-01,9.955596899119e-01
1.362318221392e-02,9.977320873223e-01,9.958803151480e-01,9.955140324951e-01,9.954737898170e-01
1.388733298729e-02,9.976881654953e-01,9.958006049460e-01,9.954272512513e-01,9.953862318535e-01
1.415660559122e-02,9.976433941224e-01,9.957193558472e-01,9.953387952175e-01,9.952969841790e-01
1.443109933698e-02,9.975977568148e-01,9.956365382749e-01,9.952486322294e-01,9.952060143453e-01
1.471091546148e-02,9.975512368691e-01,9.955521220899e-01,9.951567295115e-01,9.951132892878e-01
1.499615716456e-02,9.975038172620e-01,9.954660765790e-01,9.950630536655e-01,9.950187753135e-01
1.528692964710e-02,9.974554806434e-01,9.953783704447e-01,9.949675706584e-01,9.949224380895e-01
1.558334014982e-02,9.974062093309e-01,9.952889717945e-01,9.948702458113e-01,9.948242426312e-01
1.588549799280e-02,9.973559853029e-01,9.951978481294e-01,9.947710437870e-01,9.947241532900e-01
1.619351461580e-02,9.973047901928e-01,9.951049663329e-01,9.946699285780e-01,9.946221337413e-01
1.650750361940e-02,9.972526052821e-01,9.950102926597e-01,9.945668634938e-01,9.945181469717e-01
1.682758080687e-02,9.971994114938e-01,9.949137927235e-01,9.944618111488e-01,9.944121552666e-01
1.715386422687e-02,9.971451893858e-01,9.948154314854e-01,9.943547334487e-01,9.943041201966e-01
1.748647421700e-02,9.970899191437e-01,9.947151732421e-01,9.942455915784e-01,9.941940026052e-01
1.782553344819e-02,9.970335805742e-01,9.946129816131e-01,9.941343459876e-01,9.940817625948e-01
1.817116696994e-02,9.969761530976e-01,9.945088195283e-01,9.940209563781e-01,9.939673595130e-01
1.852350225642e-02,9.969176157407e-01,9.944026492156e-01,9.939053816897e-01,9.938507519391e-01
1.888266925350e-02,9.968579471295e-01,9.942944321876e-01,9.937875800863e-01,9.937318976697e-01
1.924880042668e-02,9.967971254813e-01,9.941841292285e-01,9.936675089415e-01,9.936107537046e-01
1.962203080995e-02,9.967351285975e-01,9.940717003807e-01,9.935451248241e-01,9.934872762318e-01
2.000249805557e-02,9.966719338554e-01,9.939571049311e-01,9.934203834836e-01,9.933614206128e-01
2.039034248484e-02,9.966075182004e-01,9.938403013973e-01,9.932932398352e-01,9.932331413679e-01
2.078570713988e-02,9.965418581381e-01,9.937212475137e-01,9.931636479441e-01,9.931023921602e-01
2.118873783636e-02,9.964749297257e-01,9.935999002166e-01,9.930315610105e-01,9.929691257802e-01
2.159958321729e-02,9.964067085638e-01,9.934762156299e-01,9.928969313536e-01,9.928332941302e-01
2.201839480782e-02,9.963371697880e-01,9.933501490506e-01,9.927597103957e-01,9.926948482077e-01
2.244532707118e-02,9.962662880598e-01,9.932216549329e-01,9.926198486458e-01,9.925537380892e-01
2.288053746558e-02,9.961940375583e-01,9.930906868736e-01,9.924772956829e-01,9.924099129135e-01
2.332418650232e-02,9.961203919709e-01,9.929571975960e-01,9.923320001394e-01,9.922633208647e-01
2.377643780499e-02,9.960453244841e-01,9.928211389343e-01,9.921839096839e-01,9.921139091548e-01
2.423745816979e-02,9.959688077742e-01,9.926824618173e-01,9.920329710038e-01,9.919616240063e-01
2.470741762709e-02,9.958908139980e-01,9.925411162520e-01,9.918791297873e-01,9.918064106345e-01
2.518648950410e-02,9.958113147832e-01,9.923970513069e-01,9.917223307059e-01,9.916482132289e-01
2.567485048881e-02,9.957302812180e-01,9.922502150952e-01,9.915625173958e-01,9.914869749352e-01
2.617268069516e-02,9.956476838419e-01,9.921005547573e-01,9.913996324394e-01,9.913226378364e-01
2.668016372945e-02,9.955634926352e-01,9.919480164437e-01,9.912336173464e-01,9.911551429340e-01
2.719748675810e-02,9.954776770083e-01,9.917925452966e-01,9.910644125347e-01,9.909844301282e-01
2.772484057660e-02,9.953902057920e-01,9.916340854321e-01,9.908919573108e-01,9.908104381987e-01
2.826241967998e-02,9.953010472259e-01,9.914725799221e-01,9.907161898499e-01,9.906331047845e-01
2.881042233446e-02,9.952101689483e-01,9.913079707750e-01,9.905370471762e-01,9.904523663637e-01
2.936905065060e-02,9.951175379848e-01,9.911401989173e-01,9.903544651420e-01,9.902681582329e-01
2.993851065785e-02,9.950231207368e-01,9.909692041740e-01,9.901683784071e-01,9.900804144865e-01
3.051901238054e-02,9.949268829706e-01,9.907949252488e-01,9.899787204178e-01,9.898890679949e-01
3.111076991531e-02,9.948287898054e-01,9.906172997048e-01,9.897854233854e-01,9.896940503835e-01
3.171400151011e-02,9.947288057014e-01,9.904362639438e-01,9.895884182646e-01,9.894952920106e-01
3.232892964466e-02,9.946268944482e-01,9.902517531858e-01,9.893876347313e-01,9.892927219451e-01
3.295578111252e-02,9.945230191522e-01,9.900637014485e-01,9.891830011601e-01,9.890862679439e-01
3.359478710473e-02,9.944171422243e-01,9.898720415257e-01,9.889744446018e-01,9.888758564292e-01
3.424618329509e-02,9.943092253673e-01,9.896767049660e-01,9.887618907603e-01,9.886614124650e-01
3.491020992706e-02,9.941992295628e-01,9.894776220512e-01,9.885452639688e-01,9.884428597335e-01
3.558711190237e-02,9.940871150586e-01,9.892747217737e-01,9.883244871664e-01,9.882201205116e-01
3.627713887134e-02,9.939728413552e-01,9.890679318144e-01,9.880994818740e-01,9.879931156458e-01
3.698054532498e-02,9.938563671923e-01,9.888571785198e-01,9.878701681696e-01,9.877617645282e-01
3.769759068881e-02,9.937376505350e-01,9.886423868786e-01,9.876364646634e-01,9.875259850714e-01
3.842853941856e-02,9.936166485602e-01,9.884234804986e-01,9.873982884731e-01,9.872856936828e-01
3.917366109772e-02,9.934933176424e-01,9.882003815828e-01,9.871555551977e-01,9.870408052391e-01
3.993323053693e-02,9.933676133389e-01,9.879730109050e-01,9.869081788922e-01,9.867912330604e-01
4.070752787537e-02,9.932394903760e-01,9.877412877854e-01,9.866560720409e-01,9.865368888833e-01
4.149683868405e-02,9.931089026336e-01,9.875051300659e-01,9.863991455311e-01,9.862776828345e-01
4.230145407115e-02,9.929758031303e-01,9.872644540848e-01,9.861373086258e-01,9.860135234034e-01
4.312167078938e-02,9.928401440084e-01,9.870191746511e-01,9.858704689369e-01,9.857443174147e-01
4.395779134543e-02,9.927018765180e-01,9.867692050190e-01,9.855985323966e-01,9.854699700004e-01
4.481012411151e-02,9.925609510017e-01,9.865144568613e-01,9.853214032303e-01,9.851903845716e-01
4.567898343915e-02,9.924173168783e-01,9.862548402428e-01,9.850389839275e-01,9.849054627896e-01
4.656468977505e-02,9.922709226268e-01,9.859902635937e-01,9.847511752134e-01,9.846151045376e-01
4.746756977933e-02,9.921217157702e-01,9.857206336820e-01,9.844578760194e-01,9.843192078906e-01
4.838795644597e-02,9.919696428583e-01,9.854458555861e-01,9.841589834539e-01,9.840176690859e-01
4.932618922566e-02,9.918146494511e-01,9.851658326665e-01,9.838543927722e-01,9.837103824932e-01
5.028261415095e-02,9.916566801019e-01,9.848804665378e-01,9.835439973463e-01,9.833972405842e-01
5.125758396389e-02,9.914956783395e-01,9.845896570400e-01,9.832276886344e-01,9.830781339013e-01
5.225145824615e-02,9.913315866509e-01,9.842933022091e-01,9.829053561499e-01,9.827529510270e-01
5.326460355159e-02,9.911643464634e-01,9.839912982483e-01,9.825768874302e-01,9.824215785523e-01
5.429739354149e-02,9.909938981263e-01,9.836835394979e-01,9.822421680048e-01,9.820839010444e-01
5.535020912235e-02,9.908201808929e-01,9.833699184055e-01,9.819010813635e-01,9.817398010153e-01
5.642343858636e-02,9.906431329017e-01,9.830503254955e-01,9.815535089242e-01,9.813891588883e-01
5.751747775463e-02,9.904626911579e-01,9.827246493384e-01,9.811993299998e-01,9.810318529661e-01
5.863273012316e-02,9.902787915141e-01,9.823927765199e-01,9.808384217658e-01,9.806677593968e-01
5.976960701164e-02,9.900913686509e-01,9.820545916097e-01,9.804706592264e-01,9.802967521409e-01
6.092852771518e-02,9.899003560579e-01,9.817099771294e-01,9.800959151814e-01,9.799187029372e-01
6.210991965894e-02,9.897056860138e-01,9.813588135212e-01,9.797140601918e-01,9.795334812687e-01
6.331421855578e-02,9.895072895662e-01,9.810009791148e-01,9.793249625459e-01,9.791409543282e-01
6.454186856690e-02,9.893050965118e-01,9.806363500960e-01,9.789284882246e-01,9.787409869837e-01
6.579332246576e-02,9.890990353758e-01,9.802648004727e-01,9.785245008668e-01,9.783334417429e-01
6.706904180495e-02,9.888890333914e-01,9.798862020428e-01,9.781128617339e-01,9.779181787186e-01
6.836949708650e-02,9.886750164789e-01,9.795004243601e-01,9.776934296748e-01,9.774950555926e-01
6.969516793538e-02,9.884569092250e-01,9.791073347012e-01,9.772660610903e-01,9.770639275799e-01
7.104654327639e-02,9.882346348612e-01,9.787067980315e-01,9.768306098973e-01,9.766246473932e-01
7.242412151447e-02,9.880081152427e-01,9.782986769709e-01,9.763869274923e-01,9.761770652060e-01
7.382841071856e-02,9.877772708266e-01,9.778828317601e-01,9.759348627159e-01,9.757210286168e-01
7.525992880893e-02,9.875420206505e-01,9.774591202252e-01,9.754742618158e-01,9.752563826117e-01
7.671920374823e-02,9.873022823101e-01,9.770273977441e-01,9.750049684103e-01,9.747829695283e-01
7.820677373620e-02,9.870579719376e-01,9.765875172108e-01,9.745268234517e-01,9.743006290184e-01
7.972318740816e-02,9.868090041791e-01,9.761393290009e-01,9.740396651892e-01,9.738091980106e-01
8.126900403737e-02,9.865552921723e-01,9.756826809361e-01,9.735433291320e-01,9.733085106739e-01
8.284479374128e-02,9.862967475244e-01,9.752174182495e-01,9.730376480124e-01,9.727983983797e-01
8.445113769179e-02,9.860332802889e-01,9.747433835498e-01,9.725224517481e-01,9.722786896647e-01
8.608862832962e-02,9.857647989432e-01,9.742604167863e-01,9.719975674055e-01,9.717492101934e-01
8.775786958282e-02,9.854912103658e-01,9.737683552130e-01,9.714628191623e-01,9.712097827211e-01
8.945947708943e-02,9.852124198133e-01,9.732670333537e-01,9.709180282702e-01,9.706602270559e-01
9.119407842464e-02,9.849283308978e-01,9.727562829664e-01,9.703630130181e-01,9.701003600218e-01
9.296231333216e-02,9.846388455634e-01,9.722359330079e-01,9.697975886945e-01,9.695299954213e-01
9.476483396023e-02,9.843438640637e-01,9.717058095983e-01,9.692215675509e-01,9.689489439985e-01
9.660230510209e-02,9.840432849385e-01,9.711657359863e-01,9.686347587650e-01,9.683570134016e-01
9.847540444121e-02,9.837370049911e-01,9.706155325139e-01,9.680369684039e-01,9.677540081469e-01
1.003848228012e-01,9.834249192652e-01,9.700550165815e-01,9.674279993879e-01,9.671397295813e-01
1.023312644006e-01,9.831069210223e-01,9.694840026134e-01,9.668076514540e-01,9.665139758469e-01
1.043154471125e-01,9.827829017186e-01,9.689023020235e-01,9.661757211207e-01,9.658765418446e-01
1.063381027297e-01,9.824527509827e-01,9.683097231811e-01,9.655320016520e-01,9.652272191987e-01
1.083999772340e-01,9.821163565931e-01,9.677060713775e-01,9.648762830227e-01,9.645657962214e-01
1.105018310718e-01,9.817736044559e-01,9.670911487922e-01,9.642083518839e-01,9.638920578786e-01
1.126444394343e-01,9.814243785828e-01,9.664647544610e-01,9.635279915285e-01,9.632057857557e-01
1.148285925437e-01,9.810685610694e-01,9.658266842428e-01,9.628349818583e-01,9.625067580235e-01
1.170550959442e-01,9.807060320735e-01,9.651767307885e-01,9.621290993509e-01,9.617947494060e-01
1.193247707995e-01,9.803366697945e-01,9.645146835095e-01,9.614101170279e-01,9.610695311478e-01
1.216384541954e-01,9.799603504520e-01,9.638403285478e-01,9.606778044230e-01,9.603308709828e-01
1.239969994488e-01,9.795769482661e-01,9.631534487461e-01,9.599319275522e-01,9.595785331037e-01
1.264012764220e-01,9.791863354371e-01,9.624538236192e-01,9.591722488840e-01,9.588122781323e-01
1.288521718441e-01,9.787883821268e-01,9.617412293262e-01,9.583985273106e-01,9.580318630912e-01
1.313505896372e-01,9.783829564392e-01,9.610154386433e-01,9.576105181209e-01,9.572370413759e-01
1.338974512507e-01,9.779699244029e-01,9.602762209389e-01,9.568079729742e-01,9.564275627289e-01
1.364936960006e-01,9.775491499537e-01,9.595233421480e-01,9.559906398749e-01,9.556031732142e-01
1.391402814159e-01,9.771204949178e-01,9.587565647499e-01,9.551582631491e-01,9.547636151945e-01
1.418381835922e-01,9.766838189966e-01,9.579756477456e-01,9.543105834223e-01,9.539086273080e-01
1.445883975510e-01,9.762389797514e-01,9.571803466374e-01,9.534473375992e-01,9.530379444486e-01
1.473919376074e-01,9.757858325901e-01,9.563704134105e-01,9.525682588442e-01,9.521512977467e-01
1.502498377438e-01,9.753242307539e-01,9.555455965152e-01,9.516730765648e-01,9.512484145523e-01
1.531631519912e-01,9.748540253066e-01,9.547056408518e-01,9.507615163963e-01,9.503290184196e-01
1.561329548180e-01,9.743750651235e-01,9.538502877570e-01,9.498333001883e-01,9.493928290942e-01
1.591603415266e-01,9.738871968832e-01,9.529792749926e-01,9.488881459944e-01,9.484395625021e-01
1.622464286568e-01,9.733902650595e-01,9.520923367363e-01,9.479257680630e-01,9.474689307412e-01
1.653923543981e-01,9.728841119159e-01,9.511892035743e-01,9.469458768315e-01,9.464806420753e-01
1.685992790092e-01,9.723685775013e-01,9.502696024976e-01,9.459481789225e-01,9.454744009303e-01
1.718683852459e-01,9.718434996475e-01,9.493332568997e-01,9.449323771430e-01,9.444499078941e-01
1.752008787975e-01,9.713087139687e-01,9.483798865776e-01,9.438981704870e-01,9.434068597184e-01
1.785979887313e-01,9.707640538629e-01,9.474092077360e-01,9.428452541400e-01,9.423449493248e-01
1.820609679460e-01,9.702093505160e-01,9.464209329942e-01,9.417733194883e-01,9.412638658125e-01
1.855910936337e-01,9.696444329074e-01,9.454147713967e-01,9.406820541306e-01,9.401632944717e-01
1.891896677512e-01,9.690691278186e-01,9.443904284267e-01,9.395711418939e-01,9.390429167985e-01
1.928580174998e-01,9.684832598446e-01,9.433476060244e-01,9.384402628529e-01,9.379024105157e-01
1.965974958149e-01,9.678866514076e-01,9.422860026079e-01,9.372890933538e-01,9.367414495956e-01
2.004094818653e-01,9.672791227741e-01,9.412053130993e-01,9.361173060422e-01,9.355597042892e-01
2.042953815614e-01,9.666604920748e-01,9.401052289549e-01,9.349245698958e-01,9.343568411586e-01
2.082566280739e-01,9.660305753285e-01,9.389854381994e-01,9.337105502612e-01,9.331325231145e-01
2.122946823626e-01,9.653891864685e-01,9.378456254657e-01,9.324749088969e-01,9.318864094589e-01
2.164110337148e-01,9.647361373741e-01,9.366854720398e-01,9.312173040202e-01,9.306181559331e-01
2.206072002949e-01,9.640712379049e-01,9.355046559104e-01,9.299373903607e-01,9.293274147709e-01
2.248847297041e-01,9.633942959399e-01,9.343028518247e-01,9.286348192190e-01,9.280138347585e-01
2.292451995515e-01,9.627051174211e-01,9.330797313501e-01,9.273092385320e-01,9.266770612991e-01
2.336902180355e-01,9.620035064019e-01,9.318349629420e-01,9.259602929443e-01,9.253167364855e-01
2.382214245372e-01,9.612892650999e-01,9.305682120180e-01,9.245876238861e-01,9.239324991780e-01
2.428404902251e-01,9.605621939555e-01,9.292791410396e-01,9.231908696586e-01,9.225239850908e-01
2.475491186711e-01,9.598220916963e-01,9.279674096001e-01,9.217696655264e-01,9.210908268842e-01
2.523490464791e-01,9.590687554065e-01,9.266326745211e-01,9.203236438181e-01,9.196326542659e-01
2.572420439256e-01,9.583019806030e-01,9.252745899560e-01,9.188524340342e-01,9.181490940995e-01
2.622299156121e-01,9.575215613181e-01,9.238928075025e-01,9.173556629638e-01,9.166397705219e-01
2.673145011312e-01,9.567272901891e-01,9.224869763231e-01,9.158329548104e-01,9.151043050689e-01
2.724976757446e-01,9.559189585541e-01,9.210567432755e-01,9.142839313265e-01,9.135423168110e-01
2.777813510752e-01,9.550963565570e-01,9.196017530512e-01,9.127082119577e-01,9.119534224978e-01
2.831674758118e-01,9.542592732587e-01,9.181216483253e-01,9.111054139971e-01,9.103372367126e-01
2.886580364277e-01,9.534074967582e-01,9.166160699158e-01,9.094751527499e-01,9.086933720384e-01
2.942550579139e-01,9.525408143212e-01,9.150846569538e-01,9.078170417088e-01,9.070214392330e-01
2.999606045251e-01,9.516590125185e-01,9.135270470653e-01,9.061306927412e-01,9.053210474168e-01
3.057767805418e-01,9.507618773739e-01,9.119428765637e-01,9.044157162871e-01,9.035918042722e-01
3.117057310461e-01,9.498491945220e-01,9.103317806557e-01,9.026717215704e-01,9.018333162542e-01
3.177496427126e-01,9.489207493771e-01,9.086933936593e-01,9.008983168219e-01,9.000451888149e-01
3.239107446154e-01,9.479763273117e-01,9.070273492343e-01,8.990951095163e-01,8.982270266405e-01
3.301913090494e-01,9.470157138482e-01,9.053332806279e-01,8.972617066221e-01,8.963784339020e-01
3.365936523694e-01,9.460386948619e-01,9.036108209332e-01,8.953977148662e-01,8.944990145206e-01
3.431201358434e-01,9.450450567958e-01,9.018596033631e-01,8.935027410133e-01,8.925883724466e-01
3.497731665243e-01,9.440345868897e-01,9.000792615396e-01,8.915763921598e-01,8.906461119553e-01
3.565551981369e-01,9.430070734222e-01,8.982694297983e-01,8.896182760443e-01,8.886718379566e-01
3.634687319836e-01,9.419623059673e-01,8.964297435102e-01,8.876280013736e-01,8.866651563225e-01
3.705163178663e-01,9.409000756650e-01,8.945598394198e-01,8.856051781665e-01,8.846256742306e-01
3.777005550270e-01,9.398201755084e-01,8.926593560012e-01,8.835494181139e-01,8.825530005250e-01
3.850240931067e-01,9.387224006457e-01,8.907279338319e-01,8.814603349572e-01,8.804467460953e-01
3.924896331224e-01,9.376065486993e-01,8.887652159861e-01,8.793375448861e-01,8.783065242739e-01
4.000999284630e-01,9.364724201022e-01,8.867708484463e-01,8.771806669537e-01,8.761319512523e-01
4.078577859054e-01,9.353198184514e-01,8.847444805359e-01,8.749893235125e-01,8.739226465168e-01
4.157660666490e-01,9.341485508807e-01,8.826857653717e-01,8.727631406701e-01,8.716782333045e-01
4.238276873717e-01,9.329584284519e-01,8.805943603375e-01,8.705017487654e-01,8.693983390799e-01
4.320456213048e-01,9.317492665657e-01,8.784699275796e-01,8.682047828661e-01,8.670825960320e-01
4.404228993302e-01,9.305208853930e-01,8.763121345243e-01,8.658718832882e-01,8.647306415939e-01
4.489626110979e-01,9.292731103270e-01,8.741206544185e-01,8.635026961366e-01,8.623421189838e-01
4.576679061657e-01,9.280057724570e-01,8.718951668936e-01,8.610968738703e-01,8.599166777691e-01
4.665419951604e-01,9.267187090637e-01,8.696353585527e-01,8.586540758885e-01,8.574539744533e-01
4.755881509626e-01,9.254117641378e-01,8.673409235831e-01,8.561739691420e-01,8.549536730860e-01
4.848097099132e-01,9.240847889213e-01,8.650115643927e-01,8.536562287679e-01,8.524154458978e-01
4.942100730441e-01,9.227376424731e-01,8.626469922727e-01,8.511005387484e-01,8.498389739584e-01
5.037927073324e-01,9.213701922579e-01,8.602469280847e-01,8.485065925951e-01,8.472239478598e-01
5.135611469795e-01,9.199823147607e-01,8.578111029751e-01,8.458740940577e-01,8.445700684244e-01
5.235189947139e-01,9.185738961259e-01,8.553392591155e-01,8.432027578578e-01,8.418770474381e-01
5.336699231206e-01,9.171448328222e-01,8.528311504691e-01,8.404923104491e-01,8.391446084089e-01
5.440176759951e-01,9.156950323327e-01,8.502865435851e-01,8.377424908026e-01,8.363724873509e-01
5.545660697244e-01,9.142244138722e-01,8.477052184193e-01,8.349530512170e-01,8.335604335933e-01
5.653189946945e-01,9.127329091294e-01,8.450869691824e-01,8.321237581562e-01,8.307082106165e-01
5.762804167251e-01,9.112204630363e-01,8.424316052149e-01,8.292543931112e-01,8.278155969117e-01
5.874543785325e-01,9.096870345642e-01,8.397389518899e-01,8.263447534885e-01,8.248823868675e-01
5.988450012203e-01,9.081325975453e-01,8.370088515420e-01,8.233946535231e-01,8.219083916807e-01
6.104564857996e-01,9.065571415211e-01,8.342411644234e-01,8.204039252168e-01,8.188934402925e-01
6.222931147383e-01,9.049606726163e-01,8.314357696866e-01,8.173724193014e-01,8.158373803484e-01
6.343592535403e-01,9.033432144387e-01,8.285925663920e-01,8.143000062256e-01,8.127400791826e-01
6.466593523559e-01,9.017048090036e-01,8.257114745420e-01,8.111865771650e-01,8.096014248250e-01
6.591979476228e-01,9.000455176826e-01,8.227924361388e-01,8.080320450555e-01,8.064213270311e-01
6.719796637396e-01,8.983654221760e-01,8.198354162664e-01,8.048363456478e-01,8.031997183329e-01
6.850092147707e-01,8.966646255074e-01,8.168404041949e-01,8.015994385828e-01,7.999365551105e-01
6.982914061855e-01,8.949432530399e-01,8.138074145067e-01,7.983213084862e-01,7.966318186826e-01
7.118311366304e-01,8.932014535118e-01,8.107364882430e-01,7.950019660815e-01,7.932855164153e-01
7.256333997356e-01,8.914394000906e-01,8.076276940685e-01,7.916414493193e-01,7.898976828463e-01
7.397032859568e-01,8.896572914438e-01,8.044811294533e-01,7.882398245215e-01,7.864683808246e-01
7.540459844525e-01,8.878553528234e-01,8.012969218706e-01,7.847971875381e-01,7.829977026622e-01
7.686667849981e-01,8.860338371632e-01,7.980752300061e-01,7.813136649157e-01,7.794857712967e-01
7.835710799366e-01,8.841930261853e-01,7.948162449796e-01,7.777894150732e-01,7.759327414617e-01
7.987643661675e-01,8.823332315134e-01,7.915201915735e-01,7.742246294848e-01,7.723388008636e-01
8.142522471740e-01,8.804547957895e-01,7.881873294679e-01,7.706195338658e-01,7.687041713609e-01
8.300404350899e-01,8.785580937911e-01,7.848179544773e-01,7.669743893583e-01,7.650291101438e-01
8.461347528059e-01,8.766435335448e-01,7.814123997871e-01,7.632894937152e-01,7.613139109113e-01
8.625411361174e-01,8.747115574322e-01,7.779710371860e-01,7.595651824775e-01,7.575589050410e-01
8.792656359140e-01,8.727626432843e-01,7.744942782899e-01,7.558018301418e-01,7.537644627498e-01
8.963144204103e-01,8.707973054593e-01,7.709825757546e-01,7.519998513143e-01,7.499309942405e-01
9.136937774219e-01,8.688160958985e-01,7.674364244724e-01,7.481597018479e-01,7.460589508304e-01
9.314101166836e-01,8.668196051562e-01,7.638563627480e-01,7.442818799568e-01,7.421488260587e-01
9.494699722136e-01,8.648084633963e-01,7.602429734494e-01,7.403669273045e-01,7.382011567660e-01
9.678800047235e-01,8.627833413511e-01,7.565968851284e-01,7.364154300618e-01,7.342165241443e-01
9.866470040749e-01,8.607449512354e-01,7.529187731069e-01,7.324280199277e-01,7.301955547494e-01
1.005777891783e+00,8.586940476085e-01,7.492093605210e-01,7.284053751104e-01,7.261389214731e-01
1.025279723571e+00,8.566314281792e-01,7.454694193203e-01,7.243482212607e-01,7.220473444685e-01
1.045159691969e+00,8.545579345442e-01,7.416997712147e-01,7.202573323547e-01,7.179215920238e-01
1.065425128971e+00,8.524744528545e-01,7.379012885627e-01,7.161335315183e-01,7.137624813783e-01
1.086083508736e+00,8.503819144009e-01,7.340748951967e-01,7.119776917889e-01,7.095708794755e-01
1.107142450345e+00,8.482812961109e-01,7.302215671770e-01,7.077907368079e-01,7.053477036471e-01
1.128609720612e+00,8.461736209490e-01,7.263423334697e-01,7.035736414386e-01,7.010939222224e-01
1.150493236948e+00,8.440599582130e-01,7.224382765407e-01,6.993274323024e-01,6.968105550566e-01
1.172801070281e+00,8.419414237158e-01,7.185105328610e-01,6.950531882287e-01,6.924986739724e-01
1.195541448032e+00,8.398191798473e-01,7.145602933149e-01,6.907520406114e-01,6.881594031090e-01
1.218722757152e+00,8.376944355050e-01,7.105888035059e-01,6.864251736668e-01,6.837939191725e-01
1.242353547210e+00,8.355684458873e-01,7.065973639531e-01,6.820738245862e-01,6.794034515819e-01
1.266442533552e+00,8.334425121403e-01,7.025873301725e-01,6.776992835785e-01,6.749892825045e-01
1.290998600512e+00,8.313179808500e-01,6.985601126367e-01,6.733028937963e-01,6.705527467765e-01
1.316030804691e+00,8.291962433725e-01,6.945171766060e-01,6.688860511400e-01,6.660952317017e-01
1.341548378292e+00,8.270787349948e-01,6.904600418273e-01,6.644502039369e-01,6.616181767253e-01
1.367560732533e+00,8.249669339188e-01,6.863902820932e-01,6.599968524867e-01,6.571230729762e-01
1.394077461110e+00,8.228623600629e-01,6.823095246578e-01,6.555275484734e-01,6.526114626748e-01
1.421108343741e+00,8.207665736735e-01,6.782194495037e-01,6.510438942355e-01,6.480849384012e-01
1.448663349770e+00,8.186811737440e-01,6.741217884558e-01,6.465475418941e-01,6.435451422217e-01
1.476752641844e+00,8.166077962335e-01,6.700183241389e-01,6.420401923342e-01,6.389937646696e-01
1.505386579663e+00,8.145481120841e-01,6.659108887759e-01,6.375235940367e-01,6.344325435778e-01
1.534575723799e+00,8.125038250333e-01,6.618013628231e-01,6.329995417602e-01,6.298632627620e-01
1.564330839591e+00,8.104766692191e-01,6.576916734416e-01,6.284698750702e-01,6.252877505533e-01
1.594662901116e+00,8.084684065779e-01,6.535837928038e-01,6.239364767162e-01,6.207078781788e-01
1.625583095236e+00,8.064808240362e-01,6.494797362334e-01,6.194012708555e-01,6.161255579916e-01
1.657102825724e+00,8.045157304962e-01,6.453815601808e-01,6.148662211264e-01,6.115427415500e-01
1.689233717470e+00,8.025749536209e-01,6.412913600332e-01,6.103333285704e-01,6.069614175484e-01
1.721987620770e+00,8.006603364206e-01,6.372112677635e-01,6.058046294074e-01,6.023836096022e-01
1.755376615691e+00,7.987737336486e-01,6.331434494184e-01,6.012821926663e-01,5.978113738900e-01
1.789413016534e+00,7.969170080127e-01,6.290901024520e-01,5.967681176758e-01,5.932467966565e-01
1.824109376368e+00,7.950920262108e-01,6.250534529065e-01,5.922645314187e-01,5.886919915817e-01
1.859478491668e+00,7.933006548027e-01,6.210357524484e-01,5.877735857578e-01,5.841490970229e-01
1.895533407026e+00,7.915447559270e-01,6.170392752638e-01,5.832974545366e-01,5.796202731332e-01
1.932287419968e+00,7.898261828800e-01,6.130663148214e-01,5.788383305654e-01,5.751076988669e-01
1.969754085857e+00,7.881467755677e-01,6.091191805106e-01,5.743984224978e-01,5.706135688769e-01
2.007947222889e+00,7.865083558501e-01,6.052001941632e-01,5.699799516080e-01,5.661400903154e-01
2.046880917196e+00,7.849127227930e-01,6.013116864680e-01,5.655851484767e-01,5.616894795438e-01
2.086569528034e+00,7.833616478479e-01,5.974559932879e-01,5.612162495967e-01,5.572639587649e-01
2.127027693084e+00,7.818568699785e-01,5.936354518911e-01,5.568754939073e-01,5.528657525851e-01
2.168270333847e+00,7.804000907561e-01,5.898523971060e-01,5.525651192691e-01,5.484970845183e-01
2.210312661150e+00,7.789929694442e-01,5.861091574128e-01,5.482873588888e-01,5.441601734425e-01
2.253170180755e+00,7.776371180979e-01,5.824080509818e-01,5.440444377076e-01,5.398572300206e-01
2.296858699078e+00,7.763340966980e-01,5.787513816726e-01,5.398385687623e-01,5.355904530957e-01
2.341394329018e+00,7.750854083474e-01,5.751414350053e-01,5.356719495324e-01,5.313620260742e-01
2.386793495897e+00,7.738924945514e-01,5.715804741168e-01,5.315467582842e-01,5.271741133067e-01
2.433072943526e+00,7.727567306084e-01,5.680707357136e-01,5.274651504237e-01,5.230288564793e-01
2.480249740371e+00,7.716794211344e-01,5.646144260355e-01,5.234292548691e-01,5.189283710263e-01
2.528341285853e+00,7.706617957455e-01,5.612137168408e-01,5.194411704554e-01,5.148747425756e-01
2.577365316766e+00,7.697050049242e-01,5.578707414260e-01,5.155029623806e-01,5.108700234363e-01
2.627339913816e+00,7.688101160900e-01,5.545875906919e-01,5.116166587051e-01,5.069162291418e-01
2.678283508288e+00,7.679781098995e-01,5.513663092664e-01,5.077842469138e-01,5.030153350552e-01
2.730214888849e+00,7.672098767960e-01,5.482088916970e-01,5.040076705502e-01,4.991692730481e-01
2.783153208473e+00,7.665062138300e-01,5.451172787217e-01,5.002888259319e-01,4.953799282615e-01
2.837117991508e+00,7.658678217687e-01,5.420933536290e-01,4.966295589556e-01,4.916491359561e-01
2.892129140872e+00,7.652953025133e-01,5.391389387171e-01,4.930316619992e-01,4.879786784609e-01
2.948206945399e+00,7.647891568395e-01,5.362557918595e-01,4.894968709276e-01,4.843702822248e-01
3.005372087320e+00,7.643497824747e-01,5.334456031867e-01,4.860268622092e-01,4.808256149795e-01
3.063645649888e+00,7.639774725263e-01,5.307099918903e-01,4.826232501467e-01,4.773462830168e-01
3.123049125157e+00,7.636724142676e-01,5.280505031572e-01,4.792875842296e-01,4.739338285861e-01
3.183604421909e+00,7.634346882942e-01,5.254686052398e-01,4.760213466091e-01,4.705897274159e-01
3.245333873731e+00,7.632642680520e-01,5.229656866669e-01,4.728259497015e-01,4.673153863609e-01
3.308260247255e+00,7.631610197440e-01,5.205430536020e-01,4.697027339202e-01,4.641121411785e-01
3.372406750552e+00,7.631247026150e-01,5.182019273512e-01,4.666529655397e-01,4.609812544352e-01
3.437797041695e+00,7.631549696148e-01,5.159434420261e-01,4.636778346923e-01,4.579239135449e-01
3.504455237480e+00,7.632513684351e-01,5.137686423640e-01,4.607784534971e-01,4.549412289381e-01
3.572405922325e+00,7.634133429161e-01,5.116784817092e-01,4.579558543231e-01,4.520342323631e-01
3.641674157334e+00,7.636402348137e-01,5.096738201560e-01,4.552109881847e-01,4.492038753177e-01
3.712285489539e+00,7.639312859185e-01,5.077554228576e-01,4.525447232695e-01,4.464510276109e-01
3.784265961328e+00,7.642856405142e-01,5.059239585011e-01,4.499578435964e-01,4.437764760530e-01
3.857642120041e+00,7.647023481611e-01,5.041799979508e-01,4.474510478044e-01,4.411809232723e-01
3.932441027768e+00,7.651803667901e-01,5.025240130608e-01,4.450249480681e-01,4.386649866570e-01
4.008690271329e+00,7.657185660887e-01,5.009563756582e-01,4.426800691407e-01,4.362291974203e-01
4.086417972443e+00,7.663157311612e-01,4.994773566989e-01,4.404168475215e-01,4.338739997864e-01
4.165652798108e+00,7.669705664418e-01,4.980871255952e-01,4.382356307464e-01,4.315997502957e-01
4.246423971165e+00,7.676816998402e-01,4.967857497183e-01,4.361366768002e-01,4.294067172284e-01
4.328761281083e+00,7.684476870965e-01,4.955731940762e-01,4.341201536496e-01,4.272950801425e-01
4.412695094942e+00,7.692670163231e-01,4.944493211681e-01,4.321861388950e-01,4.252649295279e-01
4.498256368634e+00,7.701381127086e-01,4.934138910170e-01,4.303346195420e-01,4.233162665731e-01
4.585476658277e+00,7.710593433607e-01,4.924665613816e-01,4.285654918896e-01,4.214490030450e-01
4.674388131861e+00,7.720290222630e-01,4.916068881510e-01,4.268785615381e-01,4.196629612813e-01
4.765023581101e+00,7.730454153212e-01,4.908343259211e-01,4.252735435147e-01,4.179578742959e-01
4.857416433541e+00,7.741067454749e-01,4.901482287573e-01,4.237500625187e-01,4.163333859967e-01
4.951600764876e+00,7.752111978497e-01,4.895478511445e-01,4.223076532879e-01,4.147890515187e-01
5.047611311524e+00,7.763569249284e-01,4.890323491266e-01,4.209457610870e-01,4.133243376726e-01
5.145483483432e+00,7.775420517162e-01,4.886007816376e-01,4.196637423208e-01,4.119386235115e-01
5.245253377143e+00,7.787646808782e-01,4.882521120269e-01,4.184608652753e-01,4.106312010177e-01
5.346957789102e+00,7.800228978302e-01,4.879852097804e-01,4.173363109889e-01,4.094012759136e-01
5.450634229229e+00,7.813147757590e-01,4.877988524403e-01,4.162891742574e-01,4.082479685992e-01
5.556320934756e+00,7.826383805571e-01,4.876917277239e-01,4.153184647779e-01,4.071703152201e-01
5.664056884326e+00,7.839917756514e-01,4.876624358442e-01,4.144231084332e-01,4.061672688707e-01
5.773881812370e+00,7.853730267105e-01,4.877094920328e-01,4.136019487238e-01,4.052377009363e-01
5.885836223763e+00,7.867802062156e-01,4.878313292659e-01,4.128537483498e-01,4.043804025795e-01
5.999961408760e+00,7.882113978815e-01,4.880263011939e-01,4.121771909492e-01,4.035940863748e-01
6.116299458226e+00,7.896647009146e-01,4.882926852732e-01,4.115708829950e-01,4.028773880969e-01
6.234893279159e+00,7.911382340986e-01,4.886286861005e-01,4.110333558582e-01,4.022288686673e-01
6.355786610517e+00,7.926301396970e-01,4.890324389458e-01,4.105630680381e-01,4.016470162640e-01
6.479024039346e+00,7.941385871655e-01,4.895020134835e-01,4.101584075668e-01,4.011302485978e-01
6.604651017226e+00,7.956617766674e-01,4.900354177158e-01,4.098176945891e-01,4.006769153610e-01
6.732713877035e+00,7.971979423870e-01,4.906306020848e-01,4.095391841217e-01,4.002853008503e-01
6.863259850034e+00,7.987453556367e-01,4.912854637678e-01,4.093210689952e-01,3.999536267681e-01
6.996337083292e+00,8.003023277550e-01,4.919978511475e-01,4.091614829783e-01,3.996800552044e-01
7.131994657437e+00,8.018672127950e-01,4.927655684502e-01,4.090585040872e-01,3.994626918002e-01
7.270282604762e+00,8.034384100009e-01,4.935863805433e-01,4.090101580787e-01,3.992995890942e-01
7.411251927676e+00,8.050143660748e-01,4.944580178789e-01,4.090144221266e-01,3.991887500512e-01
7.554954617515e+00,8.065935772349e-01,4.953781815756e-01,4.090692286785e-01,3.991281317724e-01
7.701443673715e+00,8.081745910660e-01,4.963445486227e-01,4.091724694895e-01,3.991156493829e-01
7.850773123361e+00,8.097560081671e-01,4.973547771936e-01,4.093219998289e-01,3.991491800942e-01
8.002998041114e+00,8.113364835985e-01,4.984065120537e-01,4.095156428517e-01,3.992265674365e-01
8.158174569521e+00,8.129147281333e-01,4.994973900459e-01,4.097511941292e-01,3.993456256521e-01
8.316359939719e+00,8.144895093169e-01,5.006250456364e-01,4.100264263287e-01,3.995041442444e-01
8.477612492549e+00,8.160596523411e-01,5.017871165023e-01,4.103390940309e-01,3.996998926713e-01
8.641991700067e+00,8.176240407370e-01,5.029812491417e-01,4.106869386748e-01,3.999306251718e-01
8.809558187481e+00,8.191816168920e-01,5.042051044869e-01,4.110676936140e-01,4.001940857141e-01
8.980373755509e+00,8.207313823980e-01,5.054563634981e-01,4.114790892716e-01,4.004880130499e-01
9.154501403175e+00,8.222723982356e-01,5.067327327185e-01,4.119188583753e-01,4.008101458604e-01
9.332005351037e+00,8.238037847999e-01,5.080319497671e-01,4.123847412564e-01,4.011582279750e-01
9.512951064881e+00,8.253247217759e-01,5.093517887474e-01,4.128744911912e-01,4.015300136473e-01
9.697405279860e+00,8.268344478659e-01,5.106900655499e-01,4.133858797673e-01,4.019232728643e-01
9.885436025106e+00,8.283322603780e-01,5.120446430259e-01,4.139167022508e-01,4.023357966724e-01
1.007711264883e+01,8.298175146802e-01,5.134134360094e-01,4.144647829323e-01,4.027654024946e-01
1.027250584387e+01,8.312896235239e-01,5.147944161651e-01,4.150279804299e-01,4.032099394177e-01
1.047168767382e+01,8.327480562460e-01,5.161856166417e-01,4.156041929227e-01,4.036672934249e-01
1.067473159954e+01,8.341923378511e-01,5.175851365069e-01,4.161913632917e-01,4.041353925498e-01
1.088171250629e+01,8.356220479813e-01,5.189911449455e-01,4.167874841437e-01,4.046122119269e-01
1.109270673135e+01,8.370368197776e-01,5.204018851994e-01,4.173906026906e-01,4.050957787127e-01
1.130779209215e+01,8.384363386384e-01,5.218156782306e-01,4.179988254613e-01,4.055841768524e-01
1.152704791501e+01,8.398203408793e-01,5.232309260896e-01,4.186103228209e-01,4.060755516682e-01
1.175055506433e+01,8.411886122992e-01,5.246461149720e-01,4.192233332718e-01,4.065681142418e-01
1.197839597250e+01,8.425409866573e-01,5.260598179484e-01,4.198361675128e-01,4.070601455690e-01
1.221065467022e+01,8.438773440655e-01,5.274706973530e-01,4.204472122352e-01,4.075500004619e-01
1.244741681755e+01,8.451976093015e-01,5.288775068186e-01,4.210549336310e-01,4.080361111757e-01
1.268876973547e+01,8.465017500458e-01,5.302790929476e-01,4.216578805947e-01,4.085169907389e-01
1.293480243811e+01,8.477897750494e-01,5.316743966096e-01,4.222546875982e-01,4.089912359669e-01
1.318560566556e+01,8.490617322347e-01,5.330624538584e-01,4.228440772217e-01,4.094575301396e-01
1.344127191733e+01,8.503177067370e-01,5.344423964638e-01,4.234248623240e-01,4.099146453267e-01
1.370189548650e+01,8.515578188903e-01,5.358134520538e-01,4.239959478388e-01,4.103614443456e-01
1.396757249445e+01,8.527822221627e-01,5.371749438673e-01,4.245563321847e-01,4.107968823381e-01
1.423840092634e+01,8.539911010486e-01,5.385262901173e-01,4.251051082796e-01,4.112200079568e-01
1.451448066727e+01,8.551846689218e-01,5.398670029683e-01,4.256414641516e-01,4.116299641500e-01
1.479591353905e+01,8.563631658570e-01,5.411966871330e-01,4.261646831425e-01,4.120259885423e-01
1.508280333782e+01,8.575268564259e-01,5.425150380955e-01,4.266741436997e-01,4.124074134047e-01
1.537525587230e+01,8.586760274744e-01,5.438218399709e-01,4.271693187596e-01,4.127736652148e-01
1.567337900283e+01,8.598109858884e-01,5.451169630134e-01,4.276497747219e-01,4.131242638079e-01
1.597728268112e+01,8.609320563560e-01,5.464003607860e-01,4.281151700239e-01,4.134588211249e-01
1.628707899084e+01,8.620395791324e-01,5.476720670092e-01,4.285652533201e-01,4.137770395620e-01
1.660288218893e+01,8.631339078178e-01,5.489321921052e-01,4.289998612795e-01,4.140787099340e-01
1.692480874775e+01,8.642154071541e-01,5.501809194590e-01,4.294189160134e-01,4.143637090625e-01
1.725297739804e+01,8.652844508505e-01,5.514185014177e-01,4.298224221503e-01,4.146319970040e-01
1.758750917270e+01,8.663414194452e-01,5.526452550515e-01,4.302104635752e-01,4.148836139360e-01
1.792852745144e+01,8.673866982134e-01,5.538615577023e-01,4.305831998550e-01,4.151186767208e-01
1.827615800627e+01,8.684206751282e-01,5.550678423454e-01,4.309408623722e-01,4.153373751685e-01
1.863052904790e+01,8.694437388845e-01,5.562645927945e-01,4.312837501923e-01,4.155399680240e-01
1.899177127302e+01,8.704562769936e-01,5.574523387766e-01,4.316122256909e-01,4.157267787041e-01
1.936001791251e+01,8.714586739565e-01,5.586316509082e-01,4.319267099698e-01,4.158981908125e-01
1.973540478054e+01,8.724513095239e-01,5.598031356044e-01,4.322276780915e-01,4.160546434623e-01
2.011807032473e+01,8.734345570510e-01,5.609674299506e-01,4.325156541631e-01,4.161966264353e-01
2.050815567714e+01,8.744087819524e-01,5.621251965683e-01,4.327912063016e-01,4.163246752130e-01
2.090580470637e+01,8.753743402660e-01,5.632771185091e-01,4.330549415141e-01,4.164393659078e-01
2.131116407060e+01,8.763315773285e-01,5.644238942044e-01,4.333075005257e-01,4.165413101316e-01
2.172438327168e+01,8.772808265709e-01,5.655662325046e-01,4.335495525879e-01,4.166311498319e-01
2.214561471026e+01,8.782224084361e-01,5.667048478373e-01,4.337817903026e-01,4.167095521310e-01
2.257501374204e+01,8.791566294223e-01,5.678404555116e-01,4.340049244938e-01,4.167772042006e-01
2.301273873500e+01,8.800837812559e-01,5.689737671993e-01,4.342196791591e-01,4.168348082048e-01
2.345895112787e+01,8.810041401942e-01,5.701054866170e-01,4.344267865338e-01,4.168830763432e-01
2.391381548962e+01,8.819179664595e-01,5.712363054343e-01,4.346269822972e-01,4.169227260249e-01
2.437749958020e+01,8.828255038040e-01,5.723668994316e-01,4.348210009509e-01,4.169544752033e-01
2.485017441239e+01,8.837269792034e-01,5.734979249262e-01,4.350095713956e-01,4.169790378988e-01
2.533201431486e+01,8.846226026792e-01,5.746300154860e-01,4.351934127336e-01,4.169971199372e-01
2.582319699649e+01,8.855125672430e-01,5.757637789460e-01,4.353732303184e-01,4.170094149254e-01
2.632390361189e+01,8.863970489623e-01,5.768997947402e-01,4.355497120743e-01,4.170166004886e-01
2.683431882824e+01,8.872762071397e-01,5.780386115587e-01,4.357235251043e-01,4.170193347876e-01
2.735463089336e+01,8.881501846016e-01,5.791807453381e-01,4.358953126024e-01,4.170182533326e-01
2.788503170516e+01,8.890191080886e-01,5.803266775884e-01,4.360656910824e-01,4.170139661087e-01
2.842571688243e+01,8.898830887410e-01,5.814768540581e-01,4.362352479368e-01,4.170070550240e-01
2.897688583694e+01,8.907422226701e-01,5.826316837357e-01,4.364045393296e-01,4.169980716885e-01
2.953874184704e+01,8.915965916089e-01,5.837915381827e-01,4.365740884310e-01,4.169875355306e-01
3.011149213259e+01,8.924462636311e-01,5.849567511912e-01,4.367443839928e-01,4.169759322522e-01
3.069534793141e+01,8.932912939303e-01,5.861276187557e-01,4.369158792653e-01,4.169637126232e-01
3.129052457718e+01,8.941317256498e-01,5.873043993453e-01,4.370889912502e-01,4.169512916122e-01
3.189724157885e+01,8.949675907531e-01,5.884873144624e-01,4.372641002825e-01,4.169390478463e-01
3.251572270161e+01,8.957989109257e-01,5.896765494698e-01,4.374415499315e-01,4.169273233919e-01
3.314619604942e+01,8.966256984982e-01,5.908722546664e-01,4.376216472090e-01,4.169164238445e-01
3.378889414910e+01,8.974479573827e-01,5.920745465899e-01,4.378046630683e-01,4.169066187146e-01
3.444405403616e+01,8.982656840107e-01,5.932835095249e-01,4.379908331775e-01,4.168981420907e-01
3.511191734215e+01,8.990788682674e-01,5.944991971909e-01,4.381803589485e-01,4.168911935642e-01
3.579273038382e+01,8.998874944114e-01,5.957216345853e-01,4.383734087987e-01,4.168859393932e-01
3.648674425395e+01,9.006915419725e-01,5.969508199564e-01,4.385701196238e-01,4.168825138844e-01
3.719421491395e+01,9.014909866219e-01,5.981867268797e-01,4.387705984573e-01,4.168810209693e-01
3.791540328830e+01,9.022858010067e-01,5.994293064108e-01,4.389749242915e-01,4.168815359502e-01
3.865057536071e+01,9.030759555438e-01,6.006784892906e-01,4.391831500346e-01,4.168841073906e-01
3.940000227229e+01,9.038614191681e-01,6.019341881751e-01,4.393953045759e-01,4.168887591236e-01
4.016396042153e+01,9.046421600298e-01,6.031962998674e-01,4.396113949354e-01,4.168954923532e-01
4.094273156620e+01,9.054181461391e-01,6.044647075271e-01,4.398314084687e-01,4.169042878209e-01
4.173660292731e+01,9.061893459535e-01,6.057392828351e-01,4.400553151031e-01,4.169151080130e-01
4.254586729505e+01,9.069557289071e-01,6.070198880937e-01,4.402830695795e-01,4.169278993831e-01
4.337082313671e+01,9.077172658805e-01,6.083063782425e-01,4.405146136756e-01,4.169425945647e-01
4.421177470685e+01,9.084739296099e-01,6.095986027738e-01,4.407498783880e-01,4.169591145526e-01
4.506903215943e+01,9.092256950374e-01,6.108964075326e-01,4.409887860518e-01,4.169773708298e-01
4.594291166223e+01,9.099725396016e-01,6.121996363873e-01,4.412312523782e-01,4.169972674207e-01
4.683373551349e+01,9.107144434711e-01,6.135081327632e-01,4.414771883928e-01,4.170187028522e-01
4.774183226073e+01,9.114513897228e-01,6.148217410283e-01,4.417265022582e-01,4.170415720065e-01
4.866753682193e+01,9.121833644678e-01,6.161403077266e-01,4.419791009690e-01,4.170657678518e-01
4.961119060909e+01,9.129103569269e-01,6.174636826559e-01,4.422348919062e-01,4.170911830389e-01
5.057314165409e+01,9.136323594615e-01,6.187917197881e-01,4.424937842448e-01,4.171177113535e-01
5.155374473711e+01,9.143493675605e-01,6.201242780334e-01,4.427556902055e-01,4.171452490192e-01
5.255336151741e+01,9.150613797907e-01,6.214612218507e-01,4.430205261490e-01,4.171736958430e-01
5.357236066679e+01,9.157683977119e-01,6.228024217102e-01,4.432882135100e-01,4.172029562045e-01
5.461111800549e+01,9.164704257632e-01,6.241477544133e-01,4.435586795714e-01,4.172329398854e-01
5.567001664084e+01,9.171674711234e-01,6.254971032792e-01,4.438318580821e-01,4.172635627434e-01
5.674944710855e+01,9.178595435514e-01,6.268503582073e-01,4.441076897225e-01,4.172947472332e-01
5.784980751675e+01,9.185466552091e-01,6.282074156248e-01,4.443861224249e-01,4.173264227808e-01
5.897150369277e+01,9.192288204727e-01,6.295681783334e-01,4.446671115563e-01,4.173585260187e-01
6.011494933288e+01,9.199060557355e-01,6.309325552643e-01,4.449506199732e-01,4.173910008901e-01
6.128056615483e+01,9.205783792056e-01,6.323004611570e-01,4.452366179599e-01,4.174237986342e-01
6.246878405340e+01,9.212458107033e-01,6.336718161717e-01,4.455250830612e-01,4.174568776613e-01
6.368004125893e+01,9.219083714599e-01,6.350465454511e-01,4.458159998225e-01,4.174902033323e-01
6.491478449897e+01,9.225660839218e-01,6.364245786413e-01,4.461093594501e-01,4.175237476535e-01
6.617346916303e+01,9.232189715621e-01,6.378058493864e-01,4.464051594042e-01,4.175574889003e-01
6.745655947050e+01,9.238670587017e-01,6.391902948062e-01,4.467034029397e-01,4.175914111831e-01
6.876452864194e+01,9.245103703419e-01,6.405778549692e-01,4.470040986050e-01,4.176255039680e-01
7.009785907353e+01,9.251489320096e-01,6.419684723705e-01,4.473072597142e-01,4.176597615650e-01
7.145704251501e+01,9.257827696168e-01,6.433620914230e-01,4.476129038024e-01,4.176941825955e-01
7.284258025108e+01,9.264119093343e-01,6.447586579702e-01,4.479210520763e-01,4.177287694514e-01
7.425498328623e+01,9.270363774804e-01,6.461581188271e-01,4.482317288706e-01,4.177635277549e-01
7.569477253321e+01,9.276562004249e-01,6.475604213550e-01,4.485449611186e-01,4.177984658297e-01
7.716247900519e+01,9.282714045074e-01,6.489655130736e-01,4.488607778455e-01,4.178335941914e-01
7.865864401157e+01,9.288820159707e-01,6.503733413151e-01,4.491792096912e-01,4.178689250648e-01
8.018381935763e+01,9.294880609069e-01,6.517838529206e-01,4.495002884686e-01,4.179044719331e-01
8.173856754803e+01,9.300895652173e-01,6.531969939815e-01,4.498240467609e-01,4.179402491256e-01
8.332346199432e+01,9.306865545831e-01,6.546127096242e-01,4.501505175619e-01,4.179762714460e-01
8.493908722634e+01,9.312790544475e-01,6.560309438382e-01,4.504797339611e-01,4.180125538444e-01
8.658603910788e+01,9.318670900069e-01,6.574516393463e-01,4.508117288744e-01,4.180491111335e-01
8.826492505640e+01,9.324506862105e-01,6.588747375125e-01,4.511465348196e-01,4.180859577513e-01
8.997636426704e+01,9.330298677663e-01,6.603001782873e-01,4.514841837372e-01,4.181231075663e-01
9.172098794105e+01,9.336046591536e-01,6.617279001851e-01,4.518247068527e-01,4.181605737268e-01
9.349943951852e+01,9.341750846393e-01,6.631578402901e-01,4.521681345791e-01,4.181983685503e-01
9.531237491571e+01,9.347411682975e-01,6.645899342881e-01,4.525144964560e-01,4.182365034496e-01
9.716046276698e+01,9.353029340323e-01,6.660241165185e-01,4.528638211209e-01,4.182749888937e-01
9.904438467138e+01,9.358604056000e-01,6.674603200439e-01,4.532161363103e-01,4.183138343984e-01
1.009648354440e+02,9.364136066340e-01,6.688984767324e-01,4.535714688848e-01,4.183530485431e-01
1.029225233723e+02,9.369625606672e-01,6.703385173494e-01,4.539298448750e-01,4.183926390097e-01
1.049181704773e+02,9.375072911551e-01,6.717803716555e-01,4.542912895437e-01,4.184326126389e-01
1.069525127797e+02,9.380478214961e-01,6.732239685072e-01,4.546558274605e-01,4.184729755005e-01
1.090263005718e+02,9.385841750508e-01,6.746692359578e-01,4.550234825839e-01,4.185137329732e-01
1.111402986936e+02,9.391163751590e-01,6.761161013556e-01,4.553942783498e-01,4.185548898313e-01
1.132952868154e+02,9.396444451534e-01,6.775644914391e-01,4.557682377604e-01,4.185964503333e-01
1.154920597250e+02,9.401684083723e-01,6.790143324250e-01,4.561453834725e-01,4.186384183114e-01
1.177314276212e+02,9.406882881688e-01,6.804655500901e-01,4.565257378828e-01,4.186807972583e-01
1.200142164122e+02,9.412041079177e-01,6.819180698457e-01,4.569093232066e-01,4.187235904093e-01
1.223412680204e+02,9.417158910207e-01,6.833718168033e-01,4.572961615514e-01,4.187668008184e-01
1.247134406931e+02,9.422236609089e-01,6.848267158324e-01,4.576862749811e-01,4.188104314268e-01
1.271316093185e+02,9.427274410437e-01,6.862826916105e-01,4.580796855720e-01,4.188544851239e-01
1.295966657490e+02,9.432272549163e-01,6.877396686645e-01,4.584764154605e-01,4.188989647987e-01
1.321095191298e+02,9.437231260448e-01,6.891975714060e-01,4.588764868814e-01,4.189438733829e-01
1.346710962341e+02,9.442150779719e-01,6.906563241596e-01,4.592799221971e-01,4.189892138858e-01
1.372823418052e+02,9.447031342596e-01,6.921158511856e-01,4.596867439200e-01,4.190349894203e-01
1.399442189047e+02,9.451873184851e-01,6.935760766978e-01,4.600969747258e-01,4.190812032220e-01
1.426577092677e+02,9.456676542350e-01,6.950369248778e-01,4.605106374620e-01,4.191278586608e-01
1.454238136652e+02,9.461441651001e-01,6.964983198855e-01,4.609277551491e-01,4.191749592477e-01
1.482435522727e+02,9.466168746689e-01,6.979601858685e-01,4.613483509780e-01,4.192225086352e-01
1.511179650467e+02,9.470858065230e-01,6.994224469683e-01,4.617724483031e-01,4.192705106146e-01
1.540481121085e+02,9.475509842305e-01,7.008850273272e-01,4.622000706331e-01,4.193189691101e-01
1.570350741347e+02,9.480124313418e-01,7.023478510941e-01,4.626312416190e-01,4.193678881700e-01
1.600799527561e+02,9.484701713839e-01,7.038108424307e-01,4.630659850410e-01,4.194172719569e-01
1.631838709638e+02,9.489242278559e-01,7.052739255180e-01,4.635043247954e-01,4.194671247369e-01
1.663479735236e+02,9.493746242252e-01,7.067370245642e-01,4.639462848806e-01,4.195174508687e-01
1.695734273981e+02,9.498213839234e-01,7.082000638129e-01,4.643918893843e-01,4.195682547930e-01
1.728614221768e+02,9.502645303427e-01,7.096629675530e-01,4.648411624706e-01,4.196195410225e-01
1.762131705155e+02,9.507040868332e-01,7.111256601297e-01,4.652941283690e-01,4.196713141329e-01
1.796299085829e+02,9.511400766997e-01,7.125880659563e-01,4.657508113642e-01,4.197235787550e-01
1.831128965167e+02,9.515725231992e-01,7.140501095271e-01,4.662112357869e-01,4.197763395684e-01
1.866634188887e+02,9.520014495389e-01,7.155117154322e-01,4.666754260063e-01,4.198296012962e-01
1.902827851780e+02,9.524268788739e-01,7.169728083713e-01,4.671434064238e-01,4.198833687008e-01
1.939723302545e+02,9.528488343054e-01,7.184333131703e-01,4.676152014672e-01,4.199376465812e-01
1.977334148706e+02,9.532673388788e-01,7.198931547966e-01,4.680908355865e-01,4.199924397715e-01
2.015674261639e+02,9.536824155821e-01,7.213522583759e-01,4.685703332502e-01,4.200477531397e-01
2.054757781679e+02,9.540940873443e-01,7.228105492089e-01,4.690537189425e-01,4.201035915880e-01
2.094599123341e+02,9.545023770340e-01,7.242679527882e-01,4.695410171605e-01,4.201599600529e-01
2.135212980634e+02,9.549073074574e-01,7.257243948147e-01,4.700322524123e-01,4.202168635067e-01
2.176614332483e+02,9.553089013576e-01,7.271798012148e-01,4.705274492149e-01,4.202743069582e-01
2.218818448248e+02,9.557071814123e-01,7.286340981567e-01,4.710266320923e-01,4.203322954548e-01
2.261840893361e+02,9.561021702329e-01,7.300872120670e-01,4.715298255738e-01,4.203908340834e-01
2.305697535064e+02,9.564938903629e-01,7.315390696464e-01,4.720370541916e-01,4.204499279727e-01
2.350404548261e+02,9.568823642764e-01,7.329895978859e-01,4.725483424789e-01,4.205095822938e-01
2.395978421487e+02,9.572676143766e-01,7.344387240823e-01,4.730637149676e-01,4.205698022624e-01
2.442435962982e+02,9.576496629947e-01,7.358863758531e-01,4.735831961855e-01,4.206305931394e-01
2.489794306898e+02,9.580285323879e-01,7.373324811519e-01,4.741068106536e-01,4.206919602325e-01
2.538070919613e+02,9.584042447389e-01,7.387769682829e-01,4.746345828830e-01,4.207539088967e-01
2.587283606175e+02,9.587768221536e-01,7.402197659150e-01,4.751665373717e-01,4.208164445350e-01
2.637450516869e+02,9.591462866604e-01,7.416608030967e-01,4.757026986012e-01,4.208795725997e-01
2.688590153908e+02,9.595126602087e-01,7.431000092692e-01,4.762430910327e-01,4.209432985921e-01
2.740721378263e+02,9.598759646676e-01,7.445373142806e-01,4.767877391035e-01,4.210076280635e-01
2.793863416612e+02,9.602362218247e-01,7.459726483993e-01,4.773366672231e-01,4.210725666156e-01
2.848035868436e+02,9.605934533851e-01,7.474059423272e-01,4.778898997691e-01,4.211381199005e-01
2.903258713246e+02,9.609476809698e-01,7.488371272127e-01,4.784474610831e-01,4.212042936210e-01
2.959552317952e+02,9.612989261151e-01,7.502661346636e-01,4.790093754664e-01,4.212710935314e-01
3.016937444373e+02,9.616472102712e-01,7.516928967600e-01,4.795756671761e-01,4.213385254373e-01
3.075435256896e+02,9.619925548013e-01,7.531173460662e-01,4.801463604204e-01,4.214065951961e-01
3.135067330283e+02,9.623349809805e-01,7.545394156434e-01,4.807214793543e-01,4.214753087173e-01
3.195855657624e+02,9.626745099950e-01,7.559590390617e-01,4.813010480755e-01,4.215446719628e-01
3.257822658452e+02,9.630111629410e-01,7.573761504114e-01,4.818850906192e-01,4.216146909473e-01
3.320991187009e+02,9.633449608238e-01,7.587906843152e-01,4.824736309544e-01,4.216853717387e-01
3.385384540677e+02,9.636759245572e-01,7.602025759391e-01,4.830666929787e-01,4.217567204585e-01
3.451026468570e+02,9.640040749625e-01,7.616117610037e-01,4.836643005136e-01,4.218287432821e-01
3.517941180292e+02,9.643294327674e-01,7.630181757949e-01,4.842664773003e-01,4.219014464391e-01
3.586153354865e+02,9.646520186059e-01,7.644217571746e-01,4.848732469943e-01,4.219748362143e-01
3.655688149836e+02,9.649718530169e-01,7.658224425910e-01,4.854846331609e-01,4.220489189474e-01
3.726571210548e+02,9.652889564441e-01,7.672201700888e-01,4.861006592702e-01,4.221237010341e-01
3.798828679604e+02,9.656033492348e-01,7.686148783186e-01,4.867213486918e-01,4.221991889258e-01
3.872487206507e+02,9.659150516395e-01,7.700065065470e-01,4.873467246901e-01,4.222753891308e-01
3.947573957486e+02,9.662240838111e-01,7.713949946658e-01,4.879768104189e-01,4.223523082144e-01
4.024116625522e+02,9.665304658049e-01,7.727802832006e-01,4.886116289162e-01,4.224299527993e-01
4.102143440553e+02,9.668342175770e-01,7.741623133199e-01,4.892512030989e-01,4.225083295661e-01
4.181683179893e+02,9.671353589848e-01,7.755410268438e-01,4.898955557573e-01,4.225874452537e-01
4.262765178841e+02,9.674339097858e-01,7.769163662516e-01,4.905447095498e-01,4.226673066601e-01
4.345419341502e+02,9.677298896373e-01,7.782882746903e-01,4.911986869973e-01,4.227479206422e-01
4.429676151814e+02,9.680233180962e-01,7.796566959819e-01,4.918575104775e-01,4.228292941169e-01
4.515566684796e+02,9.683142146181e-01,7.810215746312e-01,4.925212022191e-01,4.229114340612e-01
4.603122618002e+02,9.686025985573e-01,7.823828558324e-01,4.931897842965e-01,4.229943475126e-01
4.692376243208e+02,9.688884891660e-01,7.837404854762e-01,4.938632786233e-01,4.230780415699e-01
4.783360478323e+02,9.691719055943e-01,7.850944101566e-01,4.945417069470e-01,4.231625233934e-01
4.876108879526e+02,9.694528668898e-01,7.864445771769e-01,4.952250908424e-01,4.232478002052e-01
4.970655653643e+02,9.697313919971e-01,7.877909345554e-01,4.959134517063e-01,4.233338792901e-01
5.067035670766e+02,9.700074997574e-01,7.891334310321e-01,4.966068107507e-01,4.234207679959e-01
5.165284477108e+02,9.702812089087e-01,7.904720160730e-01,4.973051889967e-01,4.235084737336e-01
5.265438308119e+02,9.705525380852e-01,7.918066398762e-01,4.980086072686e-01,4.235970039782e-01
5.367534101844e+02,9.708215058169e-01,7.931372533764e-01,4.987170861874e-01,4.236863662690e-01
5.471609512552e+02,9.710881305298e-01,7.944638082494e-01,4.994306461640e-01,4.237765682103e-01
5.577702924620e+02,9.713524305454e-01,7.957862569169e-01,5.001493073934e-01,4.238676174715e-01
5.685853466689e+02,9.716144240807e-01,7.971045525503e-01,5.008730898476e-01,4.239595217878e-01
5.796101026098e+02,9.718741292479e-01,7.984186490743e-01,5.016020132692e-01,4.240522889609e-01
5.908486263593e+02,9.721315640543e-01,7.997285011710e-01,5.023360971648e-01,4.241459268589e-01
6.023050628323e+02,9.723867464023e-01,8.010340642828e-01,5.030753607981e-01,4.242404434174e-01
6.139836373130e+02,9.726396940892e-01,8.023352946155e-01,5.038198231832e-01,4.243358466396e-01
6.258886570127e+02,9.728904248070e-01,8.036321491411e-01,5.045695030777e-01,4.244321445970e-01
6.380245126589e+02,9.731389561424e-01,8.049245856002e-01,5.053244189759e-01,4.245293454296e-01
6.503956801144e+02,9.733853055770e-01,8.062125625044e-01,5.060845891015e-01,4.246274573469e-01
6.630067220280e+02,9.736294904870e-01,8.074960391379e-01,5.068500314009e-01,4.247264886277e-01
6.758622895173e+02,9.738715281431e-01,8.087749755596e-01,5.076207635358e-01,4.248264476213e-01
6.889671238842e+02,9.741114357107e-01,8.100493326046e-01,5.083968028762e-01,4.249273427474e-01
7.023260583637e+02,9.743492302500e-01,8.113190718849e-01,5.091781664933e-01,4.250291824970e-01
7.159440199058e+02,9.745849287157e-01,8.125841557911e-01,5.099648711520e-01,4.251319754328e-01
7.298260309936e+02,9.748185479573e-01,8.138445474923e-01,5.107569333036e-01,4.252357301896e-01
7.439772114947e+02,9.750501047190e-01,8.151002109372e-01,5.115543690785e-01,4.253404554748e-01
7.584027805502e+02,9.752796156399e-01,8.163511108542e-01,5.123571942790e-01,4.254461600690e-01
7.731080584992e+02,9.755070972540e-01,8.175972127512e-01,5.131654243714e-01,4.255528528265e-01
7.880984688409e+02,9.757325659904e-01,8.188384829155e-01,5.139790744787e-01,4.256605426758e-01
8.033795402355e+02,9.759560381734e-01,8.200748884134e-01,5.147981593731e-01,4.257692386199e-01
8.189569085425e+02,9.761775300223e-01,8.213063970892e-01,5.156226934683e-01,4.258789497371e-01
8.348363188996e+02,9.763970576520e-01,8.225329775648e-01,5.164526908120e-01,4.259896851814e-01
8.510236278416e+02,9.766146370730e-01,8.237545992381e-01,5.172881650781e-01,4.261014541829e-01
8.675248054605e+02,9.768302841914e-01,8.249712322820e-01,5.181291295589e-01,4.262142660486e-01
8.843459376070e+02,9.770440148091e-01,8.261828476423e-01,5.189755971576e-01,4.263281301624e-01
9.014932281353e+02,9.772558446243e-01,8.273894170367e-01,5.198275803805e-01,4.264430559862e-01
9.189730011909e+02,9.774657892312e-01,8.285909129521e-01,5.206850913290e-01,4.265590530599e-01
9.367917035436e+02,9.776738641207e-01,8.297873086428e-01,5.215481416919e-01,4.266761310023e-01
9.549559069645e+02,9.778800846804e-01,8.309785781281e-01,5.224167427374e-01,4.267942995115e-01
9.734723106500e+02,9.780844661944e-01,8.321646961896e-01,5.232909053058e-01,4.269135683651e-01
9.923477436927e+02,9.782870238445e-01,8.333456383684e-01,5.241706398007e-01,4.270339474213e-01
1.011589167600e+03,9.784877727095e-01,8.345213809625e-01,5.250559561820e-01,4.271554466188e-01
1.031203678861e+03,9.786867277660e-01,8.356919010231e-01,5.259468639572e-01,4.272780759778e-01
1.051198511566e+03,9.788839038884e-01,8.368571763517e-01,5.268433721741e-01,4.274018456002e-01
1.071581040070e+03,9.790793158495e-01,8.380171854966e-01,5.277454894125e-01,4.275267656704e-01
1.092358781717e+03,9.792729783204e-01,8.391719077490e-01,5.286532237766e-01,4.276528464555e-01
1.113539399612e+03,9.794649058710e-01,8.403213231394e-01,5.295665828864e-01,4.277800983059e-01
1.135130705443e+03,9.796551129702e-01,8.414654124334e-01,5.304855738708e-01,4.279085316560e-01
1.157140662369e+03,9.798436139862e-01,8.426041571280e-01,5.314102033587e-01,4.280381570245e-01
1.179577387948e+03,9.800304231872e-01,8.437375394466e-01,5.323404774715e-01,4.281689850150e-01
1.202449157141e+03,9.802155547410e-01,8.448655423352e-01,5.332764018154e-01,4.283010263166e-01
1.225764405356e+03,9.803990227159e-01,8.459881494573e-01,5.342179814731e-01,4.284342917042e-01
1.249531731562e+03,9.805808410809e-01,8.471053451896e-01,5.351652209962e-01,4.285687920392e-01
1.273759901460e+03,9.807610237060e-01,8.482171146170e-01,5.361181243972e-01,4.287045382698e-01
1.298457850718e+03,9.809395843625e-01,8.493234435272e-01,5.370766951420e-01,4.288415414318e-01
1.323634688264e+03,9.811165367234e-01,8.504243184062e-01,5.380409361415e-01,4.289798126489e-01
1.349299699644e+03,9.812918943638e-01,8.515197264325e-01,5.390108497446e-01,4.291193631332e-01
1.375462350452e+03,9.814656707612e-01,8.526096554722e-01,5.399864377299e-01,4.292602041858e-01
1.402132289818e+03,9.816378792960e-01,8.536940940728e-01,5.409677012982e-01,4.294023471974e-01
1.429319353963e+03,9.818085332517e-01,8.547730314586e-01,5.419546410652e-01,4.295458036484e-01
1.457033569835e+03,9.819776458155e-01,8.558464575238e-01,5.429472570532e-01,4.296905851098e-01
1.485285158799e+03,9.821452300784e-01,8.569143628279e-01,5.439455486845e-01,4.298367032437e-01
1.514084540412e+03,9.823112990359e-01,8.579767385885e-01,5.449495147730e-01,4.299841698034e-01
1.543442336264e+03,9.824758655881e-01,8.590335766765e-01,5.459591535176e-01,4.301329966344e-01
1.573369373895e+03,9.826389425406e-01,8.600848696091e-01,5.469744624943e-01,4.302831956745e-01
1.603876690789e+03,9.828005426042e-01,8.611306105439e-01,5.479954386494e-01,4.304347789544e-01
1.634975538444e+03,9.829606783958e-01,8.621707932727e-01,5.490220782917e-01,4.305877585984e-01
1.666677386525e+03,9.831193624389e-01,8.632054122151e-01,5.500543770860e-01,4.307421468246e-01
1.698993927087e+03,9.832766071636e-01,8.642344624119e-01,5.510923300460e-01,4.308979559455e-01
1.731937078895e+03,9.834324249074e-01,8.652579395187e-01,5.521359315267e-01,4.310551983686e-01
1.765518991815e+03,9.835868279154e-01,8.662758397992e-01,5.531851752187e-01,4.312138865966e-01
1.799752051299e+03,9.837398283409e-01,8.672881601187e-01,5.542400541402e-01,4.313740332280e-01
1.834648882946e+03,9.838914382456e-01,8.682948979373e-01,5.553005606313e-01,4.315356509578e-01
1.870222357166e+03,9.840416696004e-01,8.692960513031e-01,5.563666863472e-01,4.316987525776e-01
1.906485593923e+03,9.841905342854e-01,8.702916188454e-01,5.574384222516e-01,4.318633509764e-01
1.943451967575e+03,9.843380440909e-01,8.712815997678e-01,5.585157586103e-01,4.320294591405e-01
1.981135111804e+03,9.844842107173e-01,8.722659938412e-01,5.595986849856e-01,4.321970901548e-01
2.019548924650e+03,9.846290457757e-01,8.732448013970e-01,5.606871902296e-01,4.323662572027e-01
2.058707573629e+03,9.847725607888e-01,8.742180233198e-01,5.617812624786e-01,4.325369735663e-01
2.098625500965e+03,9.849147671905e-01,8.751856610406e-01,5.628808891473e-01,4.327092526276e-01
2.139317428914e+03,9.850556763273e-01,8.761477165298e-01,5.639860569229e-01,4.328831078684e-01
2.180798365193e+03,9.851952994581e-01,8.771041922894e-01,5.650967517598e-01,4.330585528707e-01
2.223083608513e+03,9.853336477549e-01,8.780550913469e-01,5.662129588745e-01,4.332356013174e-01
2.266188754229e+03,9.854707323032e-01,8.790004172471e-01,5.673346627396e-01,4.334142669928e-01
2.310129700083e+03,9.856065641025e-01,8.799401740456e-01,5.684618470796e-01,4.335945637824e-01
2.354922652073e+03,9.857411540669e-01,8.808743663012e-01,5.695944948655e-01,4.337765056741e-01
2.400584130426e+03,9.858745130253e-01,8.818029990688e-01,5.707325883103e-01,4.339601067581e-01
2.447130975694e+03,9.860066517222e-01,8.827260778924e-01,5.718761088643e-01,4.341453812275e-01
2.494580354966e+03,9.861375808177e-01,8.836436087973e-01,5.730250372109e-01,4.343323433784e-01
2.542949768194e+03,9.862673108885e-01,8.845555982831e-01,5.741793532624e-01,4.345210076109e-01
2.592257054653e+03,9.863958524279e-01,8.854620533166e-01,5.753390361557e-01,4.347113884289e-01
2.642520399515e+03,9.865232158469e-01,8.863629813244e-01,5.765040642489e-01,4.349035004406e-01
2.693758340564e+03,9.866494114739e-01,8.872583901855e-01,5.776744151176e-01,4.350973583590e-01
2.745989775022e+03,9.867744495558e-01,8.881482882240e-01,5.788500655511e-01,4.352929770023e-01
2.799233966528e+03,9.868983402580e-01,8.890326842023e-01,5.800309915499e-01,4.354903712940e-01
2.853510552239e+03,9.870210936655e-01,8.899115873132e-01,5.812171683219e-01,4.356895562634e-01
2.908839550071e+03,9.871427197825e-01,8.907850071731e-01,5.824085702803e-01,4.358905470461e-01
2.965241366085e+03,9.872632285339e-01,8.916529538146e-01,5.836051710405e-01,4.360933588839e-01
3.022736802009e+03,9.873826297648e-01,8.925154376792e-01,5.848069434184e-01,4.362980071255e-01
3.081347062915e+03,9.875009332419e-01,8.933724696104e-01,5.860138594273e-01,4.365045072267e-01
3.141093765036e+03,9.876181486530e-01,8.942240608461e-01,5.872258902772e-01,4.367128747506e-01
3.201998943740e+03,9.877342856085e-01,8.950702230118e-01,5.884430063721e-01,4.369231253679e-01
3.264085061654e+03,9.878493536411e-01,8.959109681132e-01,5.896651773093e-01,4.371352748574e-01
3.327375016954e+03,9.879633622066e-01,8.967463085293e-01,5.908923718778e-01,4.373493391060e-01
3.391892151806e+03,9.880763206844e-01,8.975762570052e-01,5.921245580576e-01,4.375653341089e-01
3.457660260975e+03,9.881882383779e-01,8.984008266449e-01,5.933617030188e-01,4.377832759705e-01
3.524703600602e+03,9.882991245151e-01,8.992200309048e-01,5.946037731215e-01,4.380031809035e-01
3.593046897150e+03,9.884089882487e-01,9.000338835858e-01,5.958507339155e-01,4.382250652304e-01
3.662715356525e+03,9.885178386572e-01,9.008423988274e-01,5.971025501400e-01,4.384489453825e-01
3.733734673367e+03,9.886256847449e-01,9.016455911000e-01,5.983591857247e-01,4.386748379011e-01
3.806131040531e+03,9.887325354425e-01,9.024434751982e-01,5.996206037897e-01,4.389027594372e-01
3.879931158749e+03,9.888383996076e-01,9.032360662342e-01,6.008867666468e-01,4.391327267515e-01
3.955162246471e+03,9.889432860254e-01,9.040233796308e-01,6.021576358006e-01,4.393647567152e-01
4.031852049909e+03,9.890472034086e-01,9.048054311145e-01,6.034331719497e-01,4.395988663094e-01
4.110028853269e+03,9.891501603985e-01,9.055822367092e-01,6.047133349888e-01,4.398350726258e-01
4.189721489182e+03,9.892521655650e-01,9.063538127290e-01,6.059980840104e-01,4.400733928665e-01
4.270959349336e+03,9.893532274076e-01,9.071201757720e-01,6.072873773069e-01,4.403138443444e-01
4.353772395321e+03,9.894533543552e-01,9.078813427135e-01,6.085811723738e-01,4.405564444830e-01
4.438191169673e+03,9.895525547672e-01,9.086373306996e-01,6.098794259117e-01,4.408012108165e-01
4.524246807145e+03,9.896508369335e-01,9.093881571406e-01,6.111820938301e-01,4.410481609902e-01
4.611971046184e+03,9.897482090754e-01,9.101338397045e-01,6.124891312505e-01,4.412973127601e-01
4.701396240640e+03,9.898446793456e-01,9.108743963111e-01,6.138004925100e-01,4.415486839931e-01
4.792555371697e+03,9.899402558290e-01,9.116098451248e-01,6.151161311656e-01,4.418022926673e-01
4.885482060040e+03,9.900349465432e-01,9.123402045492e-01,6.164359999982e-01,4.420581568715e-01
4.980210578249e+03,9.901287594386e-01,9.130654932204e-01,6.177600510173e-01,4.423162948055e-01
5.076775863446e+03,9.902217023994e-01,9.137857300010e-01,6.190882354658e-01,4.425767247800e-01
5.175213530172e+03,9.903137832436e-01,9.145009339739e-01,6.204205038254e-01,4.428394652165e-01
5.275559883532e+03,9.904050097236e-01,9.152111244364e-01,6.217568058215e-01,4.431045346473e-01
5.377851932577e+03,9.904953895267e-01,9.159163208941e-01,6.230970904296e-01,4.433719517152e-01
5.482127403955e+03,9.905849302756e-01,9.166165430547e-01,6.244413058810e-01,4.436417351738e-01
5.588424755830e+03,9.906736395289e-01,9.173118108229e-01,6.257893996690e-01,4.439139038868e-01
5.696783192058e+03,9.907615247813e-01,9.180021442937e-01,6.271413185560e-01,4.441884768283e-01
5.807242676651e+03,9.908485934642e-01,9.186875637472e-01,6.284970085797e-01,4.444654730826e-01
5.919843948518e+03,9.909348529465e-01,9.193680896427e-01,6.298564150613e-01,4.447449118436e-01
6.034628536483e+03,9.910203105343e-01,9.200437426133e-01,6.312194826120e-01,4.450268124149e-01
6.151638774609e+03,9.911049734720e-01,9.207145434600e-01,6.325861551414e-01,4.453111942098e-01
6.270917817806e+03,9.911888489424e-01,9.213805131462e-01,6.339563758654e-01,4.455980767503e-01
6.392509657750e+03,9.912719440675e-01,9.220416727928e-01,6.353300873147e-01,4.458874796676e-01
6.516459139107e+03,9.913542659084e-01,9.226980436720e-01,6.367072313431e-01,4.461794227014e-01
6.642811976070e+03,9.914358214663e-01,9.233496472028e-01,6.380877491370e-01,4.464739256993e-01
6.771614769224e+03,9.915166176826e-01,9.239965049450e-01,6.394715812239e-01,4.467710086172e-01
6.902915022728e+03,9.915966614394e-01,9.246386385946e-01,6.408586674828e-01,4.470706915181e-01
7.036761161839e+03,9.916759595601e-01,9.252760699784e-01,6.422489471530e-01,4.473729945722e-01
7.173202550767e+03,9.917545188094e-01,9.259088210489e-01,6.436423588448e-01,4.476779380563e-01
7.312289510886e+03,9.918323458945e-01,9.265369138796e-01,6.450388405495e-01,4.479855423533e-01
7.454073339293e+03,9.919094474646e-01,9.271603706595e-01,6.464383296504e-01,4.482958279518e-01
7.598606327722e+03,9.919858301122e-01,9.277792136888e-01,6.478407629329e-01,4.486088154456e-01
7.745941781836e+03,9.920615003729e-01,9.283934653740e-01,6.492460765963e-01,4.489245255328e-01
7.896134040883e+03,9.921364647260e-01,9.290031482227e-01,6.506542062647e-01,4.492429790158e-01
8.049238497738e+03,9.922107295952e-01,9.296082848397e-01,6.520650869990e-01,4.495641968003e-01
8.205311619332e+03,9.922843013486e-01,9.302088979215e-01,6.534786533083e-01,4.498881998947e-01
8.364410967481e+03,9.923571862995e-01,9.308050102526e-01,6.548948391624e-01,4.502150094096e-01
8.526595220111e+03,9.924293907065e-01,9.313966447003e-01,6.563135780037e-01,4.505446465568e-01
8.691924192902e+03,9.925009207740e-01,9.319838242111e-01,6.577348027603e-01,4.508771326489e-01
8.860458861346e+03,9.925717826528e-01,9.325665718053e-01,6.591584458583e-01,4.512124890985e-01
9.032261383242e+03,9.926419824404e-01,9.331449105736e-01,6.605844392351e-01,4.515507374170e-01
9.207395121612e+03,9.927115261812e-01,9.337188636727e-01,6.620127143524e-01,4.518918992143e-01
9.385924668077e+03,9.927804198673e-01,9.342884543207e-01,6.634432022100e-01,4.522359961976e-01
9.567915866674e+03,9.928486694386e-01,9.348537057934e-01,6.648758333589e-01,4.525830501707e-01
9.753435838145e+03,9.929162807832e-01,9.354146414203e-01,6.663105379158e-01,4.529330830328e-01
9.942553004690e+03,9.929832597381e-01,9.359712845803e-01,6.677472455766e-01,4.532861167779e-01
1.013533711520e+04,9.930496120893e-01,9.365236586984e-01,6.691858856309e-01,4.536421734935e-01
1.033185927098e+04,9.931153435724e-01,9.370717872409e-01,6.706263869762e-01,4.540012753596e-01
1.053219195199e+04,9.931804598726e-01,9.376156937127e-01,6.720686781327e-01,4.543634446476e-01
1.073640904353e+04,9.932449666257e-01,9.381554016528e-01,6.735126872581e-01,4.547287037195e-01
1.094458586357e+04,9.933088694180e-01,9.386909346310e-01,6.749583421621e-01,4.550970750262e-01
1.115679919042e+04,9.933721737870e-01,9.392223162442e-01,6.764055703220e-01,4.554685811068e-01
1.137312729117e+04,9.934348852215e-01,9.397495701129e-01,6.778542988975e-01,4.558432445869e-01
1.159364995044e+04,9.934970091622e-01,9.402727198777e-01,6.793044547463e-01,4.562210881778e-01
1.181844849989e+04,9.935585510021e-01,9.407917891959e-01,6.807559644394e-01,4.566021346748e-01
1.204760584816e+04,9.936195160866e-01,9.413068017383e-01,6.822087542769e-01,4.569864069561e-01
1.228120651150e+04,9.936799097142e-01,9.418177811856e-01,6.836627503035e-01,4.573739279809e-01
1.251933664490e+04,9.937397371367e-01,9.423247512254e-01,6.851178783248e-01,4.577647207889e-01
1.276208407387e+04,9.937990035597e-01,9.428277355489e-01,6.865740639225e-01,4.581588084977e-01
1.300953832684e+04,9.938577141427e-01,9.433267578480e-01,6.880312324712e-01,4.585562143019e-01
1.326179066819e+04,9.939158739998e-01,9.438218418121e-01,6.894893091541e-01,4.589569614716e-01
1.351893413190e+04,9.939734882000e-01,9.443130111248e-01,6.909482189793e-01,4.593610733504e-01
1.378106355584e+04,9.940305617672e-01,9.448002894616e-01,6.924078867961e-01,4.597685733536e-01
1.404827561679e+04,9.940870996811e-01,9.452837004866e-01,6.938682373114e-01,4.601794849673e-01
1.432066886606e+04,9.941431068772e-01,9.457632678496e-01,6.953291951059e-01,4.605938317456e-01
1.459834376585e+04,9.941985882473e-01,9.462390151835e-01,6.967906846509e-01,4.610116373093e-01
1.488140272631e+04,9.942535486397e-01,9.467109661019e-01,6.982526303244e-01,4.614329253443e-01
1.516995014329e+04,9.943079928599e-01,9.471791441955e-01,6.997149564280e-01,4.618577195989e-01
1.546409243687e+04,9.943619256705e-01,9.476435730306e-01,7.011775872030e-01,4.622860438825e-01
1.576393809059e+04,9.944153517918e-01,9.481042761458e-01,7.026404468476e-01,4.627179220633e-01
1.606959769144e+04,9.944682759021e-01,9.485612770498e-01,7.041034595328e-01,4.631533780661e-01
1.638118397072e+04,9.945207026383e-01,9.490145992187e-01,7.055665494194e-01,4.635924358705e-01
1.669881184551e+04,9.945726365956e-01,9.494642660941e-01,7.070296406744e-01,4.640351195085e-01
1.702259846115e+04,9.946240823285e-01,9.499103010803e-01,7.084926574876e-01,4.644814530622e-01
1.735266323438e+04,9.946750443509e-01,9.503527275419e-01,7.099555240881e-01,4.649314606616e-01
1.768912789743e+04,9.947255271361e-01,9.507915688023e-01,7.114181647608e-01,4.653851664821e-01
1.803211654288e+04,9.947755351178e-01,9.512268481406e-01,7.128805038630e-01,4.658425947425e-01
1.838175566944e+04,9.948250726899e-01,9.516585887900e-01,7.143424658405e-01,4.663037697021e-01
1.873817422860e+04,9.948741442070e-01,9.520868139357e-01,7.158039752441e-01,4.667687156582e-01
1.910150367221e+04,9.949227539846e-01,9.525115467125e-01,7.172649567460e-01,4.672374569438e-01
1.947187800093e+04,9.949709062999e-01,9.529328102032e-01,7.187253351559e-01,4.677100179247e-01
1.984943381366e+04,9.950186053913e-01,9.533506274364e-01,7.201850354370e-01,4.681864229971e-01
2.023431035795e+04,9.950658554597e-01,9.537650213846e-01,7.216439827225e-01,4.686666965842e-01
2.062664958132e+04,9.951126606678e-01,9.541760149627e-01,7.231021023310e-01,4.691508631343e-01
2.102659618361e+04,9.951590251412e-01,9.545836310256e-01,7.245593197826e-01,4.696389471170e-01
2.143429767038e+04,9.952049529684e-01,9.549878923668e-01,7.260155608148e-01,4.701309730210e-01
2.184990440728e+04,9.952504482012e-01,9.553888217167e-01,7.274707513979e-01,4.706269653505e-01
2.227356967553e+04,9.952955148547e-01,9.557864417408e-01,7.289248177506e-01,4.711269486225e-01
2.270544972845e+04,9.953401569081e-01,9.561807750380e-01,7.303776863552e-01,4.716309473635e-01
2.314570384905e+04,9.953843783047e-01,9.565718441393e-01,7.318292839732e-01,4.721389861064e-01
2.359449440883e+04,9.954281829523e-01,9.569596715059e-01,7.332795376602e-01,4.726510893870e-01
2.405198692764e+04,9.954715747232e-01,9.573442795277e-01,7.347283747807e-01,4.731672817412e-01
2.451835013472e+04,9.955145574552e-01,9.577256905224e-01,7.361757230231e-01,4.736875877008e-01
2.499375603094e+04,9.955571349510e-01,9.581039267333e-01,7.376215104141e-01,4.742120317907e-01
2.547837995222e+04,9.955993109792e-01,9.584790103282e-01,7.390656653337e-01,4.747406385251e-01
2.597240063423e+04,9.956410892744e-01,9.588509633985e-01,7.405081165286e-01,4.752734324039e-01
2.647600027828e+04,9.956824735373e-01,9.592198079570e-01,7.419487931271e-01,4.758104379090e-01
2.698936461851e+04,9.957234674351e-01,9.595855659375e-01,7.433876246526e-01,4.763516795008e-01
2.751268299043e+04,9.957640746018e-01,9.599482591932e-01,7.448245410375e-01,4.768971816139e-01
2.804614840073e+04,9.958042986386e-01,9.603079094951e-01,7.462594726364e-01,4.774469686538e-01
2.858995759844e+04,9.958441431139e-01,9.606645385317e-01,7.476923502399e-01,4.780010649926e-01
2.914431114752e+04,9.958836115638e-01,9.610181679072e-01,7.491231050875e-01,4.785594949649e-01
2.970941350084e+04,9.959227074924e-01,9.613688191406e-01,7.505516688803e-01,4.791222828639e-01
3.028547307556e+04,9.959614343720e-01,9.617165136647e-01,7.519779737939e-01,4.796894529374e-01
3.087270233000e+04,9.959997956432e-01,9.620612728252e-01,7.534019524909e-01,4.802610293831e-01
3.147131784203e+04,9.960377947155e-01,9.624031178794e-01,7.548235381330e-01,4.808370363446e-01
3.208154038888e+04,9.960754349672e-01,9.627420699954e-01,7.562426643930e-01,4.814174979071e-01
3.270359502864e+04,9.961127197462e-01,9.630781502513e-01,7.576592654665e-01,4.820024380927e-01
3.333771118322e+04,9.961496523696e-01,9.634113796342e-01,7.590732760839e-01,4.825918808560e-01
3.398412272297e+04,9.961862361246e-01,9.637417790394e-01,7.604846315210e-01,4.831858500794e-01
3.464306805296e+04,9.962224742681e-01,9.640693692695e-01,7.618932676104e-01,4.837843695687e-01
3.531479020086e+04,9.962583700276e-01,9.643941710335e-01,7.632991207524e-01,4.843874630480e-01
3.599953690661e+04,9.962939266012e-01,9.647162049466e-01,7.647021279252e-01,4.849951541551e-01
3.669756071377e+04,9.963291471576e-01,9.650354915285e-01,7.661022266954e-01,4.856074664365e-01
3.740911906269e+04,9.963640348368e-01,9.653520512038e-01,7.674993552282e-01,4.862244233425e-01
3.813447438541e+04,9.963985927499e-01,9.656659043003e-01,7.688934522968e-01,4.868460482223e-01
3.887389420250e+04,9.964328239799e-01,9.659770710493e-01,7.702844572920e-01,4.874723643183e-01
3.962765122168e+04,9.964667315813e-01,9.662855715841e-01,7.716723102315e-01,4.881033947618e-01
4.039602343843e+04,9.965003185809e-01,9.665914259402e-01,7.730569517690e-01,4.887391625669e-01
4.117929423850e+04,9.965335879777e-01,9.668946540541e-01,7.744383232027e-01,4.893796906257e-01
4.197775250243e+04,9.965665427434e-01,9.671952757631e-01,7.758163664837e-01,4.900250017026e-01
4.279169271210e+04,9.965991858222e-01,9.674933108048e-01,7.771910242244e-01,4.906751184289e-01
4.362141505935e+04,9.966315201317e-01,9.677887788165e-01,7.785622397062e-01,4.913300632974e-01
4.446722555665e+04,9.966635485625e-01,9.680816993347e-01,7.799299568870e-01,4.919898586564e-01
4.532943615002e+04,9.966952739789e-01,9.683720917950e-01,7.812941204089e-01,4.926545267042e-01
4.620836483402e+04,9.967266992188e-01,9.686599755312e-01,7.826546756049e-01,4.933240894836e-01
4.710433576910e+04,9.967578270940e-01,9.689453697751e-01,7.840115685059e-01,4.939985688754e-01
4.801767940107e+04,9.967886603908e-01,9.692282936564e-01,7.853647458472e-01,4.946779865930e-01
4.894873258305e+04,9.968192018696e-01,9.695087662019e-01,7.867141550746e-01,4.953623641763e-01
4.989783869967e+04,9.968494542657e-01,9.697868063358e-01,7.880597443505e-01,4.960517229853e-01
5.086534779371e+04,9.968794202890e-01,9.700624328786e-01,7.894014625593e-01,4.967460841945e-01
5.185161669522e+04,9.969091026246e-01,9.703356645476e-01,7.907392593134e-01,4.974454687862e-01
5.285700915311e+04,9.969385039331e-01,9.706065199560e-01,7.920730849576e-01,4.981498975444e-01
5.388189596929e+04,9.969676268504e-01,9.708750176132e-01,7.934028905744e-01,4.988593910487e-01
5.492665513549e+04,9.969964739883e-01,9.711411759242e-01,7.947286279887e-01,4.995739696673e-01
5.599167197256e+04,9.970250479343e-01,9.714050131898e-01,7.960502497716e-01,5.002936535512e-01
5.707733927271e+04,9.970533512524e-01,9.716665476058e-01,7.973677092449e-01,5.010184626269e-01
5.818405744426e+04,9.970813864828e-01,9.719257972636e-01,7.986809604846e-01,5.017484165904e-01
5.931223465940e+04,9.971091561423e-01,9.721827801496e-01,7.999899583246e-01,5.024835349003e-01
6.046228700468e+04,9.971366627245e-01,9.724375141449e-01,8.012946583596e-01,5.032238367709e-01
6.163463863449e+04,9.971639087001e-01,9.726900170260e-01,8.025950169486e-01,5.039693411657e-01
6.282972192749e+04,9.971908965168e-01,9.729403064637e-01,8.038909912170e-01,5.047200667900e-01
6.404797764608e+04,9.972176286000e-01,9.731884000238e-01,8.051825390595e-01,5.054760320845e-01
6.528985509894e+04,9.972441073524e-01,9.734343151668e-01,8.064696191420e-01,5.062372552182e-01
6.655581230677e+04,9.972703351548e-01,9.736780692477e-01,8.077521909036e-01,5.070037540809e-01
6.784631617119e+04,9.972963143659e-01,9.739196795163e-01,8.090302145584e-01,5.077755462768e-01
6.916184264696e+04,9.973220473224e-01,9.741591631168e-01,8.103036510965e-01,5.085526491166e-01
7.050287691749e+04,9.973475363397e-01,9.743965370884e-01,8.115724622859e-01,5.093350796107e-01
7.186991357382e+04,9.973727837117e-01,9.746318183646e-01,8.128366106726e-01,5.101228544620e-01
7.326345679699e+04,9.973977917110e-01,9.748650237741e-01,8.140960595817e-01,5.109159900582e-01
7.468402054402e+04,9.974225625892e-01,9.750961700398e-01,8.153507731178e-01,5.117145024648e-01
7.613212873746e+04,9.974470985771e-01,9.753252737800e-01,8.166007161653e-01,5.125184074172e-01
7.760831545861e+04,9.974714018848e-01,9.755523515076e-01,8.178458543878e-01,5.133277203139e-01
7.911312514449e+04,9.974954747021e-01,9.757774196308e-01,8.190861542286e-01,5.141424562082e-01
8.064711278864e+04,9.975193191982e-01,9.760004944527e-01,8.203215829096e-01,5.149626298012e-01
8.221084414585e+04,9.975429375225e-01,9.762215921719e-01,8.215521084308e-01,5.157882554342e-01
8.380489594073e+04,9.975663318043e-01,9.764407288824e-01,8.227776995693e-01,5.166193470805e-01
8.542985608051e+04,9.975895041531e-01,9.766579205737e-01,8.239983258781e-01,5.174559183385e-01
8.708632387179e+04,9.976124566591e-01,9.768731831311e-01,8.252139576849e-01,5.182979824232e-01
8.877491024163e+04,9.976351913929e-01,9.770865323358e-01,8.264245660900e-01,5.191455521592e-01
9.049623796283e+04,9.976577104059e-01,9.772979838651e-01,8.276301229650e-01,5.199986399722e-01
9.225094188363e+04,9.976800157305e-01,9.775075532926e-01,8.288306009506e-01,5.208572578817e-01
9.403966916185e+04,9.977021093802e-01,9.777152560885e-01,8.300259734542e-01,5.217214174933e-01
9.586307950358e+04,9.977239933498e-01,9.779211076195e-01,8.312162146479e-01,5.225911299900e-01
9.772184540646e+04,9.977456696157e-01,9.781251231495e-01,8.324012994653e-01,5.234664061255e-01
9.961665240775e+04,9.977671401356e-01,9.783273178396e-01,8.335812035992e-01,5.243472562153e-01
1.015481993371e+05,9.977884068493e-01,9.785277067480e-01,8.347559034984e-01,5.252336901293e-01
1.035171985744e+05,9.978094716785e-01,9.787263048310e-01,8.359253763645e-01,5.261257172839e-01
1.055243763124e+05,9.978303365270e-01,9.789231269426e-01,8.370896001487e-01,5.270233466338e-01
1.075704728245e+05,9.978510032808e-01,9.791181878352e-01,8.382485535481e-01,5.279265866644e-01
1.096562427380e+05,9.978714738086e-01,9.793115021597e-01,8.394022160021e-01,5.288354453836e-01
1.117824553122e+05,9.978917499613e-01,9.795030844657e-01,8.405505676885e-01,5.297499303140e-01
1.139498947221e+05,9.979118335731e-01,9.796929492020e-01,8.416935895196e-01,5.306700484849e-01
1.161593603479e+05,9.979317264605e-01,9.798811107168e-01,8.428312631379e-01,5.315958064244e-01
1.184116670695e+05,9.979514304237e-01,9.800675832581e-01,8.439635709118e-01,5.325272101516e-01
1.207076455671e+05,9.979709472456e-01,9.802523809738e-01,8.450904959311e-01,5.334642651685e-01
1.230481426277e+05,9.979902786929e-01,9.804355179124e-01,8.462120220024e-01,5.344069764523e-01
1.254340214573e+05,9.980094265154e-01,9.806170080230e-01,8.473281336444e-01,5.353553484473e-01
1.278661619994e+05,9.980283924471e-01,9.807968651559e-01,8.484388160829e-01,5.363093850575e-01
1.303454612592e+05,9.980471782054e-01,9.809751030625e-01,8.495440552457e-01,5.372690896382e-01
1.328728336348e+05,9.980657854918e-01,9.811517353964e-01,8.506438377578e-01,5.382344649887e-01
1.354492112545e+05,9.980842159920e-01,9.813267757131e-01,8.517381509357e-01,5.392055133443e-01
1.380755443199e+05,9.981024713760e-01,9.815002374707e-01,8.528269827819e-01,5.401822363687e-01
1.407528014572e+05,9.981205532980e-01,9.816721340301e-01,8.539103219802e-01,5.411646351464e-01
1.434819700739e+05,9.981384633969e-01,9.818424786556e-01,8.549881578889e-01,5.421527101749e-01
1.462640567233e+05,9.981562032963e-01,9.820112845149e-01,8.560604805360e-01,5.431464613572e-01
1.491000874753e+05,9.981737746047e-01,9.821785646802e-01,8.571272806130e-01,5.441458879943e-01
1.519911082953e+05,9.981911789153e-01,9.823443321276e-01,8.581885494687e-01,5.451509887780e-01
1.549381854297e+05,9.982084178068e-01,9.825085997385e-01,8.592442791036e-01,5.461617617830e-01
1.579424057993e+05,9.982254928427e-01,9.826713802993e-01,8.602944621636e-01,5.471782044600e-01
1.610048773998e+05,9.982424055723e-01,9.828326865021e-01,8.613390919337e-01,5.482003136282e-01
1.641267297110e+05,9.982591575301e-01,9.829925309452e-01,8.623781623317e-01,5.492280854685e-01
1.673091141130e+05,9.982757502364e-01,9.831509261332e-01,8.634116679020e-01,5.502615155159e-01
1.705532043109e+05,9.982921851973e-01,9.833078844777e-01,8.644396038088e-01,5.513005986527e-01
1.738601967677e+05,9.983084639048e-01,9.834634182977e-01,8.654619658298e-01,5.523453291019e-01
1.772313111455e+05,9.983245878367e-01,9.836175398198e-01,8.664787503497e-01,5.533957004199e-01
1.806677907557e+05,9.983405584573e-01,9.837702611791e-01,8.674899543533e-01,5.544517054900e-01
1.841709030169e+05,9.983563772169e-01,9.839215944191e-01,8.684955754188e-01,5.555133365157e-01
1.877419399229e+05,9.983720455526e-01,9.840715514924e-01,8.694956117111e-01,5.565805850144e-01
1.913822185190e+05,9.983875648876e-01,9.842201442612e-01,8.704900619749e-01,5.576534418108e-01
1.950930813876e+05,9.984029366320e-01,9.843673844977e-01,8.714789255278e-01,5.587318970305e-01
1.988758971437e+05,9.984181621826e-01,9.845132838844e-01,8.724622022534e-01,5.598159400942e-01
2.027320609393e+05,9.984332429233e-01,9.846578540148e-01,8.734398925942e-01,5.609055597113e-01
2.066629949782e+05,9.984481802248e-01,9.848011063937e-01,8.744119975448e-01,5.620007438743e-01
2.106701490405e+05,9.984629754451e-01,9.849430524375e-01,8.753785186446e-01,5.631014798527e-01
2.147550010171e+05,9.984776299293e-01,9.850837034752e-01,8.763394579707e-01,5.642077541878e-01
2.189190574550e+05,9.984921450100e-01,9.852230707482e-01,8.772948181311e-01,5.653195526867e-01
2.231638541128e+05,9.985065220073e-01,9.853611654112e-01,8.782446022570e-01,5.664368604175e-01
2.274909565273e+05,9.985207622289e-01,9.854979985325e-01,8.791888139962e-01,5.675596617036e-01
2.319019605906e+05,9.985348669703e-01,9.856335810944e-01,8.801274575054e-01,5.686879401193e-01
2.363984931388e+05,9.985488375146e-01,9.857679239940e-01,8.810605374433e-01,5.698216784843e-01
2.409822125521e+05,9.985626751332e-01,9.859010380433e-01,8.819880589632e-01,5.709608588594e-01
2.456548093664e+05,9.985763810852e-01,9.860329339697e-01,8.829100277057e-01,5.721054625419e-01
2.504180068966e+05,9.985899566182e-01,9.861636224168e-01,8.838264497917e-01,5.732554700613e-01
2.552735618725e+05,9.986034029678e-01,9.862931139445e-01,8.847373318149e-01,5.744108611750e-01
2.602232650864e+05,9.986167213582e-01,9.864214190297e-01,8.856426808346e-01,5.755716148646e-01
2.652689420539e+05,9.986299130021e-01,9.865485480666e-01,8.865425043683e-01,5.767377093320e-01
2.704124536867e+05,9.986429791006e-01,9.866745113675e-01,8.874368103848e-01,5.779091219957e-01
2.756556969794e+05,9.986559208437e-01,9.867993191627e-01,8.883256072965e-01,5.790858294876e-01
2.810006057090e+05,9.986687394102e-01,9.869229816018e-01,8.892089039522e-01,5.802678076498e-01
2.864491511478e+05,9.986814359678e-01,9.870455087534e-01,8.900867096302e-01,5.814550315315e-01
2.920033427910e+05,9.986940116730e-01,9.871669106059e-01,8.909590340306e-01,5.826474753865e-01
2.976652290972e+05,9.987064676718e-01,9.872871970680e-01,8.918258872684e-01,5.838451126707e-01
3.034368982443e+05,9.987188050992e-01,9.874063779694e-01,8.926872798662e-01,5.850479160394e-01
3.093204788997e+05,9.987310250795e-01,9.875244630607e-01,8.935432227467e-01,5.862558573455e-01
3.153181410051e+05,9.987431287265e-01,9.876414620144e-01,8.943937272261e-01,5.874689076379e-01
3.214320965769e+05,9.987551171435e-01,9.877573844252e-01,8.952388050064e-01,5.886870371593e-01
3.276646005221e+05,9.987669914235e-01,9.878722398103e-01,8.960784681686e-01,5.899102153455e-01
3.340179514700e+05,9.987787526490e-01,9.879860376104e-01,8.969127291655e-01,5.911384108237e-01
3.404944926198e+05,9.987904018925e-01,9.880987871895e-01,8.977416008144e-01,5.923715914121e-01
3.470966126046e+05,9.988019402164e-01,9.882104978359e-01,8.985650962906e-01,5.936097241188e-01
3.538267463731e+05,9.988133686729e-01,9.883211787625e-01,8.993832291196e-01,5.948527751417e-01
3.606873760868e+05,9.988246883045e-01,9.884308391072e-01,9.001960131710e-01,5.961007098685e-01
3.676810320359e+05,9.988359001437e-01,9.885394879335e-01,9.010034626506e-01,5.973534928767e-01
3.748102935725e+05,9.988470052136e-01,9.886471342311e-01,9.018055920945e-01,5.986110879337e-01
3.820777900618e+05,9.988580045272e-01,9.887537869159e-01,9.026024163613e-01,5.998734579980e-01
3.894862018518e+05,9.988688990882e-01,9.888594548311e-01,9.033939506258e-01,6.011405652199e-01
3.970382612619e+05,9.988796898910e-01,9.889641467472e-01,9.041802103720e-01,6.024123709426e-01
4.047367535907e+05,9.988903779204e-01,9.890678713628e-01,9.049612113867e-01,6.036888357038e-01
4.125845181432e+05,9.989009641518e-01,9.891706373046e-01,9.057369697520e-01,6.049699192377e-01
4.205844492778e+05,9.989114495517e-01,9.892724531287e-01,9.065075018396e-01,6.062555804764e-01
4.287394974742e+05,9.989218350774e-01,9.893733273202e-01,9.072728243036e-01,6.075457775528e-01
4.370526704210e+05,9.989321216771e-01,9.894732682942e-01,9.080329540738e-01,6.088404678032e-01
4.455270341254e+05,9.989423102900e-01,9.895722843960e-01,9.087879083497e-01,6.101396077697e-01
4.541657140441e+05,9.989524018466e-01,9.896703839020e-01,9.095377045937e-01,6.114431532040e-01
4.629718962354e+05,9.989623972686e-01,9.897675750195e-01,9.102823605247e-01,6.127510590702e-01
4.719488285348e+05,9.989722974688e-01,9.898638658877e-01,9.110218941117e-01,6.140632795493e-01
4.810998217527e+05,9.989821033516e-01,9.899592645780e-01,9.117563235677e-01,6.153797680426e-01
4.904282508955e+05,9.989918158129e-01,9.900537790945e-01,9.124856673433e-01,6.167004771763e-01
4.999375564102e+05,9.990014357399e-01,9.901474173745e-01,9.132099441202e-01,6.180253588063e-01
5.096312454533e+05,9.990109640116e-01,9.902401872886e-01,9.139291728057e-01,6.193543640228e-01
5.195128931847e+05,9.990204014988e-01,9.903320966418e-01,9.146433725261e-01,6.206874431557e-01
5.295861440854e+05,9.990297490637e-01,9.904231531735e-01,9.153525626206e-01,6.220245457801e-01
5.398547133028e+05,9.990390075608e-01,9.905133645580e-01,9.160567626358e-01,6.233656207221e-01
5.503223880196e+05,9.990481778362e-01,9.906027384052e-01,9.167559923194e-01,6.247106160648e-01
5.609930288518e+05,9.990572607283e-01,9.906912822607e-01,9.174502716145e-01,6.260594791549e-01
5.718705712715e+05,9.990662570672e-01,9.907790036067e-01,9.181396206536e-01,6.274121566092e-01
5.829590270591e+05,9.990751676756e-01,9.908659098621e-01,9.188240597531e-01,6.287685943217e-01
5.942624857826e+05,9.990839933680e-01,9.909520083829e-01,9.195036094076e-01,6.301287374708e-01
6.057851163059e+05,9.990927349516e-01,9.910373064631e-01,9.201782902841e-01,6.314925305267e-01
6.175311683261e+05,9.991013932256e-01,9.911218113346e-01,9.208481232164e-01,6.328599172598e-01
6.295049739413e+05,9.991099689819e-01,9.912055301682e-01,9.215131292002e-01,6.342308407482e-01
6.417109492482e+05,9.991184630049e-01,9.912884700735e-01,9.221733293867e-01,6.356052433865e-01
6.541535959704e+05,9.991268760714e-01,9.913706380997e-01,9.228287450781e-01,6.369830668943e-01
6.668375031194e+05,9.991352089510e-01,9.914520412358e-01,9.234793977219e-01,6.383642523255e-01
6.797673486865e+05,9.991434624060e-01,9.915326864116e-01,9.241253089057e-01,6.397487400772e-01
6.929479013682e+05,9.991516371916e-01,9.916125804971e-01,9.247665003519e-01,6.411364698994e-01
7.063840223254e+05,9.991597340556e-01,9.916917303042e-01,9.254029939129e-01,6.425273809050e-01
7.200806669757e+05,9.991677537389e-01,9.917701425860e-01,9.260348115658e-01,6.439214115797e-01
7.340428868213e+05,9.991756969754e-01,9.918478240379e-01,9.266619754076e-01,6.453184997924e-01
7.482758313120e+05,9.991835644921e-01,9.919247812980e-01,9.272845076499e-01,6.467185828056e-01
7.627847497444e+05,9.991913570088e-01,9.920010209471e-01,9.279024306146e-01,6.481215972869e-01
7.775749931979e+05,9.991990752390e-01,9.920765495097e-01,9.285157667287e-01,6.495274793196e-01
7.926520165085e+05,9.992067198890e-01,9.921513734540e-01,9.291245385197e-01,6.509361644141e-01
8.080213802799e+05,9.992142916586e-01,9.922254991923e-01,9.297287686110e-01,6.523475875201e-01
8.236887529352e+05,9.992217912411e-01,9.922989330820e-01,9.303284797172e-01,6.537616830379e-01
8.396599128069e+05,9.992292193230e-01,9.923716814251e-01,9.309236946396e-01,6.551783848306e-01
8.559407502683e+05,9.992365765844e-01,9.924437504695e-01,9.315144362618e-01,6.565976262370e-01
8.725372699058e+05,9.992438636990e-01,9.925151464090e-01,9.321007275453e-01,6.580193400836e-01
8.894555927335e+05,9.992510813342e-01,9.925858753835e-01,9.326825915249e-01,6.594434586978e-01
9.067019584508e+05,9.992582301507e-01,9.926559434798e-01,9.332600513049e-01,6.608699139207e-01
9.242827277436e+05,9.992653108034e-01,9.927253567320e-01,9.338331300544e-01,6.622986371207e-01
9.422043846302e+05,9.992723239409e-01,9.927941211216e-01,9.344018510034e-01,6.637295592065e-01
9.604735388527e+05,9.992792702053e-01,9.928622425781e-01,9.349662374390e-01,6.651626106414e-01
9.790969283150e+05,9.992861502331e-01,9.929297269795e-01,9.355263127007e-01,6.665977214567e-01
9.980814215672e+05,9.992929646544e-01,9.929965801524e-01,9.360821001770e-01,6.680348212657e-01
1.017434020340e+06,9.992997140936e-01,9.930628078727e-01,9.366336233013e-01,6.694738392787e-01
1.037161862124e+06,9.993063991691e-01,9.931284158660e-01,9.371809055482e-01,6.709147043164e-01
1.057272222808e+06,9.993130204933e-01,9.931934098075e-01,9.377239704295e-01,6.723573448254e-01
1.077772519356e+06,9.993195786729e-01,9.932577953231e-01,9.382628414907e-01,6.738016888926e-01
1.098670312546e+06,9.993260743089e-01,9.933215779893e-01,9.387975423073e-01,6.752476642600e-01
1.119973309759e+06,9.993325079965e-01,9.933847633338e-01,9.393280964813e-01,6.766951983402e-01
1.141689367819e+06,9.993388803255e-01,9.934473568359e-01,9.398545276374e-01,6.781442182311e-01
1.163826495894e+06,9.993451918797e-01,9.935093639265e-01,9.403768594198e-01,6.795946507320e-01
1.186392858446e+06,9.993514432377e-01,9.935707899892e-01,9.408951154888e-01,6.810464223583e-01
1.209396778246e+06,9.993576349724e-01,9.936316403599e-01,9.414093195175e-01,6.824994593579e-01
1.232846739442e+06,9.993637676515e-01,9.936919203279e-01,9.419194951881e-01,6.839536877265e-01
1.256751390687e+06,9.993698418372e-01,9.937516351355e-01,9.424256661892e-01,6.854090332233e-01
1.281119548329e+06,9.993758580862e-01,9.938107899792e-01,9.429278562126e-01,6.868654213876e-01
1.305960199665e+06,9.993818169503e-01,9.938693900093e-01,9.434260889497e-01,6.883227775544e-01
1.331282506253e+06,9.993877189756e-01,9.939274403310e-01,9.439203880889e-01,6.897810268704e-01
1.357095807292e+06,9.993935647034e-01,9.939849460041e-01,9.444107773128e-01,6.912400943108e-01
1.383409623065e+06,9.993993546697e-01,9.940419120437e-01,9.448972802945e-01,6.926999046950e-01
1.410233658454e+06,9.994050894055e-01,9.940983434206e-01,9.453799206956e-01,6.941603827034e-01
1.437577806514e+06,9.994107694366e-01,9.941542450615e-01,9.458587221627e-01,6.956214528935e-01
1.465452152126e+06,9.994163952840e-01,9.942096218496e-01,9.463337083252e-01,6.970830397166e-01
1.493866975714e+06,9.994219674637e-01,9.942644786245e-01,9.468049027921e-01,6.985450675342e-01
1.522832757037e+06,9.994274864866e-01,9.943188201831e-01,9.472723291496e-01,7.000074606344e-01
1.552360179057e+06,9.994329528592e-01,9.943726512796e-01,9.477360109585e-01,7.014701432486e-01
1.582460131873e+06,9.994383670826e-01,9.944259766257e-01,9.481959717518e-01,7.029330395682e-01
1.613143716742e+06,9.994437296538e-01,9.944788008917e-01,9.486522350317e-01,7.043960737609e-01
1.644422250174e+06,9.994490410645e-01,9.945311287057e-01,9.491048242678e-01,7.058591699873e-01
1.676307268102e+06,9.994543018020e-01,9.945829646551e-01,9.495537628942e-01,7.073222524177e-01
1.708810530138e+06,9.994595123491e-01,9.946343132861e-01,9.499990743076e-01,7.087852452485e-01
1.741944023912e+06,9.994646731838e-01,9.946851791044e-01,9.504407818645e-01,7.102480727186e-01
1.775719969491e+06,9.994697847796e-01,9.947355665756e-01,9.508789088796e-01,7.117106591260e-01
1.810150823888e+06,9.994748476055e-01,9.947854801251e-01,9.513134786230e-01,7.131729288445e-01
1.845249285652e+06,9.994798621262e-01,9.948349241391e-01,9.517445143184e-01,7.146348063394e-01
1.881028299556e+06,9.994848288018e-01,9.948839029642e-01,9.521720391412e-01,7.160962161848e-01
1.917501061371e+06,9.994897480881e-01,9.949324209085e-01,9.525960762158e-01,7.175570830788e-01
1.954681022729e+06,9.994946204365e-01,9.949804822411e-01,9.530166486145e-01,7.190173318607e-01
1.992581896088e+06,9.994994462944e-01,9.950280911931e-01,9.534337793547e-01,7.204768875264e-01
2.031217659787e+06,9.995042261045e-01,9.950752519576e-01,9.538474913976e-01,7.219356752447e-01
2.070602563203e+06,9.995089603057e-01,9.951219686899e-01,9.542578076462e-01,7.233936203735e-01
2.110751132004e+06,9.995136493325e-01,9.951682455082e-01,9.546647509432e-01,7.248506484750e-01
2.151678173509e+06,9.995182936153e-01,9.952140864935e-01,9.550683440698e-01,7.263066853321e-01
2.193398782148e+06,9.995228935804e-01,9.952594956904e-01,9.554686097434e-01,7.277616569633e-01
2.235928345028e+06,9.995274496502e-01,9.953044771067e-01,9.558655706164e-01,7.292154896391e-01
2.279282547612e+06,9.995319622430e-01,9.953490347144e-01,9.562592492742e-01,7.306681098963e-01
2.323477379496e+06,9.995364317730e-01,9.953931724497e-01,9.566496682339e-01,7.321194445540e-01
2.368529140314e+06,9.995408586506e-01,9.954368942133e-01,9.570368499426e-01,7.335694207283e-01
2.414454445748e+06,9.995452432823e-01,9.954802038705e-01,9.574208167760e-01,7.350179658475e-01
2.461270233651e+06,9.995495860707e-01,9.955231052521e-01,9.578015910368e-01,7.364650076664e-01
2.508993770302e+06,9.995538874146e-01,9.955656021540e-01,9.581791949535e-01,7.379104742813e-01
2.557642656765e+06,9.995581477089e-01,9.956076983380e-01,9.585536506787e-01,7.393542941441e-01
2.607234835389e+06,9.995623673449e-01,9.956493975318e-01,9.589249802881e-01,7.407963960771e-01
2.657788596419e+06,9.995665467102e-01,9.956907034293e-01,9.592932057789e-01,7.422367092862e-01
2.709322584746e+06,9.995706861884e-01,9.957316196912e-01,9.596583490688e-01,7.436751633757e-01
2.761855806780e+06,9.995747861600e-01,9.957721499449e-01,9.600204319946e-01,7.451116883612e-01
2.815407637463e+06,9.995788470012e-01,9.958122977849e-01,9.603794763111e-01,7.465462146836e-01
2.869997827412e+06,9.995828690853e-01,9.958520667733e-01,9.607355036899e-01,7.479786732222e-01
2.925646510206e+06,9.995868527816e-01,9.958914604397e-01,9.610885357181e-01,7.494089953077e-01
2.982374209809e+06,9.995907984561e-01,9.959304822817e-01,9.614385938978e-01,7.508371127352e-01
3.040201848140e+06,9.995947064712e-01,9.959691357654e-01,9.617856996444e-01,7.522629577768e-01
3.099150752791e+06,9.995985771859e-01,9.960074243250e-01,9.621298742859e-01,7.536864631937e-01
3.159242664892e+06,9.996024109557e-01,9.960453513639e-01,9.624711390618e-01,7.551075622489e-01
3.220499747127e+06,9.996062081330e-01,9.960829202543e-01,9.628095151225e-01,7.565261887190e-01
3.282944591912e+06,9.996099690666e-01,9.961201343377e-01,9.631450235277e-01,7.579422769056e-01
3.346600229725e+06,9.996136941019e-01,9.961569969254e-01,9.634776852464e-01,7.593557616472e-01
3.411490137600e+06,9.996173835813e-01,9.961935112985e-01,9.638075211554e-01,7.607665783301e-01
3.477638247786e+06,9.996210378438e-01,9.962296807079e-01,9.641345520385e-01,7.621746628997e-01
3.545068956574e+06,9.996246572251e-01,9.962655083754e-01,9.644587985862e-01,7.635799518709e-01
3.613807133294e+06,9.996282420578e-01,9.963009974930e-01,9.647802813945e-01,7.649823823388e-01
3.683878129488e+06,9.996317926713e-01,9.963361512237e-01,9.650990209642e-01,7.663818919891e-01
3.755307788257e+06,9.996353093919e-01,9.963709727016e-01,9.654150377006e-01,7.677784191075e-01
3.828122453796e+06,9.996387925428e-01,9.964054650324e-01,9.657283519123e-01,7.691719025902e-01
3.902348981110e+06,9.996422424440e-01,9.964396312932e-01,9.660389838108e-01,7.705622819526e-01
3.978014745916e+06,9.996456594128e-01,9.964734745330e-01,9.663469535102e-01,7.719494973390e-01
4.055147654739e+06,9.996490437629e-01,9.965069977730e-01,9.666522810261e-01,7.733334895311e-01
4.133776155209e+06,9.996523958056e-01,9.965402040067e-01,9.669549862752e-01,7.747141999571e-01
4.213929246548e+06,9.996557158490e-01,9.965730962003e-01,9.672550890749e-01,7.760915706998e-01
4.295636490267e+06,9.996590041981e-01,9.966056772928e-01,9.675526091429e-01,7.774655445046e-01
4.378928021070e+06,9.996622611552e-01,9.966379501961e-01,9.678475660962e-01,7.788360647878e-01
4.463834557965e+06,9.996654870197e-01,9.966699177958e-01,9.681399794513e-01,7.802030756434e-01
4.550387415597e+06,9.996686820882e-01,9.967015829506e-01,9.684298686233e-01,7.815665218512e-01
4.638618515796e+06,9.996718466543e-01,9.967329484935e-01,9.687172529257e-01,7.829263488833e-01
4.728560399348e+06,9.996749810090e-01,9.967640172310e-01,9.690021515700e-01,7.842825029110e-01
4.820246238000e+06,9.996780854404e-01,9.967947919441e-01,9.692845836653e-01,7.856349308110e-01
4.913709846692e+06,9.996811602338e-01,9.968252753884e-01,9.695645682179e-01,7.869835801721e-01
5.008985696028e+06,9.996842056721e-01,9.968554702939e-01,9.698421241312e-01,7.883283993005e-01
5.106108924992e+06,9.996872220351e-01,9.968853793656e-01,9.701172702052e-01,7.896693372261e-01
5.205115353905e+06,9.996902096002e-01,9.969150052838e-01,9.703900251363e-01,7.910063437070e-01
5.306041497635e+06,9.996931686421e-01,9.969443507040e-01,9.706604075170e-01,7.923393692354e-01
5.408924579070e+06,9.996960994328e-01,9.969734182572e-01,9.709284358359e-01,7.936683650420e-01
5.513802542838e+06,9.996990022419e-01,9.970022105504e-01,9.711941284772e-01,7.949932831003e-01
5.620714069308e+06,9.997018773362e-01,9.970307301665e-01,9.714575037205e-01,7.963140761315e-01
5.729698588854e+06,9.997047249801e-01,9.970589796646e-01,9.717185797410e-01,7.976306976078e-01
5.840796296396e+06,9.997075454356e-01,9.970869615802e-01,9.719773746088e-01,7.989431017565e-01
5.954048166226e+06,9.997103389618e-01,9.971146784255e-01,9.722339062895e-01,8.002512435635e-01
6.069495967119e+06,9.997131058158e-01,9.971421326895e-01,9.724881926433e-01,8.015550787761e-01
6.187182277739e+06,9.997158462519e-01,9.971693268382e-01,9.727402514254e-01,8.028545639064e-01
6.307150502339e+06,9.997185605222e-01,9.971962633149e-01,9.729901002857e-01,8.041496562334e-01
6.429444886776e+06,9.997212488764e-01,9.972229445404e-01,9.732377567689e-01,8.054403138059e-01
6.554110534823e+06,9.997239115616e-01,9.972493729131e-01,9.734832383144e-01,8.067264954443e-01
6.681193424805e+06,9.997265488227e-01,9.972755508093e-01,9.737265622563e-01,8.080081607426e-01
6.810740426559e+06,9.997291609024e-01,9.973014805831e-01,9.739677458230e-01,8.092852700699e-01
6.942799318719e+06,9.997317480408e-01,9.973271645673e-01,9.742068061380e-01,8.105577845721e-01
7.077418806336e+06,9.997343104759e-01,9.973526050727e-01,9.744437602192e-01,8.118256661723e-01
7.214648538844e+06,9.997368484434e-01,9.973778043890e-01,9.746786249792e-01,8.130888775725e-01
7.354539128368e+06,9.997393621768e-01,9.974027647846e-01,9.749114172254e-01,8.143473822537e-01
7.497142168392e+06,9.997418519073e-01,9.974274885070e-01,9.751421536600e-01,8.156011444764e-01
7.642510252787e+06,9.997443178638e-01,9.974519777827e-01,9.753708508800e-01,8.168501292808e-01
7.790696995211e+06,9.997467602733e-01,9.974762348178e-01,9.755975253774e-01,8.180943024866e-01
7.941757048877e+06,9.997491793604e-01,9.975002617979e-01,9.758221935394e-01,8.193336306928e-01
8.095746126715e+06,9.997515753476e-01,9.975240608884e-01,9.760448716483e-01,8.205680812769e-01
8.252721021917e+06,9.997539484554e-01,9.975476342345e-01,9.762655758816e-01,8.217976223946e-01
8.412739628882e+06,9.997562989021e-01,9.975709839615e-01,9.764843223124e-01,8.230222229781e-01
8.575860964573e+06,9.997586269039e-01,9.975941121752e-01,9.767011269094e-01,8.242418527355e-01
8.742145190277e+06,9.997609326750e-01,9.976170209618e-01,9.769160055371e-01,8.254564821492e-01
8.911653633797e+06,9.997632164275e-01,9.976397123879e-01,9.771289739559e-01,8.266660824739e-01
9.084448812073e+06,9.997654783716e-01,9.976621885012e-01,9.773400478222e-01,8.278706257352e-01
9.260594454231e+06,9.997677187153e-01,9.976844513303e-01,9.775492426891e-01,8.290700847273e-01
9.440155525095e+06,9.997699376648e-01,9.977065028850e-01,9.777565740059e-01,8.302644330108e-01
9.623198249143e+06,9.997721354242e-01,9.977283451564e-01,9.779620571190e-01,8.314536449102e-01
9.809790134933e+06,9.997743121958e-01,9.977499801170e-01,9.781657072714e-01,8.326376955113e-01
1.000000000000e+07,9.997764681799e-01,9.977714097211e-01,9.783675396037e-01,8.338165606582e-01
