omega,r0,r1,r2,r3,r4,r5
1.000000000000e-03,9.996825900841e-01,9.999365099552e-01,6.681786379193e-01,1.666662037063e-03,1.666666620370e-04,1.666666666199e-05
1.018090604054e-03,9.996768488755e-01,9.999353614192e-01,6.681786379193e-01,1.696812787991e-03,1.696817624569e-04,1.696817672932e-05
1.036508478063e-03,9.996710038389e-01,9.999341921068e-01,6.681786379193e-01,1.727508974707e-03,1.727514078551e-04,1.727514129584e-05
1.055259542539e-03,9.996650530972e-01,9.999330016423e-01,6.681786379193e-01,1.758760463949e-03,1.758765849827e-04,1.758765903685e-05
1.074349825097e-03,9.996589947393e-01,9.999317896430e-01,6.681786379193e-01,1.790577300920e-03,1.790582984418e-04,1.790583041253e-05
1.093785462399e-03,9.996528268199e-01,9.999305557194e-01,6.681786379193e-01,1.822969712518e-03,1.822975710082e-04,1.822975770052e-05
1.113572702119e-03,9.996465473582e-01,9.999292994750e-01,6.681786379193e-01,1.855948110616e-03,1.855954439602e-04,1.855954502885e-05
1.133717904959e-03,9.996401543379e-01,9.999280205060e-01,6.681786379193e-01,1.889523095414e-03,1.889529774135e-04,1.889529840918e-05
1.154227546686e-03,9.996336457060e-01,9.999267184013e-01,6.681786379193e-01,1.923705458838e-03,1.923712506620e-04,1.923712577094e-05
1.175108220222e-03,9.996270193726e-01,9.999253927426e-01,6.681786379193e-01,1.958506188008e-03,1.958513625246e-04,1.958513699613e-05
1.196366637755e-03,9.996202732100e-01,9.999240431037e-01,6.681786379193e-01,1.993936468768e-03,1.993944316982e-04,1.993944395460e-05
1.218009632902e-03,9.996134050520e-01,9.999226690508e-01,6.681786379193e-01,2.030007689280e-03,2.030015971179e-04,2.030016054001e-05
1.240044162905e-03,9.996064126935e-01,9.999212701425e-01,6.681786379193e-01,2.066731443677e-03,2.066740183228e-04,2.066740270618e-05
1.262477310866e-03,9.995992938893e-01,9.999198459292e-01,6.681786379193e-01,2.104119535793e-03,2.104128758285e-04,2.104128850510e-05
1.285316288024e-03,9.995920463538e-01,9.999183959530e-01,6.681786379193e-01,2.142183982948e-03,2.142193715068e-04,2.142193812388e-05
1.308568436075e-03,9.995846677600e-01,9.999169197481e-01,6.681786379193e-01,2.180937019812e-03,2.180947289721e-04,2.180947392418e-05
1.332241229530e-03,9.995771557390e-01,9.999154168400e-01,6.681786379193e-01,2.220391102331e-03,2.220401939746e-04,2.220402048113e-05
1.356342278118e-03,9.995695078791e-01,9.999138867457e-01,6.681786379193e-01,2.260558911728e-03,2.260570348010e-04,2.260570462372e-05
1.380879329233e-03,9.995617217250e-01,9.999123289734e-01,6.681786379193e-01,2.301453358578e-03,2.301465426818e-04,2.301465547501e-05
1.405860270425e-03,9.995537947770e-01,9.999107430227e-01,6.681786379193e-01,2.343087586947e-03,2.343100322068e-04,2.343100449416e-05
1.431293131932e-03,9.995457244905e-01,9.999091283838e-01,6.681786379193e-01,2.385474978620e-03,2.385488417473e-04,2.385488551857e-05
1.457186089268e-03,9.995375082746e-01,9.999074845377e-01,6.681786379193e-01,2.428629157392e-03,2.428643338863e-04,2.428643480679e-05
1.483547465842e-03,9.995291434919e-01,9.999058109563e-01,6.681786379193e-01,2.472563993444e-03,2.472578958571e-04,2.472579108219e-05
1.510385735642e-03,9.995206274572e-01,9.999041071017e-01,6.681786379193e-01,2.517293607799e-03,2.517309399885e-04,2.517309557802e-05
1.537709525954e-03,9.995119574370e-01,9.999023724263e-01,6.681786379193e-01,2.562832376849e-03,2.562849041591e-04,2.562849208238e-05
1.565527620139e-03,9.995031306482e-01,9.999006063727e-01,6.681786379193e-01,2.609194936977e-03,2.609212522596e-04,2.609212698449e-05
1.593848960451e-03,9.994941442577e-01,9.998988083734e-01,6.681786379193e-01,2.656396189250e-03,2.656414746633e-04,2.656414932204e-05
1.622682650916e-03,9.994849953811e-01,9.998969778505e-01,6.681786379193e-01,2.704451304205e-03,2.704470887051e-04,2.704471082875e-05
1.652037960259e-03,9.994756810819e-01,9.998951142158e-01,6.681786379193e-01,2.753375726718e-03,2.753396391692e-04,2.753396598339e-05
1.681924324881e-03,9.994661983708e-01,9.998932168705e-01,6.681786379193e-01,2.803185180961e-03,2.803206987860e-04,2.803207205927e-05
1.712351351891e-03,9.994565442043e-01,9.998912852047e-01,6.681786379193e-01,2.853895675447e-03,2.853918687371e-04,2.853918917487e-05
1.743328822200e-03,9.994467154840e-01,9.998893185978e-01,6.681786379193e-01,2.905523508169e-03,2.905547791707e-04,2.905548034545e-05
1.774866693659e-03,9.994367090557e-01,9.998873164178e-01,6.681786379193e-01,2.958085271831e-03,2.958110897250e-04,2.958111153503e-05
1.806975104262e-03,9.994265217082e-01,9.998852780213e-01,6.681786379193e-01,3.011597859169e-03,3.011624900619e-04,3.011625171034e-05
1.839664375409e-03,9.994161501723e-01,9.998832027533e-01,6.681786379193e-01,3.066078468374e-03,3.066107004103e-04,3.066107289468e-05
1.872945015217e-03,9.994055911197e-01,9.998810899469e-01,6.681786379193e-01,3.121544608608e-03,3.121574721189e-04,3.121575022317e-05
1.906827721903e-03,9.993948411624e-01,9.998789389232e-01,6.681786379193e-01,3.178014105624e-03,3.178045882189e-04,3.178046199963e-05
1.941323387219e-03,9.993838968509e-01,9.998767489910e-01,6.681786379193e-01,3.235505107481e-03,3.235538639980e-04,3.235538975307e-05
1.976443099959e-03,9.993727546735e-01,9.998745194465e-01,6.681786379193e-01,3.294036090366e-03,3.294071475828e-04,3.294071829688e-05
2.012198149516e-03,9.993614110552e-01,9.998722495734e-01,6.681786379193e-01,3.353625864521e-03,3.353663205337e-04,3.353663578756e-05
2.048600029517e-03,9.993498623566e-01,9.998699386422e-01,6.681786379193e-01,3.414293580276e-03,3.414332984496e-04,3.414333378543e-05
2.085660441516e-03,9.993381048724e-01,9.998675859105e-01,6.681786379193e-01,3.476058734190e-03,3.476100315833e-04,3.476100731660e-05
2.123391298755e-03,9.993261348306e-01,9.998651906221e-01,6.681786379193e-01,3.538941175300e-03,3.538985054688e-04,3.538985493491e-05
2.161804729993e-03,9.993139483911e-01,9.998627520075e-01,6.681786379193e-01,3.602961111492e-03,3.603007415591e-04,3.603007878643e-05
2.200913083406e-03,9.993015416446e-01,9.998602692831e-01,6.681786379193e-01,3.668139115970e-03,3.668187978765e-04,3.668188467400e-05
2.240728930555e-03,9.992889106111e-01,9.998577416510e-01,6.681786379193e-01,3.734496133859e-03,3.734547696739e-04,3.734548212379e-05
2.281265070430e-03,9.992760512389e-01,9.998551682992e-01,6.681786379193e-01,3.802053488918e-03,3.802107901083e-04,3.802108445217e-05
2.322534533562e-03,9.992629594033e-01,9.998525484008e-01,6.681786379193e-01,3.870832890368e-03,3.870890309263e-04,3.870890883463e-05
2.364550586211e-03,9.992496309051e-01,9.998498811140e-01,6.681786379193e-01,3.940856439857e-03,3.940917031627e-04,3.940917637566e-05
2.407326734632e-03,9.992360614694e-01,9.998471655817e-01,6.681786379193e-01,4.012146638536e-03,4.012210578508e-04,4.012211217929e-05
2.450876729417e-03,9.992222467441e-01,9.998444009315e-01,6.681786379193e-01,4.084726394274e-03,4.084793867459e-04,4.084794542210e-05
2.495214569915e-03,9.992081822988e-01,9.998415862750e-01,6.681786379193e-01,4.158619028990e-03,4.158690230624e-04,4.158690942668e-05
2.540354508729e-03,9.991938636230e-01,9.998387207080e-01,6.681786379193e-01,4.233848286129e-03,4.233923422237e-04,4.233924173623e-05
2.586311056304e-03,9.991792861251e-01,9.998358033096e-01,6.681786379193e-01,4.310438338263e-03,4.310517626254e-04,4.310518419165e-05
2.633098985584e-03,9.991644451304e-01,9.998328331426e-01,6.681786379193e-01,4.388413794836e-03,4.388497464129e-04,4.388498300853e-05
2.680733336768e-03,9.991493358802e-01,9.998298092526e-01,6.681786379193e-01,4.467799710036e-03,4.467888002732e-04,4.467888885693e-05
2.729229422138e-03,9.991339535299e-01,9.998267306681e-01,6.681786379193e-01,4.548621590825e-03,4.548714762397e-04,4.548715694148e-05
2.778602830987e-03,9.991182931475e-01,9.998235964001e-01,6.681786379193e-01,4.630905405096e-03,4.631003725137e-04,4.631004708380e-05
2.828869434626e-03,9.991023497122e-01,9.998204054415e-01,6.681786379193e-01,4.714677589989e-03,4.714781342986e-04,4.714782380562e-05
2.880045391489e-03,9.990861181126e-01,9.998171567671e-01,6.681786379193e-01,4.799965060348e-03,4.800074546509e-04,4.800075641421e-05
2.932147152324e-03,9.990695931452e-01,9.998138493332e-01,6.681786379193e-01,4.886795217333e-03,4.886910753452e-04,4.886911908868e-05
2.985191465485e-03,9.990527695127e-01,9.998104820772e-01,6.681786379193e-01,4.975195957184e-03,4.975317877562e-04,4.975319096820e-05
3.039195382313e-03,9.990356418225e-01,9.998070539174e-01,6.681786379193e-01,5.065195680144e-03,5.065324337552e-04,5.065325624190e-05
3.094176262618e-03,9.990182045846e-01,9.998035637523e-01,6.681786379193e-01,5.156823299542e-03,5.156959066243e-04,5.156960423977e-05
3.150151780259e-03,9.990004522101e-01,9.998000104607e-01,6.681786379193e-01,5.250108251033e-03,5.250251519858e-04,5.250252952621e-05
3.207139928826e-03,9.989823790094e-01,9.997963929010e-01,6.681786379193e-01,5.345080502008e-03,5.345231687496e-04,5.345233199433e-05
3.265159027424e-03,9.989639791906e-01,9.997927099112e-01,6.681786379193e-01,5.441770561175e-03,5.441930100767e-04,5.441931696258e-05
3.324227726563e-03,9.989452468573e-01,9.997889603080e-01,6.681786379193e-01,5.540209488299e-03,5.540377843609e-04,5.540379527265e-05
3.384365014150e-03,9.989261760067e-01,9.997851428869e-01,6.681786379193e-01,5.640428904131e-03,5.640606562276e-04,5.640608338973e-05
3.445590221596e-03,9.989067605282e-01,9.997812564216e-01,6.681786379193e-01,5.742461000502e-03,5.742648475515e-04,5.742650350389e-05
3.507923030028e-03,9.988869942009e-01,9.997772996635e-01,6.681786379193e-01,5.846338550601e-03,5.846536384916e-04,5.846538363397e-05
3.571383476617e-03,9.988668706920e-01,9.997732713416e-01,6.681786379193e-01,5.952094919441e-03,5.952303685463e-04,5.952305773273e-05
3.635991961018e-03,9.988463835546e-01,9.997691701619e-01,6.681786379193e-01,6.059764074500e-03,6.059984376262e-04,6.059986579434e-05
3.701769251928e-03,9.988255262258e-01,9.997649948069e-01,6.681786379193e-01,6.169380596563e-03,6.169613071470e-04,6.169615396391e-05
3.768736493765e-03,9.988042920242e-01,9.997607439355e-01,6.681786379193e-01,6.280979690750e-03,6.281225011425e-04,6.281227464822e-05
3.836915213458e-03,9.987826741487e-01,9.997564161821e-01,6.681786379193e-01,6.394597197740e-03,6.394856073971e-04,6.394858662941e-05
3.906327327374e-03,9.987606656751e-01,9.997520101567e-01,6.681786379193e-01,6.510269605198e-03,6.510542785987e-04,6.510545518019e-05
3.976995148359e-03,9.987382595551e-01,9.997475244439e-01,6.681786379193e-01,6.628034059400e-03,6.628322335134e-04,6.628325218142e-05
4.048941392914e-03,9.987154486132e-01,9.997429576029e-01,6.681786379193e-01,6.747928377067e-03,6.748232581801e-04,6.748235624117e-05
4.122189188491e-03,9.986922255449e-01,9.997383081668e-01,6.681786379193e-01,6.869991057412e-03,6.870312071282e-04,6.870315281722e-05
4.196762080937e-03,9.986685829143e-01,9.997335746422e-01,6.681786379193e-01,6.994261294387e-03,6.994600046158e-04,6.994603434001e-05
4.272684042052e-03,9.986445131516e-01,9.997287555088e-01,6.681786379193e-01,7.120778989166e-03,7.121136458915e-04,7.121140033975e-05
4.349979477306e-03,9.986200085507e-01,9.997238492187e-01,6.681786379193e-01,7.249584762833e-03,7.249961984786e-04,7.249965757396e-05
4.428673233673e-03,9.985950612672e-01,9.997188541961e-01,6.681786379193e-01,7.380719969297e-03,7.381118034820e-04,7.381122015908e-05
4.508790607629e-03,9.985696633152e-01,9.997137688366e-01,6.681786379193e-01,7.514226708443e-03,7.514646769197e-04,7.514650970276e-05
4.590357353274e-03,9.985438065655e-01,9.997085915071e-01,6.681786379193e-01,7.650147839505e-03,7.650591110779e-04,7.650595544012e-05
4.673399690620e-03,9.985174827424e-01,9.997033205446e-01,6.681786379193e-01,7.788526994679e-03,7.788994758902e-04,7.788999437106e-05
4.757944314009e-03,9.984906834217e-01,9.996979542565e-01,6.681786379193e-01,7.929408592972e-03,7.929902203425e-04,7.929907140149e-05
4.844018400706e-03,9.984634000274e-01,9.996924909192e-01,6.681786379193e-01,8.072837854304e-03,8.073358739029e-04,8.073363948557e-05
4.931649619624e-03,9.984356238295e-01,9.996869287781e-01,6.681786379193e-01,8.218860813841e-03,8.219410479775e-04,8.219415977176e-05
5.020866140226e-03,9.984073459410e-01,9.996812660471e-01,6.681786379193e-01,8.367524336594e-03,8.368104373927e-04,8.368110175109e-05
5.111696641578e-03,9.983785573152e-01,9.996755009076e-01,6.681786379193e-01,8.518876132267e-03,8.519488219038e-04,8.519494340793e-05
5.204170321566e-03,9.983492487428e-01,9.996696315082e-01,6.681786379193e-01,8.672964770366e-03,8.673610677315e-04,8.673617137358e-05
5.298316906284e-03,9.983194108490e-01,9.996636559641e-01,6.681786379193e-01,8.829839695570e-03,8.830521291260e-04,8.830528108277e-05
5.394166659589e-03,9.982890340906e-01,9.996575723563e-01,6.681786379193e-01,8.989551243371e-03,8.990270499592e-04,8.990277693318e-05
5.491750392829e-03,9.982581087528e-01,9.996513787314e-01,6.681786379193e-01,9.152150655988e-03,9.152909653457e-04,9.152917244695e-05
5.591099474750e-03,9.982266249464e-01,9.996450731005e-01,6.681786379193e-01,9.317690098558e-03,9.318491032932e-04,9.318499043669e-05
5.692245841575e-03,9.981945726046e-01,9.996386534389e-01,6.681786379193e-01,9.486222675604e-03,9.487067863834e-04,9.487076317235e-05
5.795222007274e-03,9.981619414797e-01,9.996321176851e-01,6.681786379193e-01,9.657802447789e-03,9.658694334816e-04,9.658703255348e-05
5.900061074014e-03,9.981287211400e-01,9.996254637407e-01,6.681786379193e-01,9.832484448969e-03,9.833425614792e-04,9.833435028271e-05
6.006796742799e-03,9.980949009668e-01,9.996186894692e-01,6.681786379193e-01,1.001032470353e-02,1.001131787066e-03,1.001132780432e-04
6.115463324307e-03,9.980604701503e-01,9.996117926954e-01,6.681786379193e-01,1.019138024402e-02,1.019242828537e-03,1.019243876795e-04
6.226095749914e-03,9.980254176870e-01,9.996047712051e-01,6.681786379193e-01,1.037570912910e-02,1.037681507627e-03,1.037682613812e-04
6.338729582929e-03,9.979897323758e-01,9.995976227440e-01,6.681786379193e-01,1.056337046181e-02,1.056453751385e-03,1.056454918697e-04
6.453401030020e-03,9.979534028147e-01,9.995903450169e-01,6.681786379193e-01,1.075442440810e-02,1.075565594077e-03,1.075566825894e-04
6.570146952857e-03,9.979164173971e-01,9.995829356874e-01,6.681786379193e-01,1.094893221574e-02,1.095023179126e-03,1.095024479012e-04
6.689004879959e-03,9.978787643081e-01,9.995753923767e-01,6.681786379193e-01,1.114695623352e-02,1.114832761086e-03,1.114834132804e-04
6.810013018759e-03,9.978404315211e-01,9.995677126634e-01,6.681786379193e-01,1.134855993076e-02,1.135000707653e-03,1.135002155171e-04
6.933210267885e-03,9.978014067935e-01,9.995598940818e-01,6.681786379193e-01,1.155380791723e-02,1.155533501710e-03,1.155535029218e-04
7.058636229665e-03,9.977616776636e-01,9.995519341223e-01,6.681786379193e-01,1.176276596326e-02,1.176437743412e-03,1.176439355329e-04
7.186331222858e-03,9.977212314460e-01,9.995438302295e-01,6.681786379193e-01,1.197550102039e-02,1.197720152304e-03,1.197721853294e-04
7.316336295613e-03,9.976800552281e-01,9.995355798021e-01,6.681786379193e-01,1.219208124218e-02,1.219387569485e-03,1.219389364470e-04
7.448693238664e-03,9.976381358657e-01,9.995271801919e-01,6.681786379193e-01,1.241257600546e-02,1.241446959801e-03,1.241448853978e-04
7.583444598765e-03,9.975954599794e-01,9.995186287026e-01,6.681786379193e-01,1.263705593199e-02,1.263905414090e-03,1.263907412937e-04
7.720633692368e-03,9.975520139497e-01,9.995099225895e-01,6.681786379193e-01,1.286559291034e-02,1.286770151453e-03,1.286772260755e-04
7.860304619544e-03,9.975077839135e-01,9.995010590582e-01,6.681786379193e-01,1.309826011826e-02,1.310048521579e-03,1.310050747440e-04
8.002502278161e-03,9.974627557594e-01,9.994920352640e-01,6.681786379193e-01,1.333513204536e-02,1.333748007107e-03,1.333750355967e-04
8.147272378318e-03,9.974169151232e-01,9.994828483107e-01,6.681786379193e-01,1.357628451621e-02,1.357876226025e-03,1.357878704682e-04
8.294661457035e-03,9.973702473837e-01,9.994734952498e-01,6.681786379193e-01,1.382179471374e-02,1.382440934125e-03,1.382443549752e-04
8.444716893218e-03,9.973227376579e-01,9.994639730798e-01,6.681786379193e-01,1.407174120315e-02,1.407450027491e-03,1.407452787655e-04
8.597486922882e-03,9.972743707965e-01,9.994542787448e-01,6.681786379193e-01,1.432620395606e-02,1.432911545036e-03,1.432914457726e-04
8.753020654665e-03,9.972251313794e-01,9.994444091339e-01,6.681786379193e-01,1.458526437522e-02,1.458833671087e-03,1.458836744731e-04
8.911368085606e-03,9.971750037103e-01,9.994343610799e-01,6.681786379193e-01,1.484900531948e-02,1.485224738014e-03,1.485227981504e-04
9.072580117224e-03,9.971239718125e-01,9.994241313586e-01,6.681786379193e-01,1.511751112924e-02,1.512093228907e-03,1.512096651630e-04
9.236708571874e-03,9.970720194235e-01,9.994137166875e-01,6.681786379193e-01,1.539086765228e-02,1.539447780300e-03,1.539451392162e-04
9.403806209411e-03,9.970191299904e-01,9.994031137250e-01,6.681786379193e-01,1.566916227004e-02,1.567297184951e-03,1.567300996401e-04
9.573926744148e-03,9.969652866640e-01,9.993923190690e-01,6.681786379193e-01,1.595248392430e-02,1.595650394662e-03,1.595654416730e-04
9.747124862119e-03,9.969104722944e-01,9.993813292563e-01,6.681786379193e-01,1.624092314423e-02,1.624516523155e-03,1.624520767480e-04
9.923456238666e-03,9.968546694253e-01,9.993701407610e-01,6.681786379193e-01,1.653457207398e-02,1.653904849005e-03,1.653909327869e-04
1.010297755633e-02,9.967978602886e-01,9.993587499935e-01,6.681786379193e-01,1.683352450060e-02,1.683824818617e-03,1.683829544979e-04
1.028574652307e-02,9.967400267989e-01,9.993471532999e-01,6.681786379193e-01,1.713787588246e-02,1.714286049259e-03,1.714291036798e-04
1.047182189082e-02,9.966811505483e-01,9.993353469598e-01,6.681786379193e-01,1.744772337808e-02,1.745298332159e-03,1.745303595306e-04
1.066126347437e-02,9.966212127999e-01,9.993233271861e-01,6.681786379193e-01,1.776316587541e-02,1.776871635642e-03,1.776877189627e-04
1.085413217060e-02,9.965601944830e-01,9.993110901233e-01,6.681786379193e-01,1.808430402158e-02,1.809016108338e-03,1.809021969232e-04
1.105048997805e-02,9.964980761864e-01,9.992986318463e-01,6.681786379193e-01,1.841124025305e-02,1.841742082439e-03,1.841748267203e-04
1.125040001685e-02,9.964348381530e-01,9.992859483592e-01,6.681786379193e-01,1.874407882631e-02,1.875060077021e-03,1.875066603550e-04
1.145392654901e-02,9.963704602733e-01,9.992730355941e-01,6.681786379193e-01,1.908292584891e-02,1.908980801420e-03,1.908987688599e-04
1.166113499907e-02,9.963049220797e-01,9.992598894098e-01,6.681786379193e-01,1.942788931109e-02,1.943515158672e-03,1.943522426432e-04
1.187209197516e-02,9.962382027396e-01,9.992465055903e-01,6.681786379193e-01,1.977907911777e-02,1.978674249019e-03,1.978681918390e-04
1.208686529038e-02,9.961702810495e-01,9.992328798437e-01,6.681786379193e-01,2.013660712104e-02,2.014469373471e-03,2.014477466646e-04
1.230552398460e-02,9.961011354285e-01,9.992190078006e-01,6.681786379193e-01,2.050058715318e-02,2.050912037435e-03,2.050920577833e-04
1.252813834668e-02,9.960307439112e-01,9.992048850129e-01,6.681786379193e-01,2.087113506003e-02,2.088013954413e-03,2.088022966745e-04
1.275477993705e-02,9.959590841416e-01,9.991905069524e-01,6.681786379193e-01,2.124836873496e-02,2.125787049762e-03,2.125796560110e-04
1.298552161069e-02,9.958861333659e-01,9.991758690091e-01,6.681786379193e-01,2.163240815323e-02,2.164243464526e-03,2.164253500408e-04
1.322043754058e-02,9.958118684255e-01,9.991609664901e-01,6.681786379193e-01,2.202337540689e-02,2.203395559332e-03,2.203406149788e-04
1.345960324155e-02,9.957362657502e-01,9.991457946178e-01,6.681786379193e-01,2.242139474009e-02,2.243255918363e-03,2.243267094039e-04
1.370309559452e-02,9.956593013510e-01,9.991303485286e-01,6.681786379193e-01,2.282659258491e-02,2.283837353395e-03,2.283849146628e-04
1.395099287124e-02,9.955809508124e-01,9.991146232710e-01,6.681786379193e-01,2.323909759769e-02,2.325152907914e-03,2.325165352832e-04
1.420337475944e-02,9.955011892855e-01,9.990986138047e-01,6.681786379193e-01,2.365904069580e-02,2.367215861305e-03,2.367228993918e-04
1.446032238844e-02,9.954199914801e-01,9.990823149983e-01,6.681786379193e-01,2.408655509485e-02,2.410039733112e-03,2.410053591422e-04
1.472191835527e-02,9.953373316572e-01,9.990657216280e-01,6.681786379193e-01,2.452177634650e-02,2.453638287383e-03,2.453652911491e-04
1.498824675115e-02,9.952531836212e-01,9.990488283760e-01,6.681786379193e-01,2.496484237660e-02,2.498025537086e-03,2.498040969308e-04
1.525939318859e-02,9.951675207116e-01,9.990316298285e-01,6.681786379193e-01,2.541589352388e-02,2.543215748609e-03,2.543232033601e-04
1.553544482887e-02,9.950803157957e-01,9.990141204746e-01,6.681786379193e-01,2.587507257911e-02,2.589223446339e-03,2.589240631224e-04
1.581649041007e-02,9.949915412597e-01,9.989962947037e-01,6.681786379193e-01,2.634252482467e-02,2.636063417328e-03,2.636081551833e-04
1.610262027561e-02,9.949011690005e-01,9.989781468044e-01,6.681786379193e-01,2.681839807464e-02,2.683750716033e-03,2.683769852633e-04
1.639392640325e-02,9.948091704176e-01,9.989596709626e-01,6.681786379193e-01,2.730284271528e-02,2.732300669156e-03,2.732320863225e-04
1.669050243470e-02,9.947155164042e-01,9.989408612592e-01,6.681786379193e-01,2.779601174601e-02,2.781728880556e-03,2.781750190528e-04
1.699244370571e-02,9.946201773384e-01,9.989217116687e-01,6.681786379193e-01,2.829806082077e-02,2.832051236263e-03,2.832073723802e-04
1.729984727671e-02,9.945231230746e-01,9.989022160573e-01,6.681786379193e-01,2.880914828988e-02,2.883283909573e-03,2.883307639749e-04
1.761281196399e-02,9.944243229340e-01,9.988823681806e-01,6.681786379193e-01,2.932943524226e-02,2.935443366237e-03,2.935468407716e-04
1.793143837151e-02,9.943237456959e-01,9.988621616819e-01,6.681786379193e-01,2.985908554807e-02,2.988546369748e-03,2.988572794992e-04
1.825582892321e-02,9.942213595882e-01,9.988415900901e-01,6.681786379193e-01,3.039826590178e-02,3.042609986720e-03,3.042637872191e-04
1.858608789594e-02,9.941171322779e-01,9.988206468177e-01,6.681786379193e-01,3.094714586558e-02,3.097651592358e-03,3.097681018748e-04
1.892232145298e-02,9.940110308611e-01,9.987993251586e-01,6.681786379193e-01,3.150589791320e-02,3.153688876039e-03,3.153719928495e-04
1.926463767817e-02,9.939030218542e-01,9.987776182862e-01,6.681786379193e-01,3.207469747405e-02,3.210739846984e-03,3.210772615361e-04
1.961314661065e-02,9.937930711826e-01,9.987555192512e-01,6.681786379193e-01,3.265372297773e-02,3.268822840034e-03,3.268857419150e-04
1.996796028024e-02,9.936811441720e-01,9.987330209790e-01,6.681786379193e-01,3.324315589882e-02,3.327956521533e-03,3.327993011446e-04
2.032919274344e-02,9.935672055368e-01,9.987101162681e-01,6.681786379193e-01,3.384318080202e-02,3.388159895314e-03,3.388198401612e-04
2.069696012010e-02,9.934512193709e-01,9.986867977874e-01,6.681786379193e-01,3.445398538753e-02,3.449452308791e-03,3.449492942895e-04
2.107138063076e-02,9.933331491361e-01,9.986630580741e-01,6.681786379193e-01,3.507576053668e-02,3.511853459168e-03,3.511896338656e-04
2.145257463463e-02,9.932129576518e-01,9.986388895311e-01,6.681786379193e-01,3.570870035783e-02,3.575383399751e-03,3.575428648699e-04
2.184066466828e-02,9.930906070843e-01,9.986142844249e-01,6.681786379193e-01,3.635300223242e-02,3.640062546378e-03,3.640110295718e-04
2.223577548508e-02,9.929660589350e-01,9.985892348831e-01,6.681786379193e-01,3.700886686123e-02,3.705911683966e-03,3.705962071864e-04
2.263803409521e-02,9.928392740298e-01,9.985637328916e-01,6.681786379193e-01,3.767649831075e-02,3.772951973171e-03,3.773005145427e-04
2.304756980660e-02,9.927102125073e-01,9.985377702927e-01,6.681786379193e-01,3.835610405968e-02,3.841204957172e-03,3.841261067643e-04
2.346451426638e-02,9.925788338071e-01,9.985113387818e-01,6.681786379193e-01,3.904789504550e-02,3.910692568574e-03,3.910751779619e-04
2.388900150329e-02,9.924450966583e-01,9.984844299056e-01,6.681786379193e-01,3.975208571103e-02,3.981437136437e-03,3.981499619387e-04
2.432116797074e-02,9.923089590673e-01,9.984570350586e-01,6.681786379193e-01,4.046889405103e-02,4.053461393432e-03,4.053527329084e-04
2.476115259063e-02,9.921703783053e-01,9.984291454812e-01,6.681786379193e-01,4.119854165868e-02,4.126788483119e-03,4.126858062262e-04
2.520909679807e-02,9.920293108967e-01,9.984007522561e-01,6.681786379193e-01,4.194125377204e-02,4.201441967368e-03,4.201515391330e-04
2.566514458681e-02,9.918857126057e-01,9.983718463065e-01,6.681786379193e-01,4.269725932029e-02,4.277445833898e-03,4.277523315134e-04
2.612944255552e-02,9.917395384242e-01,9.983424183923e-01,6.681786379193e-01,4.346679096973e-02,4.354824503967e-03,4.354906266670e-04
2.660213995495e-02,9.915907425584e-01,9.983124591080e-01,6.681786379193e-01,4.425008516962e-02,4.433602840183e-03,4.433689120934e-04
2.708338873587e-02,9.914392784159e-01,9.982819588790e-01,6.681786379193e-01,4.504738219755e-02,4.513806154471e-03,4.513897202925e-04
2.757334359793e-02,9.912850985923e-01,9.982509079595e-01,6.681786379193e-01,4.585892620456e-02,4.595460216174e-03,4.595556295779e-04
2.807216203941e-02,9.911281548576e-01,9.982192964285e-01,6.681786379193e-01,4.668496525964e-02,4.678591260298e-03,4.678692649061e-04
2.858000440781e-02,9.909683981425e-01,9.981871141874e-01,6.681786379193e-01,4.752575139382e-02,4.763225995912e-03,4.763332987199e-04
2.909703395142e-02,9.908057785246e-01,9.981543509565e-01,6.681786379193e-01,4.838154064357e-02,4.849391614690e-03,4.849504518078e-04
2.962341687178e-02,9.906402452139e-01,9.981209962721e-01,6.681786379193e-01,4.925259309349e-02,4.937115799611e-03,4.937234941782e-04
3.015932237714e-02,9.904717465387e-01,9.980870394829e-01,6.681786379193e-01,5.013917291825e-02,5.026426733816e-03,5.026552459503e-04
3.070492273681e-02,9.903002299311e-01,9.980524697468e-01,6.681786379193e-01,5.104154842361e-02,5.117353109616e-03,5.117485782600e-04
3.126039333655e-02,9.901256419120e-01,9.980172760277e-01,6.681786379193e-01,5.195999208650e-02,5.209924137670e-03,5.210064141832e-04
3.182591273498e-02,9.899479280760e-01,9.979814470917e-01,6.681786379193e-01,5.289478059391e-02,5.304169556320e-03,5.304317296752e-04
3.240166272093e-02,9.897670330767e-01,9.979449715041e-01,6.681786379193e-01,5.384619488073e-02,5.400119641097e-03,5.400275545273e-04
3.298782837191e-02,9.895829006106e-01,9.979078376254e-01,6.681786379193e-01,5.481452016613e-02,5.497805214393e-03,5.497969733410e-04
3.358459811360e-02,9.893954734021e-01,9.978700336081e-01,6.681786379193e-01,5.580004598860e-02,5.597257655312e-03,5.597431265188e-04
3.419216378039e-02,9.892046931871e-01,9.978315473924e-01,6.681786379193e-01,5.680306623935e-02,5.698508909687e-03,5.698692112742e-04
3.481072067709e-02,9.890105006972e-01,9.977923667034e-01,6.681786379193e-01,5.782387919408e-02,5.801591500284e-03,5.801784826592e-04
3.544046764170e-02,9.888128356433e-01,9.977524790464e-01,6.681786379193e-01,5.886278754281e-02,5.906538537184e-03,5.906742546109e-04
3.608160710930e-02,9.886116366992e-01,9.977118717036e-01,6.681786379193e-01,5.992009841775e-02,6.013383728351e-03,6.013599010163e-04
3.673434517715e-02,9.884068414844e-01,9.976705317299e-01,6.681786379193e-01,6.099612341907e-02,6.122161390383e-03,6.122388567964e-04
3.739889167094e-02,9.881983865476e-01,9.976284459491e-01,6.681786379193e-01,6.209117863820e-02,6.232906459467e-03,6.233146190113e-04
3.807546021222e-02,9.879862073493e-01,9.975856009498e-01,6.681786379193e-01,6.320558467874e-02,6.345654502510e-03,6.345907479838e-04
3.876426828710e-02,9.877702382442e-01,9.975419830809e-01,6.681786379193e-01,6.433966667463e-02,6.460441728487e-03,6.460708684433e-04
3.946553731613e-02,9.875504124637e-01,9.974975784481e-01,6.681786379193e-01,6.549375430545e-02,6.577304999975e-03,6.577586706918e-04
4.017949272550e-02,9.873266620979e-01,9.974523729091e-01,6.681786379193e-01,6.666818180862e-02,6.696281844899e-03,6.696579117890e-04
4.090636401950e-02,9.870989180773e-01,9.974063520694e-01,6.681786379193e-01,6.786328798824e-02,6.817410468487e-03,6.817724167610e-04
4.164638485427e-02,9.868671101547e-01,9.973595012781e-01,6.681786379193e-01,6.907941622054e-02,6.940729765430e-03,6.941060798289e-04
4.239979311295e-02,9.866311668865e-01,9.973118056228e-01,6.681786379193e-01,7.031691445543e-02,7.066279332269e-03,7.066628656610e-04
4.316683098214e-02,9.863910156136e-01,9.972632499261e-01,6.681786379193e-01,7.157613521409e-02,7.194099479982e-03,7.194468106471e-04
4.394774502971e-02,9.861465824425e-01,9.972138187398e-01,6.681786379193e-01,7.285743558231e-02,7.324231246818e-03,7.324620241953e-04
4.474278628411e-02,9.858977922260e-01,9.971634963409e-01,6.681786379193e-01,7.416117719930e-02,7.456716411331e-03,7.457126900535e-04
4.555221031506e-02,9.856445685436e-01,9.971122667269e-01,6.681786379193e-01,7.548772624162e-02,7.591597505668e-03,7.592030676542e-04
4.637627731566e-02,9.853868336815e-01,9.970601136104e-01,6.681786379193e-01,7.683745340212e-02,7.728917829073e-03,7.729374934829e-04
4.721525218608e-02,9.851245086129e-01,9.970070204145e-01,6.681786379193e-01,7.821073386337e-02,7.868721461637e-03,7.869203824722e-04
4.806940461870e-02,9.848575129775e-01,9.969529702679e-01,6.681786379193e-01,7.960794726543e-02,8.011053278290e-03,8.011562294214e-04
4.893900918477e-02,9.845857650609e-01,9.968979459994e-01,6.681786379193e-01,8.102947766753e-02,8.155958963033e-03,8.156496104404e-04
4.982434542274e-02,9.843091817743e-01,9.968419301331e-01,6.681786379193e-01,8.247571350337e-02,8.303485023428e-03,8.304051844204e-04
5.072569792804e-02,9.840276786328e-01,9.967849048828e-01,6.681786379193e-01,8.394704752966e-02,8.453678805333e-03,8.454276945325e-04
5.164335644463e-02,9.837411697349e-01,9.967268521470e-01,6.681786379193e-01,8.544387676760e-02,8.606588507899e-03,8.607219697506e-04
5.257761595809e-02,9.834495677407e-01,9.966677535032e-01,6.681786379193e-01,8.696660243674e-02,8.762263198832e-03,8.762929264051e-04
5.352877679050e-02,9.831527838502e-01,9.966075902025e-01,6.681786379193e-01,8.851562988106e-02,8.920752829915e-03,8.921455697613e-04
5.449714469692e-02,9.828507277815e-01,9.965463431637e-01,6.681786379193e-01,9.009136848671e-02,9.082108252803e-03,9.082849956296e-04
5.548303096372e-02,9.825433077489e-01,9.964839929682e-01,6.681786379193e-01,9.169423159097e-02,9.246381235097e-03,9.247163920025e-04
5.648675250860e-02,9.822304304401e-01,9.964205198536e-01,6.681786379193e-01,9.332463638210e-02,9.413624476690e-03,9.414450407223e-04
5.750863198254e-02,9.819120009938e-01,9.963559037080e-01,6.681786379193e-01,9.498300378960e-02,9.583891626402e-03,9.584763191782e-04
5.854899787343e-02,9.815879229773e-01,9.962901240644e-01,6.681786379193e-01,9.666975836430e-02,9.757237298899e-03,9.758157020354e-04
5.960818461173e-02,9.812580983630e-01,9.962231600940e-01,6.681786379193e-01,9.838532814799e-02,9.933717091910e-03,9.934687629938e-04
6.068653267793e-02,9.809224275054e-01,9.961549906005e-01,6.681786379193e-01,1.001301445320e-01,1.011338760374e-02,1.011441176580e-03
6.178438871202e-02,9.805808091179e-01,9.960855940137e-01,6.681786379193e-01,1.019046421040e-01,1.029630645106e-02,1.029738719970e-03
6.290210562494e-02,9.802331402487e-01,9.960149483832e-01,6.681786379193e-01,1.037092584835e-01,1.048253228708e-02,1.048367274848e-03
6.404004271197e-02,9.798793162576e-01,9.959430313718e-01,6.681786379193e-01,1.055444341434e-01,1.067212481991e-02,1.067332829293e-03
6.519856576829e-02,9.795192307917e-01,9.958698202491e-01,6.681786379193e-01,1.074106122200e-01,1.086514483136e-02,1.086641479708e-03
6.637804720650e-02,9.791527757611e-01,9.957952918850e-01,6.681786379193e-01,1.093082383083e-01,1.106165419597e-02,1.106299432775e-03
6.757886617640e-02,9.787798413149e-01,9.957194227425e-01,6.681786379193e-01,1.112377602433e-01,1.126171590043e-02,1.126313007452e-03
6.880140868682e-02,9.784003158165e-01,9.956421888715e-01,6.681786379193e-01,1.131996278669e-01,1.146539406328e-02,1.146688637003e-03
7.004606772975e-02,9.780140858188e-01,9.955635659011e-01,6.681786379193e-01,1.151942927790e-01,1.167275395499e-02,1.167432871067e-03
7.131324340659e-02,9.776210360397e-01,9.954835290334e-01,6.681786379193e-01,1.172222080731e-01,1.188386201832e-02,1.188552377758e-03
7.260334305688e-02,9.772210493368e-01,9.954020530357e-01,6.681786379193e-01,1.192838280550e-01,1.209878588909e-02,1.210053945814e-03
7.391678138913e-02,9.768140066825e-01,9.953191122336e-01,6.681786379193e-01,1.213796079451e-01,1.231759441726e-02,1.231944486776e-03
7.525398061420e-02,9.763997871388e-01,9.952346805033e-01,6.681786379193e-01,1.235100035622e-01,1.254035768837e-02,1.254231037208e-03
7.661537058099e-02,9.759782678316e-01,9.951487312648e-01,6.681786379193e-01,1.256754709900e-01,1.276714704537e-02,1.276920760960e-03
7.800138891463e-02,9.755493239257e-01,9.950612374736e-01,6.681786379193e-01,1.278764662244e-01,1.299803511074e-02,1.300020951467e-03
7.941248115716e-02,9.751128285989e-01,9.949721716136e-01,6.681786379193e-01,1.301134448016e-01,1.323309580907e-02,1.323539034098e-03
8.084910091073e-02,9.746686530166e-01,9.948815056891e-01,6.681786379193e-01,1.323868614061e-01,1.347240438995e-02,1.347482568538e-03
8.231170998344e-02,9.742166663058e-01,9.947892112169e-01,6.681786379193e-01,1.346971694590e-01,1.371603745125e-02,1.371859251216e-03
8.380077853777e-02,9.737567355298e-01,9.946952592185e-01,6.681786379193e-01,1.370448206846e-01,1.396407296283e-02,1.396676917784e-03
8.531678524173e-02,9.732887256620e-01,9.945996202117e-01,6.681786379193e-01,1.394302646565e-01,1.421659029057e-02,1.421943545629e-03
8.686021742271e-02,9.728124995602e-01,9.945022642030e-01,6.681786379193e-01,1.418539483211e-01,1.447367022085e-02,1.447667256437e-03
8.843157122416e-02,9.723279179410e-01,9.944031606786e-01,6.681786379193e-01,1.443163154992e-01,1.473539498536e-02,1.473856318808e-03
9.003135176506e-02,9.718348393535e-01,9.943022785965e-01,6.681786379193e-01,1.468178063653e-01,1.500184828642e-02,1.500519150905e-03
9.166007330231e-02,9.713331201540e-01,9.941995863781e-01,6.681786379193e-01,1.493588569030e-01,1.527311532260e-02,1.527664323164e-03
9.331825939599e-02,9.708226144801e-01,9.940950518990e-01,6.681786379193e-01,1.519398983382e-01,1.554928281482e-02,1.555300561048e-03
9.500644307775e-02,9.703031742250e-01,9.939886424809e-01,6.681786379193e-01,1.545613565477e-01,1.583043903285e-02,1.583436747846e-03
9.672516702206e-02,9.697746490120e-01,9.938803248825e-01,6.681786379193e-01,1.572236514447e-01,1.611667382219e-02,1.612081927532e-03
9.847498372073e-02,9.692368861689e-01,9.937700652907e-01,6.681786379193e-01,1.599271963401e-01,1.640807863148e-02,1.641245307667e-03
1.002564556605e-01,9.686897307029e-01,9.936578293114e-01,6.681786379193e-01,1.626723972798e-01,1.670474654020e-02,1.670936262360e-03
1.020701555037e-01,9.681330252753e-01,9.935435819609e-01,6.681786379193e-01,1.654596523579e-01,1.700677228694e-02,1.701164335279e-03
1.039166662726e-01,9.675666101768e-01,9.934272876560e-01,6.681786379193e-01,1.682893510063e-01,1.731425229802e-02,1.731939242713e-03
1.057965815368e-01,9.669903233025e-01,9.933089102050e-01,6.681786379193e-01,1.711618732598e-01,1.762728471660e-02,1.763270876702e-03
1.077105056037e-01,9.664040001273e-01,9.931884127986e-01,6.681786379193e-01,1.740775889988e-01,1.794596943220e-02,1.795169308204e-03
1.096590537130e-01,9.658074736824e-01,9.930657579999e-01,6.681786379193e-01,1.770368571677e-01,1.827040811070e-02,1.827644790341e-03
1.116428522347e-01,9.652005745307e-01,9.929409077352e-01,6.681786379193e-01,1.800400249712e-01,1.860070422479e-02,1.860707761685e-03
1.136625388700e-01,9.645831307436e-01,9.928138232841e-01,6.681786379193e-01,1.830874270483e-01,1.893696308489e-02,1.894368849613e-03
1.157187628564e-01,9.639549678778e-01,9.926844652696e-01,6.681786379193e-01,1.861793846248e-01,1.927929187046e-02,1.928638873723e-03
1.178121851769e-01,9.633159089528e-01,9.925527936488e-01,6.681786379193e-01,1.893162046456e-01,1.962779966189e-02,1.963528849307e-03
1.199434787717e-01,9.626657744286e-01,9.924187677022e-01,6.681786379193e-01,1.924981788865e-01,1.998259747278e-02,1.999049990891e-03
1.221133287550e-01,9.620043821835e-01,9.922823460244e-01,6.681786379193e-01,1.957255830485e-01,2.034379828266e-02,2.035213715834e-03
1.243224326353e-01,9.613315474938e-01,9.921434865136e-01,6.681786379193e-01,1.989986758341e-01,2.071151707031e-02,2.072031647998e-03
1.265715005391e-01,9.606470830126e-01,9.920021463615e-01,6.681786379193e-01,2.023176980076e-01,2.108587084740e-02,2.109515621481e-03
1.288612554399e-01,9.599507987500e-01,9.918582820431e-01,6.681786379193e-01,2.056828714418e-01,2.146697869271e-02,2.147677684415e-03
1.311924333900e-01,9.592425020543e-01,9.917118493063e-01,6.681786379193e-01,2.090943981516e-01,2.185496178680e-02,2.186530102838e-03
1.335657837574e-01,9.585219975928e-01,9.915628031617e-01,6.681786379193e-01,2.125524593165e-01,2.224994344711e-02,2.226085364633e-03
1.359820694665e-01,9.577890873348e-01,9.914110978723e-01,6.681786379193e-01,2.160572142954e-01,2.265204916365e-02,2.266356183537e-03
1.384420672437e-01,9.570435705348e-01,9.912566869427e-01,6.681786379193e-01,2.196087996344e-01,2.306140663501e-02,2.307355503224e-03
1.409465678666e-01,9.562852437162e-01,9.910995231088e-01,6.681786379193e-01,2.232073280706e-01,2.347814580501e-02,2.349096501460e-03
1.434963764187e-01,9.555139006567e-01,9.909395583271e-01,6.681786379193e-01,2.268528875344e-01,2.390239889972e-02,2.391592594338e-03
1.460923125477e-01,9.547293323748e-01,9.907767437644e-01,6.681786379193e-01,2.305455401539e-01,2.433430046499e-02,2.434857440582e-03
1.487352107294e-01,9.539313271168e-01,9.906110297872e-01,6.681786379193e-01,2.342853212625e-01,2.477398740443e-02,2.478904945933e-03
1.514259205356e-01,9.531196703451e-01,9.904423659506e-01,6.681786379193e-01,2.380722384146e-01,2.522159901792e-02,2.523749267615e-03
1.541653069075e-01,9.522941447288e-01,9.902707009882e-01,6.681786379193e-01,2.419062704119e-01,2.567727704055e-02,2.569404818877e-03
1.569542504337e-01,9.514545301343e-01,9.900959828016e-01,6.681786379193e-01,2.457873663435e-01,2.614116568197e-02,2.615886273626e-03
1.597936476329e-01,9.506006036179e-01,9.899181584490e-01,6.681786379193e-01,2.497154446437e-01,2.661341166632e-02,2.663208571128e-03
1.626844112426e-01,9.497321394202e-01,9.897371741355e-01,6.681786379193e-01,2.536903921716e-01,2.709416427251e-02,2.711386920812e-03
1.656274705121e-01,9.488489089619e-01,9.895529752022e-01,6.681786379193e-01,2.577120633153e-01,2.758357537498e-02,2.760436807149e-03
1.686237715017e-01,9.479506808409e-01,9.893655061155e-01,6.681786379193e-01,2.617802791253e-01,2.808179948494e-02,2.810373994618e-03
1.716742773860e-01,9.470372208321e-01,9.891747104570e-01,6.681786379193e-01,2.658948264817e-01,2.858899379195e-02,2.861214532770e-03
1.747799687645e-01,9.461082918881e-01,9.889805309127e-01,6.681786379193e-01,2.700554572977e-01,2.910531820606e-02,2.912974761378e-03
1.779418439760e-01,9.451636541428e-01,9.887829092634e-01,6.681786379193e-01,2.742618877658e-01,2.963093540022e-02,2.965671315679e-03
1.811609194200e-01,9.442030649164e-01,9.885817863735e-01,6.681786379193e-01,2.785137976484e-01,3.016601085319e-02,3.019321131712e-03
1.844382298834e-01,9.432262787234e-01,9.883771021819e-01,6.681786379193e-01,2.828108296194e-01,3.071071289278e-02,3.073941451752e-03
1.877748288726e-01,9.422330472820e-01,9.881687956914e-01,6.681786379193e-01,2.871525886593e-01,3.126521273954e-02,3.129549829842e-03
1.911717889531e-01,9.412231195270e-01,9.879568049589e-01,6.681786379193e-01,2.915386415095e-01,3.182968455073e-02,3.186164137426e-03
1.946302020934e-01,9.401962416243e-01,9.877410670861e-01,6.681786379193e-01,2.959685161878e-01,3.240430546469e-02,3.243802569079e-03
1.981511800164e-01,9.391521569894e-01,9.875215182097e-01,6.681786379193e-01,3.004417015717e-01,3.298925564549e-02,3.302483648346e-03
2.017358545570e-01,9.380906063072e-01,9.872980934924e-01,6.681786379193e-01,3.049576470516e-01,3.358471832796e-02,3.362226233680e-03
2.053853780253e-01,9.370113275563e-01,9.870707271133e-01,6.681786379193e-01,3.095157622584e-01,3.419087986293e-02,3.423049524496e-03
2.091009235776e-01,9.359140560358e-01,9.868393522599e-01,6.681786379193e-01,3.141154168686e-01,3.480792976280e-02,3.484973067319e-03
2.128836855934e-01,9.347985243949e-01,9.866039011186e-01,6.681786379193e-01,3.187559404915e-01,3.543606074727e-02,3.548016762059e-03
2.167348800591e-01,9.336644626675e-01,9.863643048675e-01,6.681786379193e-01,3.234366226394e-01,3.607546878939e-02,3.612200868391e-03
2.206557449590e-01,9.325115983086e-01,9.861204936674e-01,6.681786379193e-01,3.281567127866e-01,3.672635316169e-02,3.677546012244e-03
2.246475406733e-01,9.313396562362e-01,9.858723966551e-01,6.681786379193e-01,3.329154205168e-01,3.738891648252e-02,3.744073192420e-03
2.287115503834e-01,9.301483588760e-01,9.856199419356e-01,6.681786379193e-01,3.377119157634e-01,3.806336476251e-02,3.811803787321e-03
2.328490804840e-01,9.289374262110e-01,9.853630565756e-01,6.681786379193e-01,3.425453291436e-01,3.874990745111e-02,3.880759561803e-03
2.370614610034e-01,9.277065758350e-01,9.851016665969e-01,6.681786379193e-01,3.474147523871e-01,3.944875748313e-02,3.950962674147e-03
2.413500460309e-01,9.264555230113e-01,9.848356969710e-01,6.681786379193e-01,3.523192388625e-01,4.016013132538e-02,4.022435683164e-03
2.457162141521e-01,9.251839807356e-01,9.845650716129e-01,6.681786379193e-01,3.572578041997e-01,4.088424902317e-02,4.095201555418e-03
2.501613688920e-01,9.238916598040e-01,9.842897133770e-01,6.681786379193e-01,3.622294270103e-01,4.162133424680e-02,4.169283672589e-03
2.546869391662e-01,9.225782688864e-01,9.840095440526e-01,6.681786379193e-01,3.672330497046e-01,4.237161433788e-02,4.244705838955e-03
2.592943797405e-01,9.212435146055e-01,9.837244843601e-01,6.681786379193e-01,3.722675794056e-01,4.313532035546e-02,4.321492289021e-03
2.639851716978e-01,9.198871016208e-01,9.834344539482e-01,6.681786379193e-01,3.773318889568e-01,4.391268712196e-02,4.399667695280e-03
2.687608229152e-01,9.185087327193e-01,9.831393713917e-01,6.681786379193e-01,3.824248180251e-01,4.470395326871e-02,4.479257176110e-03
2.736228685478e-01,9.171081089116e-01,9.828391541898e-01,6.681786379193e-01,3.875451742936e-01,4.550936128121e-02,4.560286303814e-03
2.785728715229e-01,9.156849295353e-01,9.825337187657e-01,6.681786379193e-01,3.926917347438e-01,4.632915754392e-02,4.642781112810e-03
2.836124230418e-01,9.142388923641e-01,9.822229804666e-01,6.681786379193e-01,3.978632470226e-01,4.716359238448e-02,4.726768107959e-03
2.887431430919e-01,9.127696937244e-01,9.819068535647e-01,6.681786379193e-01,4.030584308918e-01,4.801292011748e-02,4.812274273048e-03
2.939666809669e-01,9.112770286190e-01,9.815852512596e-01,6.681786379193e-01,4.082759797548e-01,4.887739908741e-02,4.899327079423e-03
2.992847157974e-01,9.097605908584e-01,9.812580856812e-01,6.681786379193e-01,4.135145622573e-01,4.975729171100e-02,4.987954494774e-03
3.046989570904e-01,9.082200731993e-01,9.809252678938e-01,6.681786379193e-01,4.187728239564e-01,5.065286451856e-02,5.078184992083e-03
3.102111452788e-01,9.066551674921e-01,9.805867079015e-01,6.681786379193e-01,4.240493890521e-01,5.156438819454e-02,5.170047558726e-03
3.158230522812e-01,9.050655648359e-01,9.802423146551e-01,6.681786379193e-01,4.293428621783e-01,5.249213761694e-02,5.263571705741e-03
3.215364820712e-01,9.034509557425e-01,9.798919960595e-01,6.681786379193e-01,4.346518302438e-01,5.343639189556e-02,5.358787477260e-03
3.273532712573e-01,9.018110303096e-01,9.795356589831e-01,6.681786379193e-01,4.399748643206e-01,5.439743440909e-02,5.455725460112e-03
3.332752896735e-01,9.001454784030e-01,9.791732092685e-01,6.681786379193e-01,4.453105215704e-01,5.537555284068e-02,5.554416793593e-03
3.393044409800e-01,8.984539898484e-01,9.788045517448e-01,6.681786379193e-01,4.506573472049e-01,5.637103921212e-02,5.654893179412e-03
3.454426632756e-01,8.967362546331e-01,9.784295902412e-01,6.681786379193e-01,4.560138764717e-01,5.738418991626e-02,5.757186891818e-03
3.516919297203e-01,8.949919631188e-01,9.780482276026e-01,6.681786379193e-01,4.613786366597e-01,5.841530574774e-02,5.861330787903e-03
3.580542491699e-01,8.932208062635e-01,9.776603657065e-01,6.681786379193e-01,4.667501491168e-01,5.946469193169e-02,5.967358318089e-03
3.645316668215e-01,8.914224758559e-01,9.772659054828e-01,6.681786379193e-01,4.721269312742e-01,6.053265815045e-02,6.075303536802e-03
3.711262648712e-01,8.895966647601e-01,9.768647469341e-01,6.681786379193e-01,4.775074986680e-01,6.161951856791e-02,6.185201113338e-03
3.778401631831e-01,8.877430671723e-01,9.764567891595e-01,6.681786379193e-01,4.828903669543e-01,6.272559185150e-02,6.297086342918e-03
3.846755199710e-01,8.858613788898e-01,9.760419303791e-01,6.681786379193e-01,4.882740539093e-01,6.385120119153e-02,6.410995157945e-03
3.916345324921e-01,8.839512975915e-01,9.756200679623e-01,6.681786379193e-01,4.936570814078e-01,6.499667431779e-02,6.526964139454e-03
3.987194377534e-01,8.820125231324e-01,9.751910984570e-01,6.681786379193e-01,4.990379773753e-01,6.616234351303e-02,6.645030528769e-03
4.059325132304e-01,8.800447578498e-01,9.747549176225e-01,6.681786379193e-01,5.044152777061e-01,6.734854562335e-02,6.765232239368e-03
4.132760776000e-01,8.780477068840e-01,9.743114204640e-01,6.681786379193e-01,5.097875281428e-01,6.855562206507e-02,6.887607868957e-03
4.207524914849e-01,8.760210785121e-01,9.738605012706e-01,6.681786379193e-01,5.151532861105e-01,6.978391882801e-02,7.012196711751e-03
4.283641582132e-01,8.739645844961e-01,9.734020536552e-01,6.681786379193e-01,5.205111225019e-01,7.103378647479e-02,7.139038770987e-03
4.361135245904e-01,8.718779404455e-01,9.729359705987e-01,6.681786379193e-01,5.258596234073e-01,7.230558013604e-02,7.268174771639e-03
4.440030816864e-01,8.697608661949e-01,9.724621444956e-01,6.681786379193e-01,5.311973917855e-01,7.359965950118e-02,7.399646173378e-03
4.520353656360e-01,8.676130861958e-01,9.719804672041e-01,6.681786379193e-01,5.365230490717e-01,7.491638880447e-02,7.533495183741e-03
4.602129584542e-01,8.654343299250e-01,9.714908300991e-01,6.681786379193e-01,5.418352367187e-01,7.625613680615e-02,7.669764771545e-03
4.685384888662e-01,8.632243323078e-01,9.709931241283e-01,6.681786379193e-01,5.471326176669e-01,7.761927676821e-02,7.808498680536e-03
4.770146331524e-01,8.609828341575e-01,9.704872398723e-01,6.681786379193e-01,5.524138777428e-01,7.900618642471e-02,7.949741443268e-03
4.856441160088e-01,8.587095826313e-01,9.699730676085e-01,6.681786379193e-01,5.576777269803e-01,8.041724794602e-02,8.093538395239e-03
4.944297114227e-01,8.564043317024e-01,9.694504973783e-01,6.681786379193e-01,5.629229008657e-01,8.185284789698e-02,8.239935689266e-03
5.033742435647e-01,8.540668426489e-01,9.689194190589e-01,6.681786379193e-01,5.681481615026e-01,8.331337718832e-02,8.388980310117e-03
5.124805876961e-01,8.516968845600e-01,9.683797224389e-01,6.681786379193e-01,5.733522986963e-01,8.479923102126e-02,8.540720089392e-03
5.217516710935e-01,8.492942348586e-01,9.678312972981e-01,6.681786379193e-01,5.785341309574e-01,8.631080882462e-02,8.695203720675e-03
5.311904739899e-01,8.468586798421e-01,9.672740334919e-01,6.681786379193e-01,5.836925064224e-01,8.784851418438e-02,8.852480774938e-03
5.408000305322e-01,8.443900152393e-01,9.667078210405e-01,6.681786379193e-01,5.888263036933e-01,8.941275476493e-02,9.012601716228e-03
5.505834297570e-01,8.418880467863e-01,9.661325502218e-01,6.681786379193e-01,5.939344325945e-01,9.100394222194e-02,9.175617917610e-03
5.605438165835e-01,8.393525908187e-01,9.655481116704e-01,6.681786379193e-01,5.990158348488e-01,9.262249210611e-02,9.341581677404e-03
5.706843928243e-01,8.367834748817e-01,9.649543964804e-01,6.681786379193e-01,6.040694846730e-01,9.426882375764e-02,9.510546235692e-03
5.810084182148e-01,8.341805383579e-01,9.643512963142e-01,6.681786379193e-01,6.090943892934e-01,9.594336019069e-02,9.682565791115e-03
5.915192114608e-01,8.315436331120e-01,9.637387035158e-01,6.681786379193e-01,6.140895893849e-01,9.764652796761e-02,9.857695517963e-03
6.022201513058e-01,8.288726241532e-01,9.631165112296e-01,6.681786379193e-01,6.190541594319e-01,9.937875706224e-02,1.003599158356e-02
6.131146776165e-01,8.261673903144e-01,9.624846135249e-01,6.681786379193e-01,6.239872080164e-01,1.011404807119e-01,1.021751116593e-02
6.242062924891e-01,8.234278249480e-01,9.618429055259e-01,6.681786379193e-01,6.288878780330e-01,1.029321352578e-01,1.040231247182e-02
6.354985613746e-01,8.206538366381e-01,9.611912835466e-01,6.681786379193e-01,6.337553468343e-01,1.047541599724e-01,1.059045475496e-02
6.469951142254e-01,8.178453499295e-01,9.605296452326e-01,6.681786379193e-01,6.385888263081e-01,1.066069968748e-01,1.078199833468e-02
6.586996466618e-01,8.150023060707e-01,9.598578897076e-01,6.681786379193e-01,6.433875628903e-01,1.084910905323e-01,1.097700461486e-02
6.706159211602e-01,8.121246637736e-01,9.591759177264e-01,6.681786379193e-01,6.481508375149e-01,1.104068878476e-01,1.117553610316e-02
6.827477682623e-01,8.092123999863e-01,9.584836318338e-01,6.681786379193e-01,6.528779655051e-01,1.123548378319e-01,1.137765643060e-02
6.950990878068e-01,8.062655106797e-01,9.577809365291e-01,6.681786379193e-01,6.575682964066e-01,1.143353913632e-01,1.158343037149e-02
7.076738501827e-01,8.032840116476e-01,9.570677384368e-01,6.681786379193e-01,6.622212137684e-01,1.163490009283e-01,1.179292386366e-02
7.204760976058e-01,8.002679393177e-01,9.563439464834e-01,6.681786379193e-01,6.668361348720e-01,1.183961203491e-01,1.200620402906e-02
7.335099454181e-01,7.972173515740e-01,9.556094720798e-01,6.681786379193e-01,6.714125104126e-01,1.204772044914e-01,1.222333919470e-02
7.467795834104e-01,7.941323285884e-01,9.548642293103e-01,6.681786379193e-01,6.759498241362e-01,1.225927089575e-01,1.244439891393e-02
7.602892771696e-01,7.910129736615e-01,9.541081351265e-01,6.681786379193e-01,6.804475924341e-01,1.247430897596e-01,1.266945398812e-02
7.740433694495e-01,7.878594140697e-01,9.533411095478e-01,6.681786379193e-01,6.849053638987e-01,1.269288029758e-01,1.289857648865e-02
7.880462815670e-01,7.846718019181e-01,9.525630758675e-01,6.681786379193e-01,6.893227188436e-01,1.291503043858e-01,1.313183977926e-02
8.023025148232e-01,7.814503149976e-01,9.517739608640e-01,6.681786379193e-01,6.936992687899e-01,1.314080490886e-01,1.336931853887e-02
8.168166519505e-01,7.781951576441e-01,9.509736950180e-01,6.681786379193e-01,6.980346559230e-01,1.337024910984e-01,1.361108878463e-02
8.315933585858e-01,7.749065615978e-01,9.501622127341e-01,6.681786379193e-01,7.023285525212e-01,1.360340829213e-01,1.385722789550e-02
8.466373847700e-01,7.715847868613e-01,9.493394525684e-01,6.681786379193e-01,7.065806603599e-01,1.384032751095e-01,1.410781463607e-02
8.619535664753e-01,7.682301225536e-01,9.485053574599e-01,6.681786379193e-01,7.107907100932e-01,1.408105157950e-01,1.436292918092e-02
8.775468271595e-01,7.648428877583e-01,9.476598749666e-01,6.681786379193e-01,7.149584606161e-01,1.432562502007e-01,1.462265313925e-02
8.934221793486e-01,7.614234323633e-01,9.468029575060e-01,6.681786379193e-01,7.190836984093e-01,1.457409201290e-01,1.488706958001e-02
9.095847262484e-01,7.579721378892e-01,9.459345625985e-01,6.681786379193e-01,7.231662368691e-01,1.482649634279e-01,1.515626305733e-02
9.260396633846e-01,7.544894183044e-01,9.450546531152e-01,6.681786379193e-01,7.272059156245e-01,1.508288134331e-01,1.543031963649e-02
9.427922802734e-01,7.509757208240e-01,9.441631975270e-01,6.681786379193e-01,7.312025998438e-01,1.534328983879e-01,1.570932692018e-02
9.598479621211e-01,7.474315266884e-01,9.432601701573e-01,6.681786379193e-01,7.351561795331e-01,1.560776408380e-01,1.599337407528e-02
9.772121915560e-01,7.438573519200e-01,9.423455514359e-01,6.681786379193e-01,7.390665688279e-01,1.587634570037e-01,1.628255185998e-02
9.948905503903e-01,7.402537480546e-01,9.414193281536e-01,6.681786379193e-01,7.429337052796e-01,1.614907561271e-01,1.657695265140e-02
1.012888721415e+00,7.366213028425e-01,9.404814937181e-01,6.681786379193e-01,7.467575491403e-01,1.642599397959e-01,1.687667047362e-02
1.031212490225e+00,7.329606409191e-01,9.395320484087e-01,6.681786379193e-01,7.505380826449e-01,1.670714012428e-01,1.718180102609e-02
1.049867747081e+00,7.292724244377e-01,9.385709996309e-01,6.681786379193e-01,7.542753092945e-01,1.699255246214e-01,1.749244171259e-02
1.068860488803e+00,7.255573536639e-01,9.375983621688e-01,6.681786379193e-01,7.579692531405e-01,1.728226842585e-01,1.780869167057e-02
1.088196820695e+00,7.218161675264e-01,9.366141584347e-01,6.681786379193e-01,7.616199580731e-01,1.757632438822e-01,1.813065180090e-02
1.107882958511e+00,7.180496441212e-01,9.356184187153e-01,6.681786379193e-01,7.652274871124e-01,1.787475558285e-01,1.845842479817e-02
1.127925230452e+00,7.142586011644e-01,9.346111814137e-01,6.681786379193e-01,7.687919217064e-01,1.817759602242e-01,1.879211518139e-02
1.148330079198e+00,7.104438963907e-01,9.335924932858e-01,6.681786379193e-01,7.723133610346e-01,1.848487841488e-01,1.913182932512e-02
1.169104063985e+00,7.066064278938e-01,9.325624096699e-01,6.681786379193e-01,7.757919213195e-01,1.879663407750e-01,1.947767549115e-02
1.190253862704e+00,7.027471344039e-01,9.315209947096e-01,6.681786379193e-01,7.792277351461e-01,1.911289284897e-01,1.982976386057e-02
1.211786274059e+00,6.988669954992e-01,9.304683215671e-01,6.681786379193e-01,7.826209507913e-01,1.943368299952e-01,2.018820656633e-02
1.233708219741e+00,6.949670317478e-01,9.294044726278e-01,6.681786379193e-01,7.859717315626e-01,1.975903113931e-01,2.055311772630e-02
1.256026746662e+00,6.910483047751e-01,9.283295396929e-01,6.681786379193e-01,7.892802551476e-01,2.008896212515e-01,2.092461347673e-02
1.278749029218e+00,6.871119172547e-01,9.272436241616e-01,6.681786379193e-01,7.925467129746e-01,2.042349896574e-01,2.130281200629e-02
1.301882371590e+00,6.831590128180e-01,9.261468371982e-01,6.681786379193e-01,7.957713095856e-01,2.076266272550e-01,2.168783359050e-02
1.325434210099e+00,6.791907758795e-01,9.250392998862e-01,6.681786379193e-01,7.989542620204e-01,2.110647242736e-01,2.207980062667e-02
1.349412115594e+00,6.752084313745e-01,9.239211433660e-01,6.681786379193e-01,8.020957992141e-01,2.145494495450e-01,2.247883766930e-02
1.373823795883e+00,6.712132444066e-01,9.227925089568e-01,6.681786379193e-01,8.051961614077e-01,2.180809495141e-01,2.288507146601e-02
1.398677098215e+00,6.672065198019e-01,9.216535482591e-01,6.681786379193e-01,8.082555995709e-01,2.216593472437e-01,2.329863099386e-02
1.423980011798e+00,6.631896015660e-01,9.205044232394e-01,6.681786379193e-01,8.112743748400e-01,2.252847414181e-01,2.371964749626e-02
1.449740670373e+00,6.591638722448e-01,9.193453062940e-01,6.681786379193e-01,8.142527579676e-01,2.289572053450e-01,2.414825452022e-02
1.475967354822e+00,6.551307521832e-01,9.181763802914e-01,6.681786379193e-01,8.171910287882e-01,2.326767859625e-01,2.458458795420e-02
1.502668495834e+00,6.510916986827e-01,9.169978385929e-01,6.681786379193e-01,8.200894756960e-01,2.364435028501e-01,2.502878606639e-02
1.529852676617e+00,6.470482050559e-01,9.158098850492e-01,6.681786379193e-01,8.229483951375e-01,2.402573472505e-01,2.548098954341e-02
1.557528635651e+00,6.430017995762e-01,9.146127339731e-01,6.681786379193e-01,8.257680911184e-01,2.441182811034e-01,2.594134152952e-02
1.585705269502e+00,6.389540443230e-01,9.134066100868e-01,6.681786379193e-01,8.285488747241e-01,2.480262360948e-01,2.640998766632e-02
1.614391635679e+00,6.349065339219e-01,9.121917484437e-01,6.681786379193e-01,8.312910636545e-01,2.519811127273e-01,2.688707613285e-02
1.643596955548e+00,6.308608941807e-01,9.109683943232e-01,6.681786379193e-01,8.339949817724e-01,2.559827794131e-01,2.737275768615e-02
1.673330617296e+00,6.268187806207e-01,9.097368030984e-01,6.681786379193e-01,8.366609586665e-01,2.600310715942e-01,2.786718570233e-02
1.703602178945e+00,6.227818769057e-01,9.084972400768e-01,6.681786379193e-01,8.392893292275e-01,2.641257908949e-01,2.837051621795e-02
1.734421371430e+00,6.187518931705e-01,9.072499803123e-01,6.681786379193e-01,8.418804332383e-01,2.682667043091e-01,2.888290797196e-02
1.765798101724e+00,6.147305642496e-01,9.059953083897e-01,6.681786379193e-01,8.444346149774e-01,2.724535434278e-01,2.940452244799e-02
1.797742456021e+00,6.107196478102e-01,9.047335181806e-01,6.681786379193e-01,8.469522228359e-01,2.766860037099e-01,2.993552391702e-02
1.830264702985e+00,6.067209223917e-01,9.034649125711e-01,6.681786379193e-01,8.494336089476e-01,2.809637438016e-01,3.047607948052e-02
1.863375297041e+00,6.027361853564e-01,9.021898031622e-01,6.681786379193e-01,8.518791288322e-01,2.852863849083e-01,3.102635911394e-02
1.897084881744e+00,5.987672507536e-01,9.009085099422e-01,6.681786379193e-01,8.542891410508e-01,2.896535102225e-01,3.158653571052e-02
1.931404293196e+00,5.948159471032e-01,8.996213609316e-01,6.681786379193e-01,8.566640068744e-01,2.940646644127e-01,3.215678512556e-02
1.966344563533e+00,5.908841151030e-01,8.983286918026e-01,6.681786379193e-01,8.590040899648e-01,2.985193531777e-01,3.273728622088e-02
2.001916924466e+00,5.869736052656e-01,8.970308454724e-01,6.681786379193e-01,8.613097560670e-01,3.030170428686e-01,3.332822090975e-02
2.038132810896e+00,5.830862754889e-01,8.957281716720e-01,6.681786379193e-01,8.635813727142e-01,3.075571601845e-01,3.392977420202e-02
2.075003864587e+00,5.792239885689e-01,8.944210264916e-01,6.681786379193e-01,8.658193089437e-01,3.121390919440e-01,3.454213424952e-02
2.112541937913e+00,5.753886096585e-01,8.931097719034e-01,6.681786379193e-01,8.680239350245e-01,3.167621849366e-01,3.516549239179e-02
2.150759097659e+00,5.715820036813e-01,8.917947752646e-01,6.681786379193e-01,8.701956221958e-01,3.214257458570e-01,3.580004320194e-02
2.189667628911e+00,5.678060327049e-01,8.904764087998e-01,6.681786379193e-01,8.723347424167e-01,3.261290413258e-01,3.644598453276e-02
2.229280038996e+00,5.640625532827e-01,8.891550490669e-01,6.681786379193e-01,8.744416681257e-01,3.308712979987e-01,3.710351756300e-02
2.269609061507e+00,5.603534137707e-01,8.878310764062e-01,6.681786379193e-01,8.765167720114e-01,3.356517027668e-01,3.777284684378e-02
2.310667660396e+00,5.566804516265e-01,8.865048743765e-01,6.681786379193e-01,8.785604267922e-01,3.404694030499e-01,3.845418034505e-02
2.352469034141e+00,5.530454906978e-01,8.851768291782e-01,6.681786379193e-01,8.805730050067e-01,3.453235071853e-01,3.914772950220e-02
2.395026619987e+00,5.494503385084e-01,8.838473290676e-01,6.681786379193e-01,8.825548788128e-01,3.502130849113e-01,3.985370926261e-02
2.438354098269e+00,5.458967835484e-01,8.825167637621e-01,6.681786379193e-01,8.845064197968e-01,3.551371679491e-01,4.057233813225e-02
2.482465396804e+00,5.423865925767e-01,8.811855238410e-01,6.681786379193e-01,8.864279987903e-01,3.600947506809e-01,4.130383822219e-02
2.527374695376e+00,5.389215079416e-01,8.798540001419e-01,6.681786379193e-01,8.883199856972e-01,3.650847909255e-01,4.204843529494e-02
2.573096430287e+00,5.355032449284e-01,8.785225831562e-01,6.681786379193e-01,8.901827493280e-01,3.701062108111e-01,4.280635881075e-02
2.619645299000e+00,5.321334891391e-01,8.771916624261e-01,6.681786379193e-01,8.920166572426e-01,3.751578977427e-01,4.357784197354e-02
2.667036264867e+00,5.288138939115e-01,8.758616259440e-01,6.681786379193e-01,8.938220756015e-01,3.802387054652e-01,4.436312177670e-02
2.715284561932e+00,5.255460777841e-01,8.745328595583e-01,6.681786379193e-01,8.955993690238e-01,3.853474552169e-01,4.516243904844e-02
2.764405699837e+00,5.223316220125e-01,8.732057463855e-01,6.681786379193e-01,8.973489004534e-01,3.904829369747e-01,4.597603849676e-02
2.814415468797e+00,5.191720681425e-01,8.718806662337e-01,6.681786379193e-01,8.990710310318e-01,3.956439107848e-01,4.680416875400e-02
2.865329944687e+00,5.160689156465e-01,8.705579950365e-01,6.681786379193e-01,9.007661199784e-01,4.008291081770e-01,4.764708242075e-02
2.917165494201e+00,5.130236196258e-01,8.692381043011e-01,6.681786379193e-01,9.024345244767e-01,4.060372336594e-01,4.850503610918e-02
2.969938780117e+00,5.100375885860e-01,8.679213605721e-01,6.681786379193e-01,9.040765995680e-01,4.112669662879e-01,4.937829048563e-02
3.023666766653e+00,5.071121822870e-01,8.666081249123e-01,6.681786379193e-01,9.056926980508e-01,4.165169613060e-01,5.026711031245e-02
3.078366724921e+00,5.042487096728e-01,8.652987524031e-01,6.681786379193e-01,9.072831703858e-01,4.217858518508e-01,5.117176448885e-02
3.134056238475e+00,5.014484268844e-01,8.639935916641e-01,6.681786379193e-01,9.088483646075e-01,4.270722507190e-01,5.209252609083e-02
3.190753208968e+00,4.987125353569e-01,8.626929843963e-01,6.681786379193e-01,9.103886262413e-01,4.323747521873e-01,5.302967240995e-02
3.248475861906e+00,4.960421800055e-01,8.613972649468e-01,6.681786379193e-01,9.119042982253e-01,4.376919338811e-01,5.398348499094e-02
3.307242752503e+00,4.934384475010e-01,8.601067598985e-01,6.681786379193e-01,9.133957208384e-01,4.430223586854e-01,5.495424966791e-02
3.367072771650e+00,4.909023646367e-01,8.588217876850e-01,6.681786379193e-01,9.148632316321e-01,4.483645766915e-01,5.594225659915e-02
3.427985151983e+00,4.884348967886e-01,8.575426582309e-01,6.681786379193e-01,9.163071653686e-01,4.537171271728e-01,5.694780030034e-02
3.489999474071e+00,4.860369464690e-01,8.562696726192e-01,6.681786379193e-01,9.177278539622e-01,4.590785405825e-01,5.797117967600e-02
3.553135672706e+00,4.837093519757e-01,8.550031227855e-01,6.681786379193e-01,9.191256264261e-01,4.644473405670e-01,5.901269804909e-02
3.617414043312e+00,4.814528861355e-01,8.537432912400e-01,6.681786379193e-01,9.205008088227e-01,4.698220459883e-01,6.007266318859e-02
3.682855248469e+00,4.792682551436e-01,8.524904508162e-01,6.681786379193e-01,9.218537242188e-01,4.752011729473e-01,6.115138733489e-02
3.749480324558e+00,4.771560974993e-01,8.512448644487e-01,6.681786379193e-01,9.231846926444e-01,4.805832368028e-01,6.224918722280e-02
3.817310688518e+00,4.751169830359e-01,8.500067849776e-01,6.681786379193e-01,9.244940310546e-01,4.859667541788e-01,6.336638410208e-02
3.886368144736e+00,4.731514120480e-01,8.487764549806e-01,6.681786379193e-01,9.257820532967e-01,4.913502449527e-01,6.450330375516e-02
3.956674892051e+00,4.712598145123e-01,8.475541066325e-01,6.681786379193e-01,9.270490700791e-01,4.967322342199e-01,6.566027651209e-02
4.028253530894e+00,4.694425494052e-01,8.463399615912e-01,6.681786379193e-01,9.282953889447e-01,5.021112542269e-01,6.683763726218e-02
4.101127070551e+00,4.676999041139e-01,8.451342309099e-01,6.681786379193e-01,9.295213142466e-01,5.074858462684e-01,6.803572546248e-02
4.175318936560e+00,4.660320939434e-01,8.439371149745e-01,6.681786379193e-01,9.307271471280e-01,5.128545625411e-01,6.925488514258e-02
4.250852978242e+00,4.644392617176e-01,8.427488034668e-01,6.681786379193e-01,9.319131855037e-01,5.182159679507e-01,7.049546490566e-02
4.327753476363e+00,4.629214774752e-01,8.415694753503e-01,6.681786379193e-01,9.330797240454e-01,5.235686418661e-01,7.175781792552e-02
4.406045150948e+00,4.614787382602e-01,8.403992988807e-01,6.681786379193e-01,9.342270541690e-01,5.289111798160e-01,7.304230193922e-02
4.485753169219e+00,4.601109680084e-01,8.392384316369e-01,6.681786379193e-01,9.353554640248e-01,5.342421951247e-01,7.434927923526e-02
4.566903153688e+00,4.588180175281e-01,8.380870205751e-01,6.681786379193e-01,9.364652384903e-01,5.395603204815e-01,7.567911663681e-02
4.649521190395e+00,4.575996645782e-01,8.369452021012e-01,6.681786379193e-01,9.375566591646e-01,5.448642094426e-01,7.703218547986e-02
4.733633837291e+00,4.564556140426e-01,8.358131021640e-01,6.681786379193e-01,9.386300043658e-01,5.501525378597e-01,7.840886158587e-02
4.819268132779e+00,4.553854982025e-01,8.346908363654e-01,6.681786379193e-01,9.396855491299e-01,5.554240052352e-01,7.980952522871e-02
4.906451604400e+00,4.543888771089e-01,8.335785100881e-01,6.681786379193e-01,9.407235652122e-01,5.606773359998e-01,8.123456109541e-02
4.995212277686e+00,4.534652390546e-01,8.324762186385e-01,6.681786379193e-01,9.417443210901e-01,5.659112807123e-01,8.268435824056e-02
5.085578685168e+00,4.526140011486e-01,8.313840474057e-01,6.681786379193e-01,9.427480819681e-01,5.711246171782e-01,8.415931003386e-02
5.177579875548e+00,4.518345099955e-01,8.303020720321e-01,6.681786379193e-01,9.437351097842e-01,5.763161514883e-01,8.565981410047e-02
5.271245423035e+00,4.511260424790e-01,8.292303585988e-01,6.681786379193e-01,9.447056632183e-01,5.814847189746e-01,8.718627225388e-02
5.366605436855e+00,4.504878066547e-01,8.281689638205e-01,6.681786379193e-01,9.456599977016e-01,5.866291850851e-01,8.873909042076e-02
5.463690570928e+00,4.499189427521e-01,8.271179352523e-01,6.681786379193e-01,9.465983654281e-01,5.917484461756e-01,9.031867855747e-02
5.562532033722e+00,4.494185242886e-01,8.260773115047e-01,6.681786379193e-01,9.475210153670e-01,5.968414302207e-01,9.192545055779e-02
5.663161598282e+00,4.489855592984e-01,8.250471224681e-01,6.681786379193e-01,9.484281932764e-01,6.019070974432e-01,9.355982415140e-02
5.765611612451e+00,4.486189916772e-01,8.240273895437e-01,6.681786379193e-01,9.493201417185e-01,6.069444408645e-01,9.522222079270e-02
5.869915009262e+00,4.483177026453e-01,8.230181258818e-01,6.681786379193e-01,9.501971000761e-01,6.119524867757e-01,9.691306553949e-02
5.976105317526e+00,4.480805123320e-01,8.220193366247e-01,6.681786379193e-01,9.510593045694e-01,6.169302951317e-01,9.863278692096e-02
6.084216672612e+00,4.479061814809e-01,8.210310191557e-01,6.681786379193e-01,9.519069882748e-01,6.218769598709e-01,1.003818167947e-01
6.194283827415e+00,4.477934132804e-01,8.200531633505e-01,6.681786379193e-01,9.527403811440e-01,6.267916091608e-01,1.021605901920e-01
6.306342163536e+00,4.477408553183e-01,8.190857518333e-01,6.681786379193e-01,9.535597100244e-01,6.316734055726e-01,1.039695451509e-01
6.420427702647e+00,4.477471016632e-01,8.181287602340e-01,6.681786379193e-01,9.543651986799e-01,6.365215461882e-01,1.058091225371e-01
6.536577118074e+00,4.478106950717e-01,8.171821574486e-01,6.681786379193e-01,9.551570678129e-01,6.413352626396e-01,1.076797658508e-01
6.654827746586e+00,4.479301293238e-01,8.162459058993e-01,6.681786379193e-01,9.559355350872e-01,6.461138210861e-01,1.095819210207e-01
6.775217600398e+00,4.481038516834e-01,8.153199617968e-01,6.681786379193e-01,9.567008151509e-01,6.508565221295e-01,1.115160361833e-01
6.897785379388e+00,4.483302654852e-01,8.144042754011e-01,6.681786379193e-01,9.574531196603e-01,6.555627006727e-01,1.134825614471e-01
7.022570483537e+00,4.486077328461e-01,8.134987912831e-01,6.681786379193e-01,9.581926573048e-01,6.602317257221e-01,1.154819486420e-01
7.149613025597e+00,4.489345774977e-01,8.126034485845e-01,6.681786379193e-01,9.589196338317e-01,6.648630001387e-01,1.175146510522e-01
7.278953843983e+00,4.493090877392e-01,8.117181812768e-01,6.681786379193e-01,9.596342520719e-01,6.694559603394e-01,1.195811231329e-01
7.410634515903e+00,4.497295195052e-01,8.108429184185e-01,6.681786379193e-01,9.603367119659e-01,6.740100759529e-01,1.216818202096e-01
7.544697370720e+00,4.501940995464e-01,8.099775844103e-01,6.681786379193e-01,9.610272105902e-01,6.785248494317e-01,1.238171981600e-01
7.681185503562e+00,4.507010287154e-01,8.091220992479e-01,6.681786379193e-01,9.617059421845e-01,6.829998156247e-01,1.259877130773e-01
7.820142789174e+00,4.512484853552e-01,8.082763787721e-01,6.681786379193e-01,9.623730981784e-01,6.874345413116e-01,1.281938209148e-01
7.961613896020e+00,4.518346287802e-01,8.074403349160e-01,6.681786379193e-01,9.630288672194e-01,6.918286247036e-01,1.304359771116e-01
8.105644300645e+00,4.524576028464e-01,8.066138759497e-01,6.681786379193e-01,9.636734352004e-01,6.961816949129e-01,1.327146361973e-01
8.252280302291e+00,4.531155395985e-01,8.057969067207e-01,6.681786379193e-01,9.643069852879e-01,7.004934113922e-01,1.350302513777e-01
8.401569037784e+00,4.538065629882e-01,8.049893288914e-01,6.681786379193e-01,9.649296979504e-01,7.047634633499e-01,1.373832740982e-01
8.553558496680e+00,4.545287926524e-01,8.041910411732e-01,6.681786379193e-01,9.655417509867e-01,7.089915691404e-01,1.397741535867e-01
8.708297536698e+00,4.552803477412e-01,8.034019395564e-01,6.681786379193e-01,9.661433195548e-01,7.131774756349e-01,1.422033363740e-01
8.865835899420e+00,4.560593507846e-01,8.026219175364e-01,6.681786379193e-01,9.667345762003e-01,7.173209575728e-01,1.446712657927e-01
9.026224226285e+00,4.568639315865e-01,8.018508663358e-01,6.681786379193e-01,9.673156908859e-01,7.214218168980e-01,1.471783814523e-01
9.189514074867e+00,4.576922311321e-01,8.010886751229e-01,6.681786379193e-01,9.678868310198e-01,7.254798820813e-01,1.497251186920e-01
9.355757935445e+00,4.585424054978e-01,8.003352312251e-01,6.681786379193e-01,9.684481614852e-01,7.294950074311e-01,1.523119080103e-01
9.525009247882e+00,4.594126297481e-01,7.995904203393e-01,6.681786379193e-01,9.689998446694e-01,7.334670723951e-01,1.549391744703e-01
9.697322418797e+00,4.603011018071e-01,7.988541267368e-01,6.681786379193e-01,9.695420404927e-01,7.373959808547e-01,1.576073370817e-01
9.872752839061e+00,4.612060462894e-01,7.981262334650e-01,6.681786379193e-01,9.700749064379e-01,7.412816604135e-01,1.603168081585e-01
1.005135690160e+01,4.621257182754e-01,7.974066225433e-01,6.681786379193e-01,9.705985975792e-01,7.451240616825e-01,1.630679926534e-01
1.023319201951e+01,4.630584070178e-01,7.966951751562e-01,6.681786379193e-01,9.711132666116e-01,7.489231575632e-01,1.658612874670e-01
1.041831664455e+01,4.640024395626e-01,7.959917718401e-01,6.681786379193e-01,9.716190638798e-01,7.526789425303e-01,1.686970807343e-01
1.060679028587e+01,4.649561842706e-01,7.952962926671e-01,6.681786379193e-01,9.721161374072e-01,7.563914319155e-01,1.715757510866e-01
1.079867352922e+01,4.659180542246e-01,7.946086174226e-01,6.681786379193e-01,9.726046329250e-01,7.600606611935e-01,1.744976668901e-01
1.099402805635e+01,4.668865105070e-01,7.939286257799e-01,6.681786379193e-01,9.730846939012e-01,7.636866852723e-01,1.774631854620e-01
1.119291666488e+01,4.678600653336e-01,7.932561974680e-01,6.681786379193e-01,9.735564615692e-01,7.672695777879e-01,1.804726522629e-01
1.139540328847e+01,4.688372850302e-01,7.925912124363e-01,6.681786379193e-01,9.740200749563e-01,7.708094304054e-01,1.835264000680e-01
1.160155301740e+01,4.698167928367e-01,7.919335510133e-01,6.681786379193e-01,9.744756709127e-01,7.743063521268e-01,1.866247481167e-01
1.181143211945e+01,4.707972715277e-01,7.912830940605e-01,6.681786379193e-01,9.749233841395e-01,7.777604686074e-01,1.897680012415e-01
1.202510806124e+01,4.717774658353e-01,7.906397231211e-01,6.681786379193e-01,9.753633472172e-01,7.811719214807e-01,1.929564489779e-01
1.224264952988e+01,4.727561846634e-01,7.900033205635e-01,6.681786379193e-01,9.757956906337e-01,7.845408676926e-01,1.961903646554e-01
1.246412645510e+01,4.737323030824e-01,7.893737697197e-01,6.681786379193e-01,9.762205428123e-01,7.878674788467e-01,1.994700044716e-01
1.268961003168e+01,4.747047640945e-01,7.887509550174e-01,6.681786379193e-01,9.766380301395e-01,7.911519405602e-01,2.027956065510e-01
1.291917274236e+01,4.756725801592e-01,7.881347621077e-01,6.681786379193e-01,9.770482769923e-01,7.943944518309e-01,2.061673899888e-01
1.315288838115e+01,4.766348344739e-01,7.875250779857e-01,6.681786379193e-01,9.774514057663e-01,7.975952244168e-01,2.095855538834e-01
1.339083207703e+01,4.775906819995e-01,7.869217911068e-01,6.681786379193e-01,9.778475369019e-01,8.007544822282e-01,2.130502763578e-01
1.363308031809e+01,4.785393502274e-01,7.863247914955e-01,6.681786379193e-01,9.782367889123e-01,8.038724607319e-01,2.165617135728e-01
1.387971097616e+01,4.794801396836e-01,7.857339708494e-01,6.681786379193e-01,9.786192784096e-01,8.069494063695e-01,2.201199987340e-01
1.413080333181e+01,4.804124241649e-01,7.851492226360e-01,6.681786379193e-01,9.789951201316e-01,8.099855759881e-01,2.237252410960e-01
1.438643809986e+01,4.813356507081e-01,7.845704421841e-01,6.681786379193e-01,9.793644269683e-01,8.129812362855e-01,2.273775249640e-01
1.464669745527e+01,4.822493392891e-01,7.839975267678e-01,6.681786379193e-01,9.797273099878e-01,8.159366632686e-01,2.310769086988e-01
1.491166505964e+01,4.831530822557e-01,7.834303756848e-01,6.681786379193e-01,9.800838784624e-01,8.188521417261e-01,2.348234237255e-01
1.518142608802e+01,4.840465434938e-01,7.828688903273e-01,6.681786379193e-01,9.804342398939e-01,8.217279647147e-01,2.386170735503e-01
1.545606725635e+01,4.849294573326e-01,7.823129742469e-01,6.681786379193e-01,9.807785000397e-01,8.245644330601e-01,2.424578327886e-01
1.573567684932e+01,4.858016271944e-01,7.817625332119e-01,6.681786379193e-01,9.811167629374e-01,8.273618548712e-01,2.463456462075e-01
1.602034474873e+01,4.866629239936e-01,7.812174752584e-01,6.681786379193e-01,9.814491309298e-01,8.301205450692e-01,2.502804277865e-01
1.631016246239e+01,4.875132842959e-01,7.806777107339e-01,6.681786379193e-01,9.817757046900e-01,8.328408249301e-01,2.542620598000e-01
1.660522315355e+01,4.883527082441e-01,7.801431523344e-01,6.681786379193e-01,9.820965832455e-01,8.355230216413e-01,2.582903919259e-01
1.690562167086e+01,4.891812572646e-01,7.796137151342e-01,6.681786379193e-01,9.824118640023e-01,8.381674678722e-01,2.623652403836e-01
1.721145457879e+01,4.899990515634e-01,7.790893166087e-01,6.681786379193e-01,9.827216427694e-01,8.407745013583e-01,2.664863871055e-01
1.752282018877e+01,4.908062674282e-01,7.785698766504e-01,6.681786379193e-01,9.830260137818e-01,8.433444644991e-01,2.706535789471e-01
1.783981859072e+01,4.916031343480e-01,7.780553175780e-01,6.681786379193e-01,9.833250697244e-01,8.458777039694e-01,2.748665269390e-01
1.816255168524e+01,4.923899319682e-01,7.775455641385e-01,6.681786379193e-01,9.836189017551e-01,8.483745703432e-01,2.791249055841e-01
1.849112321639e+01,4.931669868967e-01,7.770405435028e-01,6.681786379193e-01,9.839075995276e-01,8.508354177322e-01,2.834283522075e-01
1.882563880502e+01,4.939346693786e-01,7.765401852545e-01,6.681786379193e-01,9.841912512140e-01,8.532606034352e-01,2.877764663589e-01
1.916620598271e+01,4.946933898574e-01,7.760444213725e-01,6.681786379193e-01,9.844699435277e-01,8.556504876017e-01,2.921688092758e-01
1.951293422636e+01,4.954435954429e-01,7.755531862070e-01,6.681786379193e-01,9.847437617447e-01,8.580054329072e-01,2.966049034085e-01
1.986593499338e+01,4.961857663039e-01,7.750664164500e-01,6.681786379193e-01,9.850127897262e-01,8.603258042408e-01,3.010842320131e-01
2.022532175751e+01,4.969204120068e-01,7.745840510994e-01,6.681786379193e-01,9.852771099400e-01,8.626119684047e-01,3.056062388149e-01
2.059121004530e+01,4.976480678190e-01,7.741060314180e-01,6.681786379193e-01,9.855368034816e-01,8.648642938256e-01,3.101703277471e-01
2.096371747322e+01,4.983692909996e-01,7.736323008868e-01,6.681786379193e-01,9.857919500958e-01,8.670831502772e-01,3.147758627673e-01
2.134296378553e+01,4.990846570958e-01,7.731628051541e-01,6.681786379193e-01,9.860426281970e-01,8.692689086144e-01,3.194221677564e-01
2.172907089272e+01,4.997947562666e-01,7.726974919793e-01,6.681786379193e-01,9.862889148902e-01,8.714219405176e-01,3.241085265015e-01
2.212216291070e+01,5.005001896532e-01,7.722363111727e-01,6.681786379193e-01,9.865308859911e-01,8.735426182487e-01,3.288341827669e-01
2.252236620074e+01,5.012015658168e-01,7.717792145315e-01,6.681786379193e-01,9.867686160463e-01,8.756313144165e-01,3.335983404552e-01
2.292980941004e+01,5.018994972617e-01,7.713261557721e-01,6.681786379193e-01,9.870021783528e-01,8.776884017530e-01,3.384001638606e-01
2.334462351312e+01,5.025945970628e-01,7.708770904597e-01,6.681786379193e-01,9.872316449781e-01,8.797142528988e-01,3.432387780161e-01
2.376694185389e+01,5.032874756147e-01,7.704319759348e-01,6.681786379193e-01,9.874570867791e-01,8.817092401991e-01,3.481132691372e-01
2.419690018854e+01,5.039787375205e-01,7.699907712378e-01,6.681786379193e-01,9.876785734209e-01,8.836737355080e-01,3.530226851606e-01
2.463463672919e+01,5.046689786330e-01,7.695534370316e-01,6.681786379193e-01,9.878961733964e-01,8.856081100022e-01,3.579660363816e-01
2.508029218828e+01,5.053587832661e-01,7.691199355227e-01,6.681786379193e-01,9.881099540441e-01,8.875127340041e-01,3.629422961879e-01
2.553400982382e+01,5.060487215861e-01,7.686902303818e-01,6.681786379193e-01,9.883199815667e-01,8.893879768123e-01,3.679504018907e-01
2.599593548546e+01,5.067393471970e-01,7.682642866633e-01,6.681786379193e-01,9.885263210490e-01,8.912342065415e-01,3.729892556517e-01
2.646621766134e+01,5.074311949285e-01,7.678420707252e-01,6.681786379193e-01,9.887290364760e-01,8.930517899697e-01,3.780577255055e-01
2.694500752586e+01,5.081247788362e-01,7.674235501487e-01,6.681786379193e-01,9.889281907502e-01,8.948410923935e-01,3.831546464746e-01
2.743245898825e+01,5.088205904189e-01,7.670086936594e-01,6.681786379193e-01,9.891238457088e-01,8.966024774907e-01,3.882788217757e-01
2.792872874204e+01,5.095190970613e-01,7.665974710483e-01,6.681786379193e-01,9.893160621413e-01,8.983363071902e-01,3.934290241140e-01
2.843397631545e+01,5.102207407018e-01,7.661898530957e-01,6.681786379193e-01,9.895048998055e-01,9.000429415496e-01,3.986039970622e-01
2.894836412265e+01,5.109259367304e-01,7.657858114955e-01,6.681786379193e-01,9.896904174452e-01,9.017227386382e-01,4.038024565212e-01
2.947205751601e+01,5.116350731142e-01,7.653853187826e-01,6.681786379193e-01,9.898726728053e-01,9.033760544283e-01,4.090230922582e-01
3.000522483919e+01,5.123485097498e-01,7.649883482623e-01,6.681786379193e-01,9.900517226491e-01,9.050032426914e-01,4.142645695168e-01
3.054803748132e+01,5.130665780392e-01,7.645948739422e-01,6.681786379193e-01,9.902276227735e-01,9.066046549012e-01,4.195255306955e-01
3.110066993202e+01,5.137895806825e-01,7.642048704671e-01,6.681786379193e-01,9.904004280249e-01,9.081806401427e-01,4.248045970883e-01
3.166329983758e+01,5.145177916829e-01,7.638183130575e-01,6.681786379193e-01,9.905701923144e-01,9.097315450263e-01,4.301003706830e-01
3.223610805799e+01,5.152514565538e-01,7.634351774505e-01,6.681786379193e-01,9.907369686337e-01,9.112577136082e-01,4.354114360096e-01
3.281927872511e+01,5.159907927184e-01,7.630554398447e-01,6.681786379193e-01,9.909008090691e-01,9.127594873155e-01,4.407363620339e-01
3.341299930187e+01,5.167359900922e-01,7.626790768490e-01,6.681786379193e-01,9.910617648173e-01,9.142372048764e-01,4.460737040899e-01
3.401746064251e+01,5.174872118336e-01,7.623060654340e-01,6.681786379193e-01,9.912198861992e-01,9.156912022561e-01,4.514220058438e-01
3.463285705392e+01,5.182445952523e-01,7.619363828881e-01,6.681786379193e-01,9.913752226747e-01,9.171218125962e-01,4.567798012829e-01
3.525938635814e+01,5.190082528582e-01,7.615700067768e-01,6.681786379193e-01,9.915278228566e-01,9.185293661594e-01,4.621456167237e-01
3.589724995594e+01,5.197782735375e-01,7.612069149061e-01,6.681786379193e-01,9.916777345247e-01,9.199141902785e-01,4.675179728308e-01
3.654665289153e+01,5.205547238399e-01,7.608470852893e-01,6.681786379193e-01,9.918250046394e-01,9.212766093095e-01,4.728953866407e-01
3.720780391849e+01,5.213376493609e-01,7.604904961175e-01,6.681786379193e-01,9.919696793553e-01,9.226169445887e-01,4.782763735838e-01
3.788091556691e+01,5.221270762016e-01,7.601371257339e-01,6.681786379193e-01,9.921118040343e-01,9.239355143932e-01,4.836594494969e-01
3.856620421163e+01,5.229230124915e-01,7.597869526115e-01,6.681786379193e-01,9.922514232590e-01,9.252326339064e-01,4.890431326212e-01
3.926389014190e+01,5.237254499552e-01,7.594399553338e-01,6.681786379193e-01,9.923885808457e-01,9.265086151852e-01,4.944259455770e-01
3.997419763208e+01,5.245343655089e-01,7.590961125795e-01,6.681786379193e-01,9.925233198564e-01,9.277637671323e-01,4.998064173117e-01
4.069735501383e+01,5.253497228694e-01,7.587554031094e-01,6.681786379193e-01,9.926556826124e-01,9.289983954706e-01,5.051830850124e-01
4.143359474943e+01,5.261714741603e-01,7.584178057565e-01,6.681786379193e-01,9.927857107057e-01,9.302128027214e-01,5.105544959793e-01
4.218315350658e+01,5.269995615007e-01,7.580832994193e-01,6.681786379193e-01,9.929134450115e-01,9.314072881850e-01,5.159192094537e-01
4.294627223443e+01,5.278339185627e-01,7.577518630567e-01,6.681786379193e-01,9.930389257003e-01,9.325821479248e-01,5.212757983945e-01
4.372319624102e+01,5.286744720842e-01,7.574234756859e-01,6.681786379193e-01,9.931621922494e-01,9.337376747532e-01,5.266228512010e-01
4.451417527220e+01,5.295211433245e-01,7.570981163820e-01,6.681786379193e-01,9.932832834548e-01,9.348741582213e-01,5.319589733746e-01
4.531946359185e+01,5.303738494533e-01,7.567757642796e-01,6.681786379193e-01,9.934022374422e-01,9.359918846099e-01,5.372827891175e-01
4.613932006363e+01,5.312325048616e-01,7.564563985760e-01,6.681786379193e-01,9.935190916785e-01,9.370911369235e-01,5.425929428635e-01
4.697400823423e+01,5.320970223875e-01,7.561399985361e-01,6.681786379193e-01,9.936338829829e-01,9.381721948868e-01,5.478881007390e-01
4.782379641803e+01,5.329673144490e-01,7.558265434978e-01,6.681786379193e-01,9.937466475374e-01,9.392353349423e-01,5.531669519492e-01
4.868895778340e+01,5.338432940783e-01,7.555160128795e-01,6.681786379193e-01,9.938574208982e-01,9.402808302509e-01,5.584282100899e-01
4.956977044047e+01,5.347248758541e-01,7.552083861872e-01,6.681786379193e-01,9.939662380054e-01,9.413089506946e-01,5.636706143804e-01
5.046651753056e+01,5.356119767273e-01,7.549036430232e-01,6.681786379193e-01,9.940731331940e-01,9.423199628796e-01,5.688929308171e-01
5.137948731720e+01,5.365045167400e-01,7.546017630949e-01,6.681786379193e-01,9.941781402039e-01,9.433141301431e-01,5.740939532466e-01
5.230897327876e+01,5.374024196379e-01,7.543027262236e-01,6.681786379193e-01,9.942812921900e-01,9.442917125601e-01,5.792725043572e-01
5.325527420282e+01,5.383056133744e-01,7.540065123535e-01,6.681786379193e-01,9.943826217318e-01,9.452529669530e-01,5.844274365882e-01
5.421869428222e+01,5.392140305131e-01,7.537131015612e-01,6.681786379193e-01,9.944821608436e-01,9.461981469016e-01,5.895576329576e-01
5.519954321282e+01,5.401276085272e-01,7.534224740644e-01,6.681786379193e-01,9.945799409838e-01,9.471275027554e-01,5.946620078070e-01
5.619813629305e+01,5.410462900046e-01,7.531346102301e-01,6.681786379193e-01,9.946759930641e-01,9.480412816471e-01,5.997395074668e-01
5.721479452531e+01,5.419700227602e-01,7.528494905836e-01,6.681786379193e-01,9.947703474594e-01,9.489397275066e-01,6.047891108396e-01
5.824984471910e+01,5.428987598649e-01,7.525670958153e-01,6.681786379193e-01,9.948630340164e-01,9.498230810772e-01,6.098098299051e-01
5.930361959613e+01,5.438324595954e-01,7.522874067886e-01,6.681786379193e-01,9.949540820624e-01,9.506915799323e-01,6.148007101476e-01
6.037645789722e+01,5.447710853136e-01,7.520104045458e-01,6.681786379193e-01,9.950435204150e-01,9.515454584934e-01,6.197608309069e-01
6.146870449124e+01,5.457146052828e-01,7.517360703145e-01,6.681786379193e-01,9.951313773897e-01,9.523849480490e-01,6.246893056551e-01
6.258071048591e+01,5.466629924298e-01,7.514643855119e-01,6.681786379193e-01,9.952176808094e-01,9.532102767742e-01,6.295852822022e-01
6.371283334074e+01,5.476162240589e-01,7.511953317503e-01,6.681786379193e-01,9.953024580121e-01,9.540216697518e-01,6.344479428311e-01
6.486543698187e+01,5.485742815287e-01,7.509288908396e-01,6.681786379193e-01,9.953857358594e-01,9.548193489937e-01,6.392765043658e-01
6.603889191911e+01,5.495371498977e-01,7.506650447910e-01,6.681786379193e-01,9.954675407449e-01,9.556035334630e-01,6.440702181749e-01
6.723357536499e+01,5.505048175483e-01,7.504037758191e-01,6.681786379193e-01,9.955478986019e-01,9.563744390974e-01,6.488283701134e-01
6.844987135607e+01,5.514772757954e-01,7.501450663429e-01,6.681786379193e-01,9.956268349112e-01,9.571322788323e-01,6.535502804046e-01
6.968817087633e+01,5.524545184882e-01,7.498888989873e-01,6.681786379193e-01,9.957043747090e-01,9.578772626259e-01,6.582353034667e-01
7.094887198291e+01,5.534365416105e-01,7.496352565829e-01,6.681786379193e-01,9.957805425948e-01,9.586095974830e-01,6.628828276854e-01
7.223237993404e+01,5.544233428878e-01,7.493841221655e-01,6.681786379193e-01,9.958553627382e-01,9.593294874813e-01,6.674922751358e-01
7.353910731931e+01,5.554149214037e-01,7.491354789758e-01,6.681786379193e-01,9.959288588868e-01,9.600371337969e-01,6.720631012583e-01
7.486947419232e+01,5.564112772338e-01,7.488893104572e-01,6.681786379193e-01,9.960010543734e-01,9.607327347304e-01,6.765947944880e-01
7.622390820568e+01,5.574124110990e-01,7.486456002548e-01,6.681786379193e-01,9.960719721229e-01,9.614164857340e-01,6.810868758446e-01
7.760284474849e+01,5.584183240427e-01,7.484043322122e-01,6.681786379193e-01,9.961416346593e-01,9.620885794382e-01,6.855388984821e-01
7.900672708631e+01,5.594290171338e-01,7.481654903699e-01,6.681786379193e-01,9.962100641130e-01,9.627492056795e-01,6.899504472047e-01
8.043600650364e+01,5.604444911995e-01,7.479290589621e-01,6.681786379193e-01,9.962772822270e-01,9.633985515279e-01,6.943211379479e-01
8.189114244900e+01,5.614647465861e-01,7.476950224133e-01,6.681786379193e-01,9.963433103641e-01,9.640368013149e-01,6.986506172318e-01
8.337260268258e+01,5.624897829522e-01,7.474633653357e-01,6.681786379193e-01,9.964081695130e-01,9.646641366618e-01,7.029385615855e-01
8.488086342668e+01,5.635195990908e-01,7.472340725257e-01,6.681786379193e-01,9.964718802951e-01,9.652807365081e-01,7.071846769483e-01
8.641640951870e+01,5.645541927831e-01,7.470071289602e-01,6.681786379193e-01,9.965344629706e-01,9.658867771400e-01,7.113886980483e-01
8.797973456709e+01,5.655935606801e-01,7.467825197936e-01,6.681786379193e-01,9.965959374447e-01,9.664824322193e-01,7.155503877616e-01
8.957134110993e+01,5.666376982126e-01,7.465602303540e-01,6.681786379193e-01,9.966563232741e-01,9.670678728119e-01,7.196695364555e-01
9.119174077655e+01,5.676865995275e-01,7.463402461401e-01,6.681786379193e-01,9.967156396726e-01,9.676432674173e-01,7.237459613158e-01
9.284145445195e+01,5.687402574469e-01,7.461225528176e-01,6.681786379193e-01,9.967739055171e-01,9.682087819973e-01,7.277795056626e-01
9.452101244425e+01,5.697986634497e-01,7.459071362162e-01,6.681786379193e-01,9.968311393537e-01,9.687645800053e-01,7.317700382558e-01
9.623095465518e+01,5.708618076715e-01,7.456939823260e-01,6.681786379193e-01,9.968873594031e-01,9.693108224154e-01,7.357174525919e-01
9.797183075359e+01,5.719296789212e-01,7.454830772951e-01,6.681786379193e-01,9.969425835664e-01,9.698476677513e-01,7.396216661952e-01
9.974420035222e+01,5.730022647115e-01,7.452744074261e-01,6.681786379193e-01,9.969968294306e-01,9.703752721160e-01,7.434826199042e-01
1.015486331875e+02,5.740795512999e-01,7.450679591736e-01,6.681786379193e-01,9.970501142739e-01,9.708937892206e-01,7.473002771550e-01
1.033857093027e+02,5.751615237394e-01,7.448637191415e-01,6.681786379193e-01,9.971024550715e-01,9.714033704134e-01,7.510746232647e-01
1.052560192346e+02,5.762481659342e-01,7.446616740803e-01,6.681786379193e-01,9.971538685003e-01,9.719041647092e-01,7.548056647136e-01
1.071601642029e+02,5.773394607005e-01,7.444618108852e-01,6.681786379193e-01,9.972043709443e-01,9.723963188181e-01,7.584934284311e-01
1.090987563038e+02,5.784353898283e-01,7.442641165934e-01,6.681786379193e-01,9.972539784999e-01,9.728799771743e-01,7.621379610831e-01
1.110724187069e+02,5.795359341442e-01,7.440685783821e-01,6.681786379193e-01,9.973027069803e-01,9.733552819655e-01,7.657393283654e-01
1.130817858551e+02,5.806410735720e-01,7.438751835664e-01,6.681786379193e-01,9.973505719213e-01,9.738223731610e-01,7.692976143015e-01
1.151275036687e+02,5.817507871914e-01,7.436839195979e-01,6.681786379193e-01,9.973975885854e-01,9.742813885404e-01,7.728129205474e-01
1.172102297533e+02,5.828650532918e-01,7.434947740623e-01,6.681786379193e-01,9.974437719666e-01,9.747324637226e-01,7.762853657047e-01
1.193306336109e+02,5.839838494224e-01,7.433077346777e-01,6.681786379193e-01,9.974891367956e-01,9.751757321932e-01,7.797150846410e-01
1.214893968551e+02,5.851071524369e-01,7.431227892937e-01,6.681786379193e-01,9.975336975438e-01,9.756113253338e-01,7.831022278205e-01
1.236872134304e+02,5.862349385318e-01,7.429399258889e-01,6.681786379193e-01,9.975774684281e-01,9.760393724489e-01,7.864469606448e-01
1.259247898351e+02,5.873671832801e-01,7.427591325701e-01,6.681786379193e-01,9.976204634152e-01,9.764600007946e-01,7.897494628030e-01
1.282028453486e+02,5.885038616585e-01,7.425803975705e-01,6.681786379193e-01,9.976626962263e-01,9.768733356057e-01,7.930099276353e-01
1.305221122624e+02,5.896449480693e-01,7.424037092483e-01,6.681786379193e-01,9.977041803408e-01,9.772795001237e-01,7.962285615062e-01
1.328833361157e+02,5.907904163570e-01,7.422290560856e-01,6.681786379193e-01,9.977449290010e-01,9.776786156236e-01,7.994055831915e-01
1.352872759348e+02,5.919402398202e-01,7.420564266867e-01,6.681786379193e-01,9.977849552161e-01,9.780708014413e-01,8.025412232773e-01
1.377347044773e+02,5.930943912187e-01,7.418858097770e-01,6.681786379193e-01,9.978242717659e-01,9.784561750003e-01,8.056357235722e-01
1.402264084805e+02,5.942528427777e-01,7.417171942018e-01,6.681786379193e-01,9.978628912056e-01,9.788348518384e-01,8.086893365324e-01
1.427631889142e+02,5.954155661880e-01,7.415505689247e-01,6.681786379193e-01,9.979008258689e-01,9.792069456345e-01,8.117023247013e-01
1.453458612384e+02,5.965825326038e-01,7.413859230266e-01,6.681786379193e-01,9.979380878724e-01,9.795725682341e-01,8.146749601614e-01
1.479752556649e+02,5.977537126388e-01,7.412232457041e-01,6.681786379193e-01,9.979746891190e-01,9.799318296760e-01,8.176075240016e-01
1.506522174250e+02,5.989290763602e-01,7.410625262688e-01,6.681786379193e-01,9.980106413022e-01,9.802848382178e-01,8.205003057971e-01
1.533776070403e+02,6.001085932824e-01,7.409037541455e-01,6.681786379193e-01,9.980459559090e-01,9.806317003614e-01,8.233536031042e-01
1.561523006000e+02,6.012922323598e-01,7.407469188712e-01,6.681786379193e-01,9.980806442241e-01,9.809725208782e-01,8.261677209691e-01
1.589771900423e+02,6.024799619792e-01,7.405920100938e-01,6.681786379193e-01,9.981147173334e-01,9.813074028345e-01,8.289429714502e-01
1.618531834410e+02,6.036717499533e-01,7.404390175708e-01,6.681786379193e-01,9.981481861270e-01,9.816364476159e-01,8.316796731551e-01
1.647812052976e+02,6.048675635138e-01,7.402879311684e-01,6.681786379193e-01,9.981810613032e-01,9.819597549521e-01,8.343781507911e-01
1.677621968382e+02,6.060673693058e-01,7.401387408599e-01,6.681786379193e-01,9.982133533714e-01,9.822774229412e-01,8.370387347299e-01
1.707971163164e+02,6.072711333830e-01,7.399914367244e-01,6.681786379193e-01,9.982450726559e-01,9.825895480737e-01,8.396617605859e-01
1.738869393213e+02,6.084788212035e-01,7.398460089461e-01,6.681786379193e-01,9.982762292987e-01,9.828962252562e-01,8.422475688082e-01
1.770326590908e+02,6.096903976273e-01,7.397024478127e-01,6.681786379193e-01,9.983068332627e-01,9.831975478351e-01,8.447965042859e-01
1.802352868310e+02,6.109058269144e-01,7.395607437143e-01,6.681786379193e-01,9.983368943352e-01,9.834936076200e-01,8.473089159671e-01
1.834958520417e+02,6.121250727239e-01,7.394208871423e-01,6.681786379193e-01,9.983664221307e-01,9.837844949064e-01,8.497851564910e-01
1.868154028465e+02,6.133480981144e-01,7.392828686882e-01,6.681786379193e-01,9.983954260939e-01,9.840702984987e-01,8.522255818324e-01
1.901950063307e+02,6.145748655451e-01,7.391466790424e-01,6.681786379193e-01,9.984239155030e-01,9.843511057326e-01,8.546305509596e-01
1.936357488833e+02,6.158053368778e-01,7.390123089932e-01,6.681786379193e-01,9.984518994723e-01,9.846270024974e-01,8.570004255045e-01
1.971387365470e+02,6.170394733795e-01,7.388797494254e-01,6.681786379193e-01,9.984793869549e-01,9.848980732581e-01,8.593355694449e-01
2.007050953736e+02,6.182772357261e-01,7.387489913198e-01,6.681786379193e-01,9.985063867461e-01,9.851644010771e-01,8.616363487991e-01
2.043359717857e+02,6.195185840055e-01,7.386200257514e-01,6.681786379193e-01,9.985329074859e-01,9.854260676352e-01,8.639031313323e-01
2.080325329453e+02,6.207634777229e-01,7.384928438887e-01,6.681786379193e-01,9.985589576613e-01,9.856831532537e-01,8.661362862742e-01
2.117959671292e+02,6.220118758046e-01,7.383674369926e-01,6.681786379193e-01,9.985845456099e-01,9.859357369146e-01,8.683361840481e-01
2.156274841108e+02,6.232637366034e-01,7.382437964155e-01,6.681786379193e-01,9.986096795217e-01,9.861838962816e-01,8.705031960112e-01
2.195283155490e+02,6.245190179039e-01,7.381219135999e-01,6.681786379193e-01,9.986343674419e-01,9.864277077203e-01,8.726376942055e-01
2.234997153843e+02,6.257776769273e-01,7.380017800778e-01,6.681786379193e-01,9.986586172737e-01,9.866672463190e-01,8.747400511190e-01
2.275429602415e+02,6.270396703376e-01,7.378833874693e-01,6.681786379193e-01,9.986824367807e-01,9.869025859077e-01,8.768106394579e-01
2.316593498406e+02,6.283049542467e-01,7.377667274821e-01,6.681786379193e-01,9.987058335891e-01,9.871337990785e-01,8.788498319275e-01
2.358502074140e+02,6.295734842205e-01,7.376517919100e-01,6.681786379193e-01,9.987288151904e-01,9.873609572046e-01,8.808580010241e-01
2.401168801324e+02,6.308452152841e-01,7.375385726322e-01,6.681786379193e-01,9.987513889437e-01,9.875841304599e-01,8.828355188354e-01
2.444607395376e+02,6.321201019286e-01,7.374270616126e-01,6.681786379193e-01,9.987735620779e-01,9.878033878371e-01,8.847827568508e-01
2.488831819833e+02,6.333980981163e-01,7.373172508984e-01,6.681786379193e-01,9.987953416942e-01,9.880187971673e-01,8.867000857800e-01
2.533856290843e+02,6.346791572870e-01,7.372091326193e-01,6.681786379193e-01,9.988167347682e-01,9.882304251377e-01,8.885878753804e-01
2.579695281731e+02,6.359632323644e-01,7.371026989870e-01,6.681786379193e-01,9.988377481520e-01,9.884383373101e-01,8.904464942934e-01
2.626363527653e+02,6.372502757622e-01,7.369979422936e-01,6.681786379193e-01,9.988583885767e-01,9.886425981386e-01,8.922763098880e-01
2.673876030334e+02,6.385402393907e-01,7.368948549114e-01,6.681786379193e-01,9.988786626544e-01,9.888432709875e-01,8.940776881128e-01
2.722248062889e+02,6.398330746632e-01,7.367934292914e-01,6.681786379193e-01,9.988985768800e-01,9.890404181485e-01,8.958509933558e-01
2.771495174732e+02,6.411287325030e-01,7.366936579631e-01,6.681786379193e-01,9.989181376336e-01,9.892341008579e-01,8.975965883110e-01
2.821633196576e+02,6.424271633499e-01,7.365955335329e-01,6.681786379193e-01,9.989373511826e-01,9.894243793139e-01,8.993148338524e-01
2.872678245521e+02,6.437283171680e-01,7.364990486839e-01,6.681786379193e-01,9.989562236834e-01,9.896113126925e-01,9.010060889153e-01
2.924646730236e+02,6.450321434521e-01,7.364041961747e-01,6.681786379193e-01,9.989747611833e-01,9.897949591649e-01,9.026707103838e-01
2.977555356231e+02,6.463385912359e-01,7.363109688387e-01,6.681786379193e-01,9.989929696228e-01,9.899753759132e-01,9.043090529847e-01
3.031421131230e+02,6.476476090992e-01,7.362193595833e-01,6.681786379193e-01,9.990108548373e-01,9.901526191464e-01,9.059214691881e-01
3.086261370636e+02,6.489591451756e-01,7.361293613888e-01,6.681786379193e-01,9.990284225587e-01,9.903267441164e-01,9.075083091135e-01
3.142093703100e+02,6.502731471611e-01,7.360409673082e-01,6.681786379193e-01,9.990456784178e-01,9.904978051332e-01,9.090699204418e-01
3.198936076184e+02,6.515895623216e-01,7.359541704659e-01,6.681786379193e-01,9.990626279453e-01,9.906658555808e-01,9.106066483336e-01
3.256806762133e+02,6.529083375015e-01,7.358689640571e-01,6.681786379193e-01,9.990792765743e-01,9.908309479316e-01,9.121188353512e-01
3.315724363747e+02,6.542294191324e-01,7.357853413469e-01,6.681786379193e-01,9.990956296417e-01,9.909931337619e-01,9.136068213881e-01
3.375707820365e+02,6.555527532414e-01,7.357032956699e-01,6.681786379193e-01,9.991116923898e-01,9.911524637660e-01,9.150709436009e-01
3.436776413945e+02,6.568782854602e-01,7.356228204289e-01,6.681786379193e-01,9.991274699682e-01,9.913089877712e-01,9.165115363486e-01
3.498949775273e+02,6.582059610340e-01,7.355439090948e-01,6.681786379193e-01,9.991429674352e-01,9.914627547515e-01,9.179289311340e-01
3.562247890262e+02,6.595357248308e-01,7.354665552053e-01,6.681786379193e-01,9.991581897596e-01,9.916138128421e-01,9.193234565518e-01
3.626691106388e+02,6.608675213503e-01,7.353907523645e-01,6.681786379193e-01,9.991731418222e-01,9.917622093528e-01,9.206954382391e-01
3.692300139220e+02,6.622012947337e-01,7.353164942420e-01,6.681786379193e-01,9.991878284173e-01,9.919079907820e-01,9.220451988314e-01
3.759096079088e+02,6.635369887732e-01,7.352437745725e-01,6.681786379193e-01,9.992022542545e-01,9.920512028297e-01,9.233730579215e-01
3.827100397856e+02,6.648745469216e-01,7.351725871545e-01,6.681786379193e-01,9.992164239598e-01,9.921918904110e-01,9.246793320226e-01
3.896334955829e+02,6.662139123022e-01,7.351029258504e-01,6.681786379193e-01,9.992303420772e-01,9.923300976688e-01,9.259643345354e-01
3.966822008778e+02,6.675550277189e-01,7.350347845851e-01,6.681786379193e-01,9.992440130704e-01,9.924658679869e-01,9.272283757175e-01
4.038584215092e+02,6.688978356658e-01,7.349681573458e-01,6.681786379193e-01,9.992574413238e-01,9.925992440027e-01,9.284717626576e-01
4.111644643066e+02,6.702422783381e-01,7.349030381812e-01,6.681786379193e-01,9.992706311445e-01,9.927302676190e-01,9.296947992515e-01
4.186026778315e+02,6.715882976420e-01,7.348394212007e-01,6.681786379193e-01,9.992835867628e-01,9.928589800169e-01,9.308977861822e-01
4.261754531322e+02,6.729358352051e-01,7.347773005737e-01,6.681786379193e-01,9.992963123345e-01,9.929854216675e-01,9.320810209020e-01
4.338852245124e+02,6.742848323872e-01,7.347166705295e-01,6.681786379193e-01,9.993088119415e-01,9.931096323437e-01,9.332447976182e-01
4.417344703140e+02,6.756352302907e-01,7.346575253559e-01,6.681786379193e-01,9.993210895934e-01,9.932316511320e-01,9.343894072808e-01
4.497257137135e+02,6.769869697714e-01,7.345998593992e-01,6.681786379193e-01,9.993331492288e-01,9.933515164440e-01,9.355151375730e-01
4.578615235333e+02,6.783399914496e-01,7.345436670630e-01,6.681786379193e-01,9.993449947165e-01,9.934692660276e-01,9.366222729040e-01
4.661445150672e+02,6.796942357207e-01,7.344889428083e-01,6.681786379193e-01,9.993566298568e-01,9.935849369783e-01,9.377110944046e-01
4.745773509213e+02,6.810496427661e-01,7.344356811521e-01,6.681786379193e-01,9.993680583824e-01,9.936985657498e-01,9.387818799238e-01
4.831627418698e+02,6.824061525650e-01,7.343838766673e-01,6.681786379193e-01,9.993792839602e-01,9.938101881653e-01,9.398349040289e-01
4.919034477267e+02,6.837637049048e-01,7.343335239822e-01,6.681786379193e-01,9.993903101919e-01,9.939198394275e-01,9.408704380067e-01
5.008022782324e+02,6.851222393927e-01,7.342846177793e-01,6.681786379193e-01,9.994011406153e-01,9.940275541297e-01,9.418887498667e-01
5.098620939573e+02,6.864816954670e-01,7.342371527955e-01,6.681786379193e-01,9.994117787056e-01,9.941333662654e-01,9.428901043464e-01
5.190858072213e+02,6.878420124085e-01,7.341911238209e-01,6.681786379193e-01,9.994222278765e-01,9.942373092390e-01,9.438747629177e-01
5.284763830299e+02,6.892031293518e-01,7.341465256984e-01,6.681786379193e-01,9.994324914808e-01,9.943394158755e-01,9.448429837958e-01
5.380368400273e+02,6.905649852971e-01,7.341033533233e-01,6.681786379193e-01,9.994425728123e-01,9.944397184302e-01,9.457950219488e-01
5.477702514668e+02,6.919275191212e-01,7.340616016428e-01,6.681786379193e-01,9.994524751062e-01,9.945382485986e-01,9.467311291091e-01
5.576797461987e+02,6.932906695897e-01,7.340212656549e-01,6.681786379193e-01,9.994622015403e-01,9.946350375256e-01,9.476515537864e-01
5.677685096762e+02,6.946543753681e-01,7.339823404085e-01,6.681786379193e-01,9.994717552361e-01,9.947301158149e-01,9.485565412811e-01
5.780397849791e+02,6.960185750340e-01,7.339448210026e-01,6.681786379193e-01,9.994811392598e-01,9.948235135385e-01,9.494463337005e-01
5.884968738567e+02,6.973832070882e-01,7.339087025856e-01,6.681786379193e-01,9.994903566232e-01,9.949152602453e-01,9.503211699742e-01
5.991431377888e+02,6.987482099667e-01,7.338739803550e-01,6.681786379193e-01,9.994994102847e-01,9.950053849702e-01,9.511812858724e-01
6.099819990663e+02,7.001135220525e-01,7.338406495568e-01,6.681786379193e-01,9.995083031503e-01,9.950939162429e-01,9.520269140237e-01
6.210169418916e+02,7.014790816874e-01,7.338087054850e-01,6.681786379193e-01,9.995170380742e-01,9.951808820963e-01,9.528582839352e-01
6.322515134982e+02,7.028448271833e-01,7.337781434811e-01,6.681786379193e-01,9.995256178603e-01,9.952663100752e-01,9.536756220124e-01
6.436893252916e+02,7.042106968345e-01,7.337489589333e-01,6.681786379193e-01,9.995340452626e-01,9.953502272444e-01,9.544791515805e-01
6.553340540093e+02,7.055766289291e-01,7.337211472767e-01,6.681786379193e-01,9.995423229864e-01,9.954326601971e-01,9.552690929066e-01
6.671894429036e+02,7.069425617609e-01,7.336947039919e-01,6.681786379193e-01,9.995504536889e-01,9.955136350629e-01,9.560456632220e-01
6.792593029443e+02,7.083084336410e-01,7.336696246054e-01,6.681786379193e-01,9.995584399800e-01,9.955931775155e-01,9.568090767459e-01
6.915475140439e+02,7.096741829098e-01,7.336459046882e-01,6.681786379193e-01,9.995662844238e-01,9.956713127808e-01,9.575595447095e-01
7.040580263051e+02,7.110397479485e-01,7.336235398562e-01,6.681786379193e-01,9.995739895383e-01,9.957480656444e-01,9.582972753801e-01
7.167948612902e+02,7.124050671906e-01,7.336025257690e-01,6.681786379193e-01,9.995815577974e-01,9.958234604594e-01,9.590224740870e-01
7.297621133138e+02,7.137700791339e-01,7.335828581301e-01,6.681786379193e-01,9.995889916308e-01,9.958975211532e-01,9.597353432464e-01
7.429639507595e+02,7.151347223519e-01,7.335645326856e-01,6.681786379193e-01,9.995962934252e-01,9.959702712357e-01,9.604360823882e-01
7.564046174192e+02,7.164989355055e-01,7.335475452247e-01,6.681786379193e-01,9.996034655248e-01,9.960417338055e-01,9.611248881818e-01
7.700884338577e+02,7.178626573542e-01,7.335318915784e-01,6.681786379193e-01,9.996105102324e-01,9.961119315577e-01,9.618019544639e-01
7.840197988013e+02,7.192258267681e-01,7.335175676195e-01,6.681786379193e-01,9.996174298099e-01,9.961808867906e-01,9.624674722650e-01
7.982031905520e+02,7.205883827388e-01,7.335045692620e-01,6.681786379193e-01,9.996242264790e-01,9.962486214123e-01,9.631216298372e-01
8.126431684270e+02,7.219502643910e-01,7.334928924608e-01,6.681786379193e-01,9.996309024221e-01,9.963151569478e-01,9.637646126824e-01
8.273443742243e+02,7.233114109940e-01,7.334825332110e-01,6.681786379193e-01,9.996374597828e-01,9.963805145453e-01,9.643966035798e-01
8.423115337149e+02,7.246717619723e-01,7.334734875479e-01,6.681786379193e-01,9.996439006667e-01,9.964447149829e-01,9.650177826148e-01
8.575494581615e+02,7.260312569176e-01,7.334657515458e-01,6.681786379193e-01,9.996502271420e-01,9.965077786747e-01,9.656283272072e-01
8.730630458660e+02,7.273898355991e-01,7.334593213186e-01,6.681786379193e-01,9.996564412401e-01,9.965697256774e-01,9.662284121401e-01
8.888572837431e+02,7.287474379749e-01,7.334541930184e-01,6.681786379193e-01,9.996625449567e-01,9.966305756962e-01,9.668182095882e-01
9.049372489239e+02,7.301040042029e-01,7.334503628357e-01,6.681786379193e-01,9.996685402517e-01,9.966903480913e-01,9.673978891475e-01
9.213081103880e+02,7.314594746515e-01,7.334478269988e-01,6.681786379193e-01,9.996744290504e-01,9.967490618831e-01,9.679676178639e-01
9.379751306249e+02,7.328137899103e-01,7.334465817733e-01,6.681786379193e-01,9.996802132439e-01,9.968067357589e-01,9.685275602620e-01
9.549436673257e+02,7.341668908009e-01,7.334466234617e-01,6.681786379193e-01,9.996858946898e-01,9.968633880780e-01,9.690778783751e-01
9.722191751053e+02,7.355187183873e-01,7.334479484034e-01,6.681786379193e-01,9.996914752128e-01,9.969190368779e-01,9.696187317734e-01
9.898072072560e+02,7.368692139861e-01,7.334505529735e-01,6.681786379193e-01,9.996969566049e-01,9.969736998796e-01,9.701502775937e-01
1.007713417532e+03,7.382183191774e-01,7.334544335831e-01,6.681786379193e-01,9.997023406266e-01,9.970273944928e-01,9.706726705688e-01
1.025943561969e+03,7.395659758143e-01,7.334595866788e-01,6.681786379193e-01,9.997076290070e-01,9.970801378222e-01,9.711860630560e-01
1.044503500731e+03,7.409121260335e-01,7.334660087418e-01,6.681786379193e-01,9.997128234447e-01,9.971319466715e-01,9.716906050666e-01
1.063399199995e+03,7.422567122649e-01,7.334736962883e-01,6.681786379193e-01,9.997179256079e-01,9.971828375500e-01,9.721864442948e-01
1.082636733874e+03,7.435996772417e-01,7.334826458683e-01,6.681786379193e-01,9.997229371354e-01,9.972328266764e-01,9.726737261468e-01
1.102222286361e+03,7.449409640097e-01,7.334928540661e-01,6.681786379193e-01,9.997278596368e-01,9.972819299849e-01,9.731525937696e-01
1.122162153323e+03,7.462805159374e-01,7.335043174989e-01,6.681786379193e-01,9.997326946930e-01,9.973301631296e-01,9.736231880795e-01
1.142462744524e+03,7.476182767251e-01,7.335170328174e-01,6.681786379193e-01,9.997374438573e-01,9.973775414893e-01,9.740856477912e-01
1.163130585681e+03,7.489541904141e-01,7.335309967048e-01,6.681786379193e-01,9.997421086549e-01,9.974240801728e-01,9.745401094461e-01
1.184172320570e+03,7.502882013963e-01,7.335462058767e-01,6.681786379193e-01,9.997466905842e-01,9.974697940228e-01,9.749867074407e-01
1.205594713154e+03,7.516202544225e-01,7.335626570807e-01,6.681786379193e-01,9.997511911169e-01,9.975146976215e-01,9.754255740548e-01
1.227404649759e+03,7.529502946119e-01,7.335803470959e-01,6.681786379193e-01,9.997556116988e-01,9.975588052942e-01,9.758568394796e-01
1.249609141292e+03,7.542782674607e-01,7.335992727327e-01,6.681786379193e-01,9.997599537497e-01,9.976021311143e-01,9.762806318458e-01
1.272215325490e+03,7.556041188503e-01,7.336194308324e-01,6.681786379193e-01,9.997642186644e-01,9.976446889078e-01,9.766970772510e-01
1.295230469215e+03,7.569277950559e-01,7.336408182670e-01,6.681786379193e-01,9.997684078129e-01,9.976864922570e-01,9.771062997878e-01
1.318661970792e+03,7.582492427552e-01,7.336634319384e-01,6.681786379193e-01,9.997725225409e-01,9.977275545055e-01,9.775084215705e-01
1.342517362387e+03,7.595684090355e-01,7.336872687785e-01,6.681786379193e-01,9.997765641702e-01,9.977678887617e-01,9.779035627627e-01
1.366804312426e+03,7.608852414026e-01,7.337123257488e-01,6.681786379193e-01,9.997805339991e-01,9.978075079034e-01,9.782918416042e-01
1.391530628061e+03,7.621996877881e-01,7.337385998398e-01,6.681786379193e-01,9.997844333028e-01,9.978464245815e-01,9.786733744380e-01
1.416704257683e+03,7.635116965568e-01,7.337660880709e-01,6.681786379193e-01,9.997882633341e-01,9.978846512241e-01,9.790482757361e-01
1.442333293470e+03,7.648212165148e-01,7.337947874901e-01,6.681786379193e-01,9.997920253232e-01,9.979222000405e-01,9.794166581267e-01
1.468425973997e+03,7.661281969160e-01,7.338246951734e-01,6.681786379193e-01,9.997957204788e-01,9.979590830247e-01,9.797786324198e-01
1.494990686875e+03,7.674325874696e-01,7.338558082247e-01,6.681786379193e-01,9.997993499879e-01,9.979953119594e-01,9.801343076331e-01
1.522035971456e+03,7.687343383470e-01,7.338881237754e-01,6.681786379193e-01,9.998029150165e-01,9.980308984197e-01,9.804837910178e-01
1.549570521572e+03,7.700334001886e-01,7.339216389841e-01,6.681786379193e-01,9.998064167100e-01,9.980658537766e-01,9.808271880841e-01
1.577603188331e+03,7.713297241099e-01,7.339563510363e-01,6.681786379193e-01,9.998098561933e-01,9.981001892007e-01,9.811646026257e-01
1.606142982966e+03,7.726232617087e-01,7.339922571440e-01,6.681786379193e-01,9.998132345714e-01,9.981339156656e-01,9.814961367457e-01
1.635199079725e+03,7.739139650704e-01,7.340293545454e-01,6.681786379193e-01,9.998165529298e-01,9.981670439514e-01,9.818218908804e-01
1.664780818826e+03,7.752017867748e-01,7.340676405046e-01,6.681786379193e-01,9.998198123344e-01,9.981995846482e-01,9.821419638242e-01
1.694897709457e+03,7.764866799016e-01,7.341071123115e-01,6.681786379193e-01,9.998230138326e-01,9.982315481590e-01,9.824564527536e-01
1.725559432831e+03,7.777685980360e-01,7.341477672811e-01,6.681786379193e-01,9.998261584529e-01,9.982629447036e-01,9.827654532512e-01
1.756775845302e+03,7.790474952742e-01,7.341896027534e-01,6.681786379193e-01,9.998292472055e-01,9.982937843213e-01,9.830690593292e-01
1.788556981531e+03,7.803233262292e-01,7.342326160931e-01,6.681786379193e-01,9.998322810829e-01,9.983240768743e-01,9.833673634529e-01
1.820913057712e+03,7.815960460352e-01,7.342768046894e-01,6.681786379193e-01,9.998352610599e-01,9.983538320507e-01,9.836604565639e-01
1.853854474856e+03,7.828656103529e-01,7.343221659554e-01,6.681786379193e-01,9.998381880939e-01,9.983830593678e-01,9.839484281029e-01
1.887391822135e+03,7.841319753745e-01,7.343686973282e-01,6.681786379193e-01,9.998410631253e-01,9.984117681746e-01,9.842313660324e-01
1.921535880284e+03,7.853950978278e-01,7.344163962682e-01,6.681786379193e-01,9.998438870779e-01,9.984399676553e-01,9.845093568587e-01
1.956297625070e+03,7.866549349809e-01,7.344652602590e-01,6.681786379193e-01,9.998466608590e-01,9.984676668318e-01,9.847824856548e-01
1.991688230818e+03,7.879114446464e-01,7.345152868074e-01,6.681786379193e-01,9.998493853599e-01,9.984948745666e-01,9.850508360812e-01
2.027719074001e+03,7.891645851853e-01,7.345664734424e-01,6.681786379193e-01,9.998520614559e-01,9.985215995661e-01,9.853144904085e-01
2.064401736902e+03,7.904143155108e-01,7.346188177157e-01,6.681786379193e-01,9.998546900070e-01,9.985478503824e-01,9.855735295380e-01
2.101748011332e+03,7.916605950924e-01,7.346723172008e-01,6.681786379193e-01,9.998572718577e-01,9.985736354168e-01,9.858280330231e-01
2.139769902427e+03,7.929033839587e-01,7.347269694931e-01,6.681786379193e-01,9.998598078376e-01,9.985989629222e-01,9.860780790898e-01
2.178479632499e+03,7.941426427014e-01,7.347827722095e-01,6.681786379193e-01,9.998622987615e-01,9.986238410057e-01,9.863237446579e-01
2.217889644970e+03,7.953783324780e-01,7.348397229879e-01,6.681786379193e-01,9.998647454299e-01,9.986482776310e-01,9.865651053604e-01
2.258012608373e+03,7.966104150146e-01,7.348978194874e-01,6.681786379193e-01,9.998671486289e-01,9.986722806211e-01,9.868022355642e-01
2.298861420421e+03,7.978388526092e-01,7.349570593877e-01,6.681786379193e-01,9.998695091307e-01,9.986958576609e-01,9.870352083896e-01
2.340449212153e+03,7.990636081338e-01,7.350174403887e-01,6.681786379193e-01,9.998718276939e-01,9.987190162993e-01,9.872640957299e-01
2.382789352159e+03,8.002846450372e-01,7.350789602108e-01,6.681786379193e-01,9.998741050633e-01,9.987417639519e-01,9.874889682704e-01
2.425895450873e+03,8.015019273466e-01,7.351416165937e-01,6.681786379193e-01,9.998763419709e-01,9.987641079031e-01,9.877098955079e-01
2.469781364952e+03,8.027154196705e-01,7.352054072972e-01,6.681786379193e-01,9.998785391355e-01,9.987860553085e-01,9.879269457691e-01
2.514461201725e+03,8.039250871999e-01,7.352703301002e-01,6.681786379193e-01,9.998806972630e-01,9.988076131973e-01,9.881401862291e-01
2.559949323735e+03,8.051308957103e-01,7.353363828005e-01,6.681786379193e-01,9.998828170469e-01,9.988287884742e-01,9.883496829298e-01
2.606260353350e+03,8.063328115633e-01,7.354035632150e-01,6.681786379193e-01,9.998848991685e-01,9.988495879221e-01,9.885555007979e-01
2.653409177464e+03,8.075308017075e-01,7.354718691790e-01,6.681786379193e-01,9.998869442967e-01,9.988700182035e-01,9.887577036627e-01
2.701410952287e+03,8.087248336805e-01,7.355412985459e-01,6.681786379193e-01,9.998889530888e-01,9.988900858635e-01,9.889563542733e-01
2.750281108213e+03,8.099148756092e-01,7.356118491875e-01,6.681786379193e-01,9.998909261904e-01,9.989097973312e-01,9.891515143163e-01
2.800035354779e+03,8.111008962108e-01,7.356835189929e-01,6.681786379193e-01,9.998928642354e-01,9.989291589219e-01,9.893432444328e-01
2.850689685720e+03,8.122828647940e-01,7.357563058691e-01,6.681786379193e-01,9.998947678466e-01,9.989481768394e-01,9.895316042347e-01
2.902260384106e+03,8.134607512587e-01,7.358302077402e-01,6.681786379193e-01,9.998966376358e-01,9.989668571775e-01,9.897166523221e-01
2.954764027576e+03,8.146345260972e-01,7.359052225472e-01,6.681786379193e-01,9.998984742038e-01,9.989852059223e-01,9.898984462988e-01
3.008217493673e+03,8.158041603937e-01,7.359813482482e-01,6.681786379193e-01,9.999002781409e-01,9.990032289540e-01,9.900770427889e-01
3.062637965260e+03,8.169696258251e-01,7.360585828174e-01,6.681786379193e-01,9.999020500267e-01,9.990209320485e-01,9.902524974526e-01
3.118042936050e+03,8.181308946601e-01,7.361369242455e-01,6.681786379193e-01,9.999037904307e-01,9.990383208798e-01,9.904248650017e-01
3.174450216230e+03,8.192879397595e-01,7.362163705393e-01,6.681786379193e-01,9.999054999121e-01,9.990554010214e-01,9.905941992153e-01
3.231877938182e+03,8.204407345756e-01,7.362969197212e-01,6.681786379193e-01,9.999071790204e-01,9.990721779478e-01,9.907605529545e-01
3.290344562313e+03,8.215892531517e-01,7.363785698292e-01,6.681786379193e-01,9.999088282950e-01,9.990886570371e-01,9.909239781778e-01
3.349868882991e+03,8.227334701214e-01,7.364613189167e-01,6.681786379193e-01,9.999104482662e-01,9.991048435718e-01,9.910845259559e-01
3.410470034587e+03,8.238733607076e-01,7.365451650521e-01,6.681786379193e-01,9.999120394543e-01,9.991207427411e-01,9.912422464858e-01
3.472167497621e+03,8.250089007218e-01,7.366301063185e-01,6.681786379193e-01,9.999136023709e-01,9.991363596422e-01,9.913971891055e-01
3.534981105030e+03,8.261400665626e-01,7.367161408139e-01,6.681786379193e-01,9.999151375181e-01,9.991516992821e-01,9.915494023080e-01
3.598931048540e+03,8.272668352149e-01,7.368032666505e-01,6.681786379193e-01,9.999166453894e-01,9.991667665792e-01,9.916989337551e-01
3.664037885157e+03,8.283891842480e-01,7.368914819544e-01,6.681786379193e-01,9.999181264692e-01,9.991815663645e-01,9.918458302914e-01
3.730322543777e+03,8.295070918144e-01,7.369807848661e-01,6.681786379193e-01,9.999195812337e-01,9.991961033838e-01,9.919901379573e-01
3.797806331911e+03,8.306205366480e-01,7.370711735393e-01,6.681786379193e-01,9.999210101504e-01,9.992103822987e-01,9.921319020028e-01
3.866510942536e+03,8.317294980623e-01,7.371626461415e-01,6.681786379193e-01,9.999224136784e-01,9.992244076883e-01,9.922711669000e-01
3.936458461068e+03,8.328339559485e-01,7.372552008531e-01,6.681786379193e-01,9.999237922688e-01,9.992381840504e-01,9.924079763568e-01
4.007671372463e+03,8.339338907735e-01,7.373488358678e-01,6.681786379193e-01,9.999251463646e-01,9.992517158033e-01,9.925423733287e-01
4.080172568442e+03,8.350292835776e-01,7.374435493919e-01,6.681786379193e-01,9.999264764012e-01,9.992650072870e-01,9.926744000318e-01
4.153985354850e+03,8.361201159723e-01,7.375393396443e-01,6.681786379193e-01,9.999277828058e-01,9.992780627646e-01,9.928040979551e-01
4.229133459151e+03,8.372063701378e-01,7.376362048561e-01,6.681786379193e-01,9.999290659984e-01,9.992908864236e-01,9.929315078725e-01
4.305641038053e+03,8.382880288209e-01,7.377341432707e-01,6.681786379193e-01,9.999303263914e-01,9.993034823774e-01,9.930566698547e-01
4.383532685272e+03,8.393650753315e-01,7.378331531433e-01,6.681786379193e-01,9.999315643898e-01,9.993158546665e-01,9.931796232809e-01
4.462833439439e+03,8.404374935406e-01,7.379332327407e-01,6.681786379193e-01,9.999327803915e-01,9.993280072598e-01,9.933004068507e-01
4.543568792152e+03,8.415052678775e-01,7.380343803413e-01,6.681786379193e-01,9.999339747873e-01,9.993399440558e-01,9.934190585950e-01
4.625764696163e+03,8.425683833260e-01,7.381365942346e-01,6.681786379193e-01,9.999351479611e-01,9.993516688840e-01,9.935356158875e-01
4.709447573729e+03,8.436268254224e-01,7.382398727212e-01,6.681786379193e-01,9.999363002900e-01,9.993631855059e-01,9.936501154556e-01
4.794644325099e+03,8.446805802516e-01,7.383442141125e-01,6.681786379193e-01,9.999374321442e-01,9.993744976166e-01,9.937625933915e-01
4.881382337165e+03,8.457296344441e-01,7.384496167306e-01,6.681786379193e-01,9.999385438877e-01,9.993856088454e-01,9.938730851625e-01
4.969689492264e+03,8.467739751729e-01,7.385560789076e-01,6.681786379193e-01,9.999396358775e-01,9.993965227575e-01,9.939816256217e-01
5.059594177140e+03,8.478135901495e-01,7.386635989864e-01,6.681786379193e-01,9.999407084648e-01,9.994072428547e-01,9.940882490186e-01
5.151125292074e+03,8.488484676208e-01,7.387721753192e-01,6.681786379193e-01,9.999417619943e-01,9.994177725770e-01,9.941929890088e-01
5.244312260166e+03,8.498785963654e-01,7.388818062686e-01,6.681786379193e-01,9.999427968045e-01,9.994281153031e-01,9.942958786643e-01
5.339185036801e+03,8.509039656899e-01,7.389924902062e-01,6.681786379193e-01,9.999438132281e-01,9.994382743520e-01,9.943969504834e-01
5.435774119274e+03,8.519245654252e-01,7.391042255134e-01,6.681786379193e-01,9.999448115917e-01,9.994482529838e-01,9.944962364004e-01
5.534110556593e+03,8.529403859222e-01,7.392170105805e-01,6.681786379193e-01,9.999457922162e-01,9.994580544009e-01,9.945937677949e-01
5.634225959464e+03,8.539514180485e-01,7.393308438067e-01,6.681786379193e-01,9.999467554168e-01,9.994676817487e-01,9.946895755016e-01
5.736152510449e+03,8.549576531841e-01,7.394457236002e-01,6.681786379193e-01,9.999477015030e-01,9.994771381171e-01,9.947836898191e-01
5.839922974309e+03,8.559590832172e-01,7.395616483775e-01,6.681786379193e-01,9.999486307789e-01,9.994864265410e-01,9.948761405195e-01
5.945570708544e+03,8.569557005402e-01,7.396786165635e-01,6.681786379193e-01,9.999495435432e-01,9.994955500017e-01,9.949669568568e-01
6.053129674109e+03,8.579474980455e-01,7.397966265913e-01,6.681786379193e-01,9.999504400893e-01,9.995045114272e-01,9.950561675762e-01
6.162634446331e+03,8.589344691212e-01,7.399156769019e-01,6.681786379193e-01,9.999513207054e-01,9.995133136942e-01,9.951438009225e-01
6.274120226030e+03,8.599166076467e-01,7.400357659441e-01,6.681786379193e-01,9.999521856743e-01,9.995219596278e-01,9.952298846486e-01
6.387622850828e+03,8.608939079883e-01,7.401568921743e-01,6.681786379193e-01,9.999530352743e-01,9.995304520034e-01,9.953144460240e-01
6.503178806669e+03,8.618663649950e-01,7.402790540560e-01,6.681786379193e-01,9.999538697783e-01,9.995387935470e-01,9.953975118432e-01
6.620825239554e+03,8.628339739935e-01,7.404022500602e-01,6.681786379193e-01,9.999546894545e-01,9.995469869362e-01,9.954791084332e-01
6.740599967474e+03,8.637967307842e-01,7.405264786647e-01,6.681786379193e-01,9.999554945664e-01,9.995550348013e-01,9.955592616623e-01
6.862541492573e+03,8.647546316362e-01,7.406517383540e-01,6.681786379193e-01,9.999562853728e-01,9.995629397258e-01,9.956379969474e-01
6.986689013521e+03,8.657076732826e-01,7.407780276194e-01,6.681786379193e-01,9.999570621279e-01,9.995707042474e-01,9.957153392618e-01
7.113082438114e+03,8.666558529162e-01,7.409053449584e-01,6.681786379193e-01,9.999578250813e-01,9.995783308588e-01,9.957913131431e-01
7.241762396106e+03,8.675991681845e-01,7.410336888749e-01,6.681786379193e-01,9.999585744782e-01,9.995858220085e-01,9.958659427002e-01
7.372770252269e+03,8.685376171848e-01,7.411630578786e-01,6.681786379193e-01,9.999593105595e-01,9.995931801015e-01,9.959392516211e-01
7.506148119685e+03,8.694711984596e-01,7.412934504852e-01,6.681786379193e-01,9.999600335618e-01,9.996004075001e-01,9.960112631796e-01
7.641938873290e+03,8.703999109916e-01,7.414248652160e-01,6.681786379193e-01,9.999607437175e-01,9.996075065250e-01,9.960820002432e-01
7.780186163652e+03,8.713237541988e-01,7.415573005978e-01,6.681786379193e-01,9.999614412548e-01,9.996144794553e-01,9.961514852791e-01
7.920934431006e+03,8.722427279299e-01,7.416907551626e-01,6.681786379193e-01,9.999621263979e-01,9.996213285299e-01,9.962197403620e-01
8.064228919537e+03,8.731568324588e-01,7.418252274475e-01,6.681786379193e-01,9.999627993671e-01,9.996280559481e-01,9.962867871802e-01
8.210115691922e+03,8.740660684800e-01,7.419607159946e-01,6.681786379193e-01,9.999634603786e-01,9.996346638698e-01,9.963526470426e-01
8.358641644143e+03,8.749704371036e-01,7.420972193507e-01,6.681786379193e-01,9.999641096449e-01,9.996411544169e-01,9.964173408851e-01
8.509854520558e+03,8.758699398500e-01,7.422347360671e-01,6.681786379193e-01,9.999647473748e-01,9.996475296735e-01,9.964808892770e-01
8.663802929248e+03,8.767645786451e-01,7.423732646994e-01,6.681786379193e-01,9.999653737731e-01,9.996537916868e-01,9.965433124275e-01
8.820536357644e+03,8.776543558152e-01,7.425128038076e-01,6.681786379193e-01,9.999659890412e-01,9.996599424677e-01,9.966046301917e-01
8.980105188436e+03,8.785392740819e-01,7.426533519555e-01,6.681786379193e-01,9.999665933770e-01,9.996659839913e-01,9.966648620768e-01
9.142560715764e+03,8.794193365567e-01,7.427949077110e-01,6.681786379193e-01,9.999671869745e-01,9.996719181978e-01,9.967240272482e-01
9.307955161714e+03,8.802945467365e-01,7.429374696452e-01,6.681786379193e-01,9.999677700246e-01,9.996777469927e-01,9.967821445352e-01
9.476341693098e+03,8.811649084980e-01,7.430810363332e-01,6.681786379193e-01,9.999683427148e-01,9.996834722480e-01,9.968392324370e-01
9.647774438550e+03,8.820304260926e-01,7.432256063530e-01,6.681786379193e-01,9.999689052291e-01,9.996890958023e-01,9.968953091283e-01
9.822308505922e+03,8.828911041414e-01,7.433711782861e-01,6.681786379193e-01,9.999694577483e-01,9.996946194617e-01,9.969503924651e-01
1.000000000000e+04,8.837469476300e-01,7.435177507165e-01,6.681786379193e-01,9.999700004500e-01,9.997000450000e-01,9.970044999899e-01
