omega,slab_re,slab_im,cylinder_re,cylinder_im,sphere_re,sphere_im,first_order_re,first_order_im,powerlaw_q05_re,powerlaw_q05_im,powerlaw_q08_re,powerlaw_q08_im
1.000000000000e-03,9.999998666667e-01,-3.333332793652e-04,9.999999791667e-01,-1.249999964193e-04,9.999999936511e-01,-6.666666552136e-05,9.999990000010e-01,-9.999990000010e-04,9.999999851852e-01,-6.666666251526e-05,9.999999777778e-01,-9.523808888889e-05
1.023326701265e-03,9.999998603737e-01,-3.411088425879e-04,9.999999781834e-01,-1.279158338209e-04,9.999999933511e-01,-6.822177950912e-05,9.999989528036e-01,-1.023325629641e-03,9.999999844860e-01,-6.822177563558e-05,9.999999767289e-01,-9.745967903080e-05
1.047197537522e-03,9.999998537837e-01,-3.490657838646e-04,9.999999771537e-01,-1.308996880783e-04,9.999999930376e-01,-6.981316790030e-05,9.999989033785e-01,-1.047196389143e-03,9.999999837537e-01,-6.981316440073e-05,9.999999756306e-01,-9.973309152030e-05
1.071625201645e-03,9.999998468826e-01,-3.572083341332e-04,9.999999760754e-01,-1.339531457992e-04,9.999999927085e-01,-7.144167935344e-05,9.999988516207e-01,-1.071623971013e-03,9.999999829870e-01,-7.144167500082e-05,9.999999744804e-01,-1.020595352003e-04
1.096622682592e-03,9.999998396559e-01,-3.655408230252e-04,9.999999749462e-01,-1.370778306018e-04,9.999999923648e-01,-7.310817741560e-05,9.999987974201e-01,-1.096621363816e-03,9.999999821840e-01,-7.310817336469e-05,9.999999732760e-01,-1.044402471117e-04
1.122203272309e-03,9.999998320880e-01,-3.740676811666e-04,9.999999737637e-01,-1.402754039783e-04,9.999999920044e-01,-7.481355016665e-05,9.999987406614e-01,-1.122201859075e-03,9.999999813431e-01,-7.481354562037e-05,9.999999720147e-01,-1.068764931518e-04
1.148380572801e-03,9.999998241630e-01,-3.827934425344e-04,9.999999725255e-01,-1.435475661773e-04,9.999999916270e-01,-7.655870351138e-05,9.999986812238e-01,-1.148379058344e-03,9.999999804626e-01,-7.655869856626e-05,9.999999706938e-01,-1.093695687464e-04
1.175168503361e-03,9.999998158639e-01,-3.917227468670e-04,9.999999712287e-01,-1.468960571089e-04,9.999999912319e-01,-7.834456554490e-05,9.999986189809e-01,-1.175166880431e-03,9.999999795404e-01,-7.834456015330e-05,9.999999693106e-01,-1.119207995396e-04
1.202581307975e-03,9.999998071731e-01,-4.008603421315e-04,9.999999698708e-01,-1.503226572693e-04,9.999999908178e-01,-8.017208642408e-05,9.999985538003e-01,-1.202579568802e-03,9.999999785748e-01,-8.017207997833e-05,9.999999678622e-01,-1.145315420981e-04
1.230633562893e-03,9.999997980722e-01,-4.102110870481e-04,9.999999684488e-01,-1.538291886881e-04,9.999999903845e-01,-8.204223601684e-05,9.999984855433e-01,-1.230631699152e-03,9.999999775636e-01,-8.204222978905e-05,9.999999663454e-01,-1.172031846327e-04
1.259340184381e-03,9.999997885417e-01,-4.197799536732e-04,9.999999669596e-01,-1.574175158961e-04,9.999999899305e-01,-8.395601129599e-05,9.999984140648e-01,-1.259338187149e-03,9.999999765046e-01,-8.395600400077e-05,9.999999647569e-01,-1.199371477364e-04
1.288716436653e-03,9.999997785614e-01,-4.295720300436e-04,9.999999654002e-01,-1.610895469179e-04,9.999999894552e-01,-8.591442814775e-05,9.999983392127e-01,-1.288714296370e-03,9.999999753957e-01,-8.591442022504e-05,9.999999630936e-01,-1.227348851398e-04
1.318777939987e-03,9.999997681100e-01,-4.395925228816e-04,9.999999637672e-01,-1.648472342856e-04,9.999999889579e-01,-8.791852725216e-05,9.999982608278e-01,-1.318775646405e-03,9.999999742344e-01,-8.791851981084e-05,9.999999613517e-01,-1.255978844839e-04
1.349540679028e-03,9.999997571654e-01,-4.498467603626e-04,9.999999620571e-01,-1.686925760775e-04,9.999999884365e-01,-8.996937753700e-05,9.999981787433e-01,-1.349538221167e-03,9.999999730184e-01,-8.996936839825e-05,9.999999595276e-01,-1.285276681114e-04
1.381021011292e-03,9.999997457042e-01,-4.603401949499e-04,9.999999602663e-01,-1.726276169803e-04,9.999999878906e-01,-9.206806544534e-05,9.999980927846e-01,-1.381018377388e-03,9.999999717449e-01,-9.206805648505e-05,9.999999576174e-01,-1.315257938760e-04
1.413235675863e-03,9.999997337021e-01,-4.710784062923e-04,9.999999583909e-01,-1.766544493762e-04,9.999999873191e-01,-9.421570992319e-05,9.999980027689e-01,-1.413232853305e-03,9.999999704113e-01,-9.421570000661e-05,9.999999556170e-01,-1.345938559707e-04
1.446201802291e-03,9.999997211335e-01,-4.820671041911e-04,9.999999564271e-01,-1.807752144558e-04,9.999999867208e-01,-9.641345120686e-05,9.999979085047e-01,-1.446198777567e-03,9.999999690148e-01,-9.641344092920e-05,9.999999535222e-01,-1.377334857755e-04
1.479936919702e-03,9.999997079717e-01,-4.933121316360e-04,9.999999543706e-01,-1.849921033562e-04,9.999999860939e-01,-9.866245926271e-05,9.999978097915e-01,-1.479933678332e-03,9.999999675524e-01,-9.866244785721e-05,9.999999513286e-01,-1.409463527248e-04
1.514458966119e-03,9.999996941887e-01,-5.048194679121e-04,9.999999522170e-01,-1.893073583271e-04,9.999999854377e-01,-1.009639289237e-04,9.999977064193e-01,-1.514455492585e-03,9.999999660210e-01,-1.009639166545e-04,9.999999490314e-01,-1.442341651952e-04
1.549786298000e-03,9.999996797551e-01,-5.165952317787e-04,9.999999499617e-01,-1.937232739215e-04,9.999999847501e-01,-1.033190839271e-04,9.999975981682e-01,-1.549782575674e-03,9.999999644172e-01,-1.033190710804e-04,9.999999466258e-01,-1.475986714137e-04
1.585937699998e-03,9.999996646404e-01,-5.286456847227e-04,9.999999476000e-01,-1.982421982165e-04,9.999999840304e-01,-1.057291775339e-04,9.999974848079e-01,-1.585933711060e-03,9.999999627378e-01,-1.057291634401e-04,9.999999441067e-01,-1.510416603874e-04
1.622932394951e-03,9.999996488122e-01,-5.409772342878e-04,9.999999451269e-01,-2.028665340624e-04,9.999999832767e-01,-1.081954897902e-04,9.999973660974e-01,-1.622928120305e-03,9.999999609791e-01,-1.081954752509e-04,9.999999414687e-01,-1.545649628546e-04
1.660790054101e-03,9.999996322370e-01,-5.535964374810e-04,9.999999425370e-01,-2.075987403600e-04,9.999999824875e-01,-1.107193339606e-04,9.999972417840e-01,-1.660785473283e-03,9.999999591374e-01,-1.107193179232e-04,9.999999387062e-01,-1.581704522583e-04
1.699530807557e-03,9.999996148795e-01,-5.665100042591e-04,9.999999398249e-01,-2.124413333671e-04,9.999999816608e-01,-1.133020506769e-04,9.999971116034e-01,-1.699525898638e-03,9.999999572088e-01,-1.133020334582e-04,9.999999358132e-01,-1.618600457423e-04
1.739175254995e-03,9.999995967028e-01,-5.797248010965e-04,9.999999369848e-01,-2.173968880380e-04,9.999999807953e-01,-1.159450138753e-04,9.999969752786e-01,-1.739169994475e-03,9.999999551892e-01,-1.159449951611e-04,9.999999327838e-01,-1.656357051708e-04
1.779744476616e-03,9.999995776682e-01,-5.932478546357e-04,9.999999340106e-01,-2.224680393914e-04,9.999999798890e-01,-1.186496279538e-04,9.999968325196e-01,-1.779738839310e-03,9.999999530742e-01,-1.186496083716e-04,9.999999296113e-01,-1.694994381709e-04
1.821260044350e-03,9.999995577352e-01,-6.070863554227e-04,9.999999308961e-01,-2.276574839123e-04,9.999999789399e-01,-1.214173320840e-04,9.999966830229e-01,-1.821254003272e-03,9.999999508594e-01,-1.214173112110e-04,9.999999262892e-01,-1.734532992010e-04
1.863744033330e-03,9.999995368614e-01,-6.212476617310e-04,9.999999276346e-01,-2.329679809854e-04,9.999999779456e-01,-1.242495983762e-04,9.999965264702e-01,-1.863737559560e-03,9.999999485401e-01,-1.242495753467e-04,9.999999228102e-01,-1.774993906423e-04
1.907219033630e-03,9.999995150024e-01,-6.357393034734e-04,9.999999242191e-01,-2.384023543628e-04,9.999999769049e-01,-1.271479314334e-04,9.999963625288e-01,-1.907212096176e-03,9.999999461114e-01,-1.271479067751e-04,9.999999191670e-01,-1.816398639173e-04
1.951708162275e-03,9.999994921117e-01,-6.505689862048e-04,9.999999206424e-01,-2.439634936639e-04,9.999999758149e-01,-1.301138728068e-04,9.999961908498e-01,-1.951700727925e-03,9.999999435679e-01,-1.301138466219e-04,9.999999153519e-01,-1.858769206333e-04
1.997235075533e-03,9.999994681406e-01,-6.657445952198e-04,9.999999168969e-01,-2.496543559144e-04,9.999999746732e-01,-1.331489995328e-04,9.999960110680e-01,-1.997227108698e-03,9.999999409045e-01,-1.331489719618e-04,9.999999113567e-01,-1.902128137532e-04
2.043823981496e-03,9.999994430382e-01,-6.812741997451e-04,9.999999129747e-01,-2.554779671165e-04,9.999999734781e-01,-1.362549264087e-04,9.999958228010e-01,-2.043815444036e-03,9.999999381153e-01,-1.362548966571e-04,9.999999071730e-01,-1.946498487933e-04
2.091499652950e-03,9.999994167510e-01,-6.971660572285e-04,9.999999088673e-01,-2.614374238588e-04,9.999999722264e-01,-1.394333043777e-04,9.999956256483e-01,-2.091490503995e-03,9.999999351945e-01,-1.394332722155e-04,9.999999027918e-01,-1.991903850493e-04
2.140287440550e-03,9.999993892231e-01,-7.134286177300e-04,9.999999045660e-01,-2.675358949624e-04,9.999999709155e-01,-1.426858230483e-04,9.999954191907e-01,-2.140277636302e-03,9.999999321359e-01,-1.426857886685e-04,9.999998982038e-01,-2.038368368506e-04
2.190213286297e-03,9.999993603959e-01,-7.300705284139e-04,9.999999000618e-01,-2.737766231662e-04,9.999999695427e-01,-1.460142124064e-04,9.999952029888e-01,-2.190202779820e-03,9.999999289329e-01,-1.460141754697e-04,9.999998933993e-01,-2.085916748440e-04
2.241303737333e-03,9.999993302082e-01,-7.471006381465e-04,9.999998953450e-01,-2.801629268511e-04,9.999999681053e-01,-1.494202422910e-04,9.999949765828e-01,-2.241292478330e-03,9.999999255787e-01,-1.494202024147e-04,9.999998883680e-01,-2.134574273076e-04
2.293585960058e-03,9.999992985957e-01,-7.645280021997e-04,9.999998904055e-01,-2.866982018040e-04,9.999999665997e-01,-1.529057231247e-04,9.999947394911e-01,-2.293573894629e-03,9.999999220662e-01,-1.529056805818e-04,9.999998830992e-01,-2.184366814945e-04
2.347087754574e-03,9.999992654912e-01,-7.823618870659e-04,9.999998852329e-01,-2.933859230243e-04,9.999999650231e-01,-1.564725090746e-04,9.999944912094e-01,-2.347074824959e-03,9.999999183879e-01,-1.564724632953e-04,9.999998775818e-01,-2.235320850091e-04
2.401837569468e-03,9.999992308242e-01,-8.006117753846e-04,9.999998798162e-01,-3.002296465699e-04,9.999999633726e-01,-1.601224957180e-04,9.999942312096e-01,-2.401823713770e-03,9.999999145360e-01,-1.601224471103e-04,9.999998718040e-01,-2.287463472143e-04
2.457864516938e-03,9.999991945211e-01,-8.192873709819e-04,9.999998741438e-01,-3.072330114500e-04,9.999999616437e-01,-1.638576254710e-04,9.999939589385e-01,-2.457849668827e-03,9.999999105023e-01,-1.638575728217e-04,9.999998657535e-01,-2.340822406722e-04
2.515198388274e-03,9.999991565045e-01,-8.383986040319e-04,9.999998682037e-01,-3.143997415588e-04,9.999999598335e-01,-1.676798823056e-04,9.999936738171e-01,-2.515182476669e-03,9.999999062782e-01,-1.676798264957e-04,9.999998594173e-01,-2.395426026185e-04
2.573869669700e-03,9.999991166936e-01,-8.579556363341e-04,9.999998619833e-01,-3.217336476561e-04,9.999999579377e-01,-1.715913003895e-04,9.999933752388e-01,-2.573852618428e-03,9.999999018548e-01,-1.715912405262e-04,9.999998527822e-01,-2.451303364706e-04
2.633909558580e-03,9.999990750038e-01,-8.779688667158e-04,9.999998554692e-01,-3.292386293929e-04,9.999999559527e-01,-1.755939588887e-04,9.999930625686e-01,-2.633891286013e-03,9.999998972226e-01,-1.755938947147e-04,9.999998458339e-01,-2.508484133715e-04
2.695349980012e-03,9.999990313463e-01,-8.984489365603e-04,9.999998486477e-01,-3.369186773857e-04,9.999999538736e-01,-1.796899862516e-04,9.999927351413e-01,-2.695330398675e-03,9.999998923717e-01,-1.796899173769e-04,9.999998385576e-01,-2.566998737696e-04
2.758223603800e-03,9.999989856283e-01,-9.194067354645e-04,9.999998415043e-01,-3.447778753370e-04,9.999999516964e-01,-1.838815603872e-04,9.999923922604e-01,-2.758202619953e-03,9.999998872920e-01,-1.838814864737e-04,9.999998309379e-01,-2.626878290350e-04
2.822563861828e-03,9.999989377525e-01,-9.408534070273e-04,9.999998340236e-01,-3.528204022088e-04,9.999999494167e-01,-1.881709097778e-04,9.999920331967e-01,-2.822541375017e-03,9.999998819724e-01,-1.881708307694e-04,9.999998229586e-01,-2.688154631140e-04
2.888404965834e-03,9.999988876171e-01,-9.628003547730e-04,9.999998261900e-01,-3.610505344423e-04,9.999999470292e-01,-1.925603157789e-04,9.999916571864e-01,-2.888380868410e-03,9.999998764018e-01,-1.925602310167e-04,9.999998146027e-01,-2.750860342217e-04
2.955781925605e-03,9.999988351154e-01,-9.852592482145e-04,9.999998179866e-01,-3.694726482334e-04,9.999999445293e-01,-1.970521120185e-04,9.999912634295e-01,-2.955756102208e-03,9.999998705683e-01,-1.970520211694e-04,9.999998058524e-01,-2.815028765744e-04
3.024730567588e-03,9.999987801358e-01,-1.008242029055e-03,9.999998093960e-01,-3.780912218582e-04,9.999999419112e-01,-2.016486867794e-04,9.999908510887e-01,-3.024702894596e-03,9.999998644594e-01,-2.016485896231e-04,9.999997966892e-01,-2.880694021625e-04
3.095287553945e-03,9.999987225613e-01,-1.031760917537e-03,9.999998004000e-01,-3.869108380555e-04,9.999999391693e-01,-2.063524848240e-04,9.999904192867e-01,-3.095257898882e-03,9.999998580623e-01,-2.063523804851e-04,9.999997870934e-01,-2.947891025642e-04
3.167490402045e-03,9.999986622695e-01,-1.055828418938e-03,9.999997909793e-01,-3.959361864621e-04,9.999999362985e-01,-2.111660065590e-04,9.999899671052e-01,-3.167458622947e-03,9.999998513632e-01,-2.111658948739e-04,9.999997770447e-01,-3.016655508019e-04
3.241377504413e-03,9.999985991320e-01,-1.080457330218e-03,9.999997811141e-01,-4.051720661078e-04,9.999999332919e-01,-2.160918118722e-04,9.999894935823e-01,-3.241343449147e-03,9.999998443479e-01,-2.160916922490e-04,9.999997665218e-01,-3.087024032420e-04
3.316988149146e-03,9.999985330146e-01,-1.105660746821e-03,9.999997707832e-01,-4.146233879651e-04,9.999999301435e-01,-2.211325200046e-04,9.999889977107e-01,-3.316951654683e-03,9.999998370015e-01,-2.211323917716e-04,9.999997555022e-01,-3.159034015388e-04
3.394362540801e-03,9.999984637766e-01,-1.131452069636e-03,9.999997599647e-01,-4.242951775620e-04,9.999999268464e-01,-2.262908112877e-04,9.999884784357e-01,-3.394323432434e-03,9.999998293084e-01,-2.262906736971e-04,9.999997439626e-01,-3.232723746237e-04
3.473541821775e-03,9.999983912708e-01,-1.157845012120e-03,9.999997486357e-01,-4.341925776537e-04,9.999999233936e-01,-2.315694282676e-04,9.999879346528e-01,-3.473499912287e-03,9.999998212521e-01,-2.315692807999e-04,9.999997318782e-01,-3.308132407408e-04
3.554568094183e-03,9.999983153429e-01,-1.184853607588e-03,9.999997367719e-01,-4.443208509560e-04,9.999999197781e-01,-2.369711777301e-04,9.999873652053e-01,-3.554523182945e-03,9.999998128157e-01,-2.369710198320e-04,9.999997192236e-01,-3.385300095301e-04
3.637484442242e-03,9.999982358314e-01,-1.212492216669e-03,9.999997243482e-01,-4.546853829449e-04,9.999999159918e-01,-2.424989322999e-04,9.999867688820e-01,-3.637436314256e-03,9.999998039811e-01,-2.424987630150e-04,9.999997059716e-01,-3.464267841592e-04
3.722334955182e-03,9.999981525672e-01,-1.240775534942e-03,9.999997113381e-01,-4.652916847188e-04,9.999999120268e-01,-2.481556310509e-04,9.999861444145e-01,-3.722283380052e-03,9.999997947295e-01,-2.481554495669e-04,9.999996920942e-01,-3.545077635045e-04
3.809164750690e-03,9.999980653731e-01,-1.269718600746e-03,9.999996977140e-01,-4.761453959296e-04,9.999999078747e-01,-2.539442814702e-04,9.999854904744e-01,-3.809109481517e-03,9.999997850412e-01,-2.539440872650e-04,9.999996775618e-01,-3.627772443839e-04
3.898019998898e-03,9.999979740637e-01,-1.299336803171e-03,9.999996834468e-01,-4.872522877805e-04,9.999999035266e-01,-2.598679624754e-04,9.999848056710e-01,-3.897960771100e-03,9.999997748957e-01,-2.598677540447e-04,9.999996623436e-01,-3.712396238405e-04
3.988947946938e-03,9.999978784448e-01,-1.329645890238e-03,9.999996685063e-01,-4.986182660952e-04,9.999998989733e-01,-2.659298227104e-04,9.999840885475e-01,-3.988884476982e-03,9.999997642714e-01,-2.659295996360e-04,9.999996464070e-01,-3.798994014807e-04
4.081996944058e-03,9.999977783129e-01,-1.360661977266e-03,9.999996528606e-01,-5.102493744565e-04,9.999998942051e-01,-2.721330865098e-04,9.999833375786e-01,-4.081928928104e-03,9.999997531456e-01,-2.721328472379e-04,9.999996297184e-01,-3.887611818660e-04
4.177216467336e-03,9.999976734550e-01,-1.392401555441e-03,9.999996364765e-01,-5.221517974221e-04,9.999998892118e-01,-2.784810515764e-04,9.999825511671e-01,-4.177143579784e-03,9.999997414947e-01,-2.784807952320e-04,9.999996122420e-01,-3.978296769610e-04
4.274657147989e-03,9.999975636481e-01,-1.424881500576e-03,9.999996193191e-01,-5.343318638099e-04,9.999998839829e-01,-2.849770937262e-04,9.999817276402e-01,-4.274579039915e-03,9.999997292939e-01,-2.849768189358e-04,9.999995939408e-01,-4.071097086380e-04
4.374370798290e-03,9.999974486587e-01,-1.458119082080e-03,9.999996013519e-01,-5.467960500647e-04,9.999998785072e-01,-2.916246667045e-04,9.999808652463e-01,-4.374287095782e-03,9.999997165172e-01,-2.916243723971e-04,9.999995747758e-01,-4.166062112407e-04
4.476410439125e-03,9.999973282421e-01,-1.492131972136e-03,9.999995825367e-01,-5.595509837013e-04,9.999998727731e-01,-2.984273056061e-04,9.999799621511e-01,-4.476320741489e-03,9.999997031375e-01,-2.984269902305e-04,9.999995547063e-01,-4.263242342071e-04
4.580830328177e-03,9.999972021421e-01,-1.526938255090e-03,9.999995628335e-01,-5.726034468278e-04,9.999998667682e-01,-3.053886275696e-04,9.999790164338e-01,-4.580734206021e-03,9.999996891264e-01,-3.053882894957e-04,9.999995336896e-01,-4.362689447536e-04
4.687685988789e-03,9.999970700906e-01,-1.562556437062e-03,9.999995422003e-01,-5.859603797512e-04,9.999998604800e-01,-3.125123338880e-04,9.999780260829e-01,-4.687582981965e-03,9.999996744540e-01,-3.125119716212e-04,9.999995116810e-01,-4.464456306221e-04
4.797034239473e-03,9.999969318066e-01,-1.599005455779e-03,9.999995205933e-01,-5.996288846681e-04,9.999998538951e-01,-3.198022123781e-04,9.999769889920e-01,-4.796923854880e-03,9.999996590890e-01,-3.198018243710e-04,9.999994886336e-01,-4.568597028903e-04
4.908933224135e-03,9.999967869960e-01,-1.636304690636e-03,9.999994979665e-01,-6.136162294398e-04,9.999998469992e-01,-3.272621398483e-04,9.999759029553e-01,-4.908814933352e-03,9.999996429989e-01,-3.272617238589e-04,9.999994644984e-01,-4.675166988488e-04
5.023442442984e-03,9.999966353507e-01,-1.674473972993e-03,9.999994742718e-01,-6.279298514571e-04,9.999998397780e-01,-3.348960824070e-04,9.999747656628e-01,-5.023315679744e-03,9.999996261494e-01,-3.348956366083e-04,9.999994392241e-01,-4.784222849439e-04
5.140622784174e-03,9.999964765483e-01,-1.713533596712e-03,9.999994494587e-01,-6.425773615940e-04,9.999998322160e-01,-3.427080992708e-04,9.999735746957e-01,-5.140486941653e-03,9.999996085046e-01,-3.427076216610e-04,9.999994127569e-01,-4.895822597896e-04
5.260536556176e-03,9.999963102508e-01,-1.753504328939e-03,9.999994234745e-01,-6.575665482539e-04,9.999998242969e-01,-3.507023445988e-04,9.999723275209e-01,-5.260390984089e-03,9.999995900270e-01,-3.507018327348e-04,9.999993850405e-01,-5.010025572504e-04
5.383247520916e-03,9.999961361045e-01,-1.794407421134e-03,9.999993962640e-01,-6.729053815104e-04,9.999998160042e-01,-3.588830688835e-04,9.999710214859e-01,-5.383091522402e-03,9.999995706773e-01,-3.588825204313e-04,9.999993560160e-01,-5.126892495947e-04
5.508820927672e-03,9.999959537391e-01,-1.836264620363e-03,9.999993677692e-01,-6.886020173448e-04,9.999998073201e-01,-3.672546222625e-04,9.999696538129e-01,-5.508653755961e-03,9.999995504144e-01,-3.672540344952e-04,9.999993256217e-01,-5.246485507226e-04
5.637323547774e-03,9.999957627665e-01,-1.879098180850e-03,9.999993379294e-01,-7.046648019817e-04,9.999997982259e-01,-3.758214561277e-04,9.999682215931e-01,-5.637144402612e-03,9.999995291951e-01,-3.758208261264e-04,9.999992937927e-01,-5.368868194688e-04
5.768823710107e-03,9.999955627806e-01,-1.922930875795e-03,9.999993066814e-01,-7.211022763266e-04,9.999997887028e-01,-3.845881254703e-04,9.999667217805e-01,-5.768631733925e-03,9.999995069744e-01,-3.845874503459e-04,9.999992604616e-01,-5.494105629822e-04
5.903391337443e-03,9.999953533560e-01,-1.967786009474e-03,9.999992739585e-01,-7.379231805058e-04,9.999997787300e-01,-3.935592919343e-04,9.999651511852e-01,-5.903185611252e-03,9.999994837048e-01,-3.935585684169e-04,9.999992255573e-01,-5.622264401843e-04
6.041097983622e-03,9.999951340471e-01,-2.013687429615e-03,9.999992396911e-01,-7.551364585136e-04,9.999997682866e-01,-4.027397255623e-04,9.999635064670e-01,-6.040877522613e-03,9.999994593370e-01,-4.027389503220e-04,9.999991890057e-01,-5.753412653086e-04
6.182016871598e-03,9.999949043876e-01,-2.060659540063e-03,9.999992038065e-01,-7.727512629670e-04,9.999997573503e-01,-4.121343080904e-04,9.999617841279e-01,-6.181780620432e-03,9.999994338192e-01,-4.121334772988e-04,9.999991507288e-01,-5.887620115220e-04
6.326222932377e-03,9.999946638888e-01,-2.108727313738e-03,9.999991662281e-01,-7.907769599707e-04,9.999997458979e-01,-4.217480347724e-04,9.999599805050e-01,-6.325969760131e-03,9.999994070969e-01,-4.217471444337e-04,9.999991106455e-01,-6.024958146307e-04
6.473792844857e-03,9.999944120392e-01,-2.157916305902e-03,9.999991268762e-01,-8.092231340970e-04,9.999997339049e-01,-4.315860173794e-04,9.999580917626e-01,-6.473521539609e-03,9.999993791135e-01,-4.315850633170e-04,9.999990686703e-01,-6.165499768724e-04
6.624805076600e-03,9.999941483032e-01,-2.208252667725e-03,9.999990856670e-01,-8.280995934804e-04,9.999997213459e-01,-4.416534871350e-04,9.999561138838e-01,-6.624514339635e-03,9.999993498093e-01,-4.416524647591e-04,9.999990247140e-01,-6.309319707974e-04
6.779339925561e-03,9.999938721196e-01,-2.259763160169e-03,9.999990425128e-01,-8.474163750320e-04,9.999997081941e-01,-4.519557972371e-04,9.999540426623e-01,-6.779028365147e-03,9.999993191220e-01,-4.519547015708e-04,9.999989786831e-01,-6.456494432391e-04
6.937479562778e-03,9.999935829010e-01,-2.312475168203e-03,9.999989973218e-01,-8.671837497746e-04,9.999996944216e-01,-4.624984255385e-04,9.999518736936e-01,-6.937145687511e-03,9.999992869863e-01,-4.624972514075e-04,9.999989304797e-01,-6.607102193778e-04
7.099308076071e-03,9.999932800322e-01,-2.366416715332e-03,9.999989499979e-01,-8.874122283032e-04,9.999996799990e-01,-4.732869779480e-04,9.999496023649e-01,-7.098950287733e-03,9.999992533340e-01,-4.732857196802e-04,9.999988800012e-01,-6.761223068988e-04
7.264911514750e-03,9.999929628690e-01,-2.421616478482e-03,9.999989004405e-01,-9.081125663714e-04,9.999996648958e-01,-4.843271908915e-04,9.999472238462e-01,-7.264528100662e-03,9.999992180934e-01,-4.843258425344e-04,9.999988271402e-01,-6.918939002477e-04
7.434377935371e-03,9.999926307368e-01,-2.478103803217e-03,9.999988485441e-01,-9.292957706099e-04,9.999996490797e-01,-4.956249347759e-04,9.999447330793e-01,-7.433967060195e-03,9.999991811895e-01,-4.956234898978e-04,9.999987717844e-01,-7.080333849843e-04
7.607797448561e-03,9.999922829290e-01,-2.535908719317e-03,9.999987941983e-01,-9.509731043757e-04,9.999996325171e-01,-5.071862169831e-04,9.999421247677e-01,-7.607357145516e-03,9.999991425438e-01,-5.071846685998e-04,9.999987138159e-01,-7.245493422382e-04
7.785262266928e-03,9.999919187059e-01,-2.595061956717e-03,9.999987372875e-01,-9.731560937408e-04,9.999996151729e-01,-5.190171848805e-04,9.999393933648e-01,-7.784790428378e-03,9.999991020742e-01,-5.190155255627e-04,9.999986531116e-01,-7.414505532681e-04
7.966866754098e-03,9.999915372927e-01,-2.655594961808e-03,9.999986776907e-01,-9.958565336173e-04,9.999995970100e-01,-5.311241292457e-04,9.999365330624e-01,-7.966361121463e-03,9.999990596946e-01,-5.311223510681e-04,9.999985895421e-01,-7.587460041274e-04
8.152707474889e-03,9.999911378781e-01,-2.717539914133e-03,9.999986152811e-01,-1.019086494029e-03,9.999995779899e-01,-5.435134876025e-04,9.999335377783e-01,-8.152165627838e-03,9.999990153147e-01,-5.435115820988e-04,9.999985229724e-01,-7.764448904380e-04
8.342883246656e-03,9.999907196125e-01,-2.780929743452e-03,9.999985499259e-01,-1.042858326523e-03,9.999995580721e-01,-5.561918478462e-04,9.999304011435e-01,-8.342302591522e-03,9.999989688403e-01,-5.561898057589e-04,9.999984532607e-01,-7.945566222760e-04
8.537495191840e-03,9.999902816063e-01,-2.845798147219e-03,9.999984814861e-01,-1.067184670740e-03,9.999995372141e-01,-5.691659510508e-04,9.999271164882e-01,-8.536872949209e-03,9.999989201724e-01,-5.691637627729e-04,9.999983802589e-01,-8.130908291702e-04
8.736646791731e-03,9.999898229278e-01,-2.912179608453e-03,9.999984098162e-01,-1.092078461129e-03,9.999995153718e-01,-5.824426960500e-04,9.999236768285e-01,-8.735979983140e-03,9.999988692075e-01,-5.824403510670e-04,9.999983038116e-01,-8.320573652174e-04
8.940443941500e-03,9.999893426013e-01,-2.980109414027e-03,9.999983347636e-01,-1.117552933821e-03,9.999994924986e-01,-5.960291424024e-04,9.999200748507e-01,-8.939729375183e-03,9.999988158373e-01,-5.960266294334e-04,9.999982237563e-01,-8.514663143173e-04
9.148995006500e-03,9.999888396053e-01,-3.049623673388e-03,9.999982561687e-01,-1.143621633666e-03,9.999994685458e-01,-6.099325143177e-04,9.999163028962e-01,-9.148229262115e-03,9.999987599481e-01,-6.099298212799e-04,9.999981399226e-01,-8.713279955279e-04
9.362410879891e-03,9.999883128697e-01,-3.120759337699e-03,9.999981738644e-01,-1.170298421434e-03,9.999994434625e-01,-6.241602042568e-04,9.999123529452e-01,-9.361590292152e-03,9.999987014212e-01,-6.241573184665e-04,9.999980521322e-01,-8.916529685469e-04
9.580805041607e-03,9.999877612742e-01,-3.193554219432e-03,9.999980876755e-01,-1.197597481175e-03,9.999994171953e-01,-6.387197778358e-04,9.999082165997e-01,-9.579925682742e-03,9.999986401319e-01,-6.387166852320e-04,9.999979601984e-01,-9.124520393198e-04
9.804293618690e-03,9.999871836456e-01,-3.268047012419e-03,9.999979974188e-01,-1.225533327761e-03,9.999993896884e-01,-6.536189762015e-04,9.999038850656e-01,-9.803351279652e-03,9.999985759501e-01,-6.536156622113e-04,9.999978639256e-01,-9.337362657784e-04
1.003299544705e-02,9.999865787552e-01,-3.344277312353e-03,9.999979029021e-01,-1.254120814601e-03,9.999993608832e-01,-6.688657219454e-04,9.998993491340e-01,-1.003198561737e-02,9.999985087390e-01,-6.688621705463e-04,9.999977631091e-01,-9.555169637136e-04
1.026703213463e-02,9.999859453165e-01,-3.422285637782e-03,9.999978039246e-01,-1.283375141533e-03,9.999993307185e-01,-6.844681218621e-04,9.998945991617e-01,-1.026594998084e-02,9.999984383558e-01,-6.844643160924e-04,9.999976575343e-01,-9.778057127838e-04
1.050652812612e-02,9.999852819820e-01,-3.502113451574e-03,9.999977002756e-01,-1.313311862901e-03,9.999992991301e-01,-7.004344721804e-04,9.998896250507e-01,-1.050536846861e-02,9.999983646507e-01,-7.004303937234e-04,9.999975469768e-01,-1.000614362663e-03
1.075161076905e-02,9.999845873410e-01,-3.583803182887e-03,9.999975917346e-01,-1.343946895818e-03,9.999992660508e-01,-7.167732621639e-04,9.998844162270e-01,-1.075036805731e-02,9.999982874671e-01,-7.167688917354e-04,9.999974312014e-01,-1.023955039334e-03
1.100241038157e-02,9.999838599159e-01,-3.667398249644e-03,9.999974780709e-01,-1.375296528630e-03,9.999992314103e-01,-7.334931797672e-04,9.998789616179e-01,-1.100107866762e-02,9.999982066406e-01,-7.334884963543e-04,9.999973099617e-01,-1.047840151525e-03
1.125906032174e-02,9.999830981595e-01,-3.752943081527e-03,9.999973590425e-01,-1.407377429566e-03,9.999991951347e-01,-7.506031152131e-04,9.998732496284e-01,-1.125763323166e-02,9.999981219993e-01,-7.505980963470e-04,9.999971830000e-01,-1.072282397294e-03
1.152169705839e-02,9.999823004516e-01,-3.840483143509e-03,9.999972343963e-01,-1.440206655597e-03,9.999991571471e-01,-7.681121661248e-04,9.998672681170e-01,-1.152016776184e-02,9.999980333634e-01,-7.681067877409e-04,9.999970500461e-01,-1.097294770776e-03
1.179046024374e-02,9.999814650956e-01,-3.930064959917e-03,9.999971038671e-01,-1.473801661497e-03,9.999991173666e-01,-7.860296422283e-04,9.998610043697e-01,-1.178882142128e-02,9.999979405441e-01,-7.860238786518e-04,9.999969108172e-01,-1.122890569075e-03
1.206549278762e-02,9.999805903146e-01,-4.021736139064e-03,9.999969671774e-01,-1.508180309117e-03,9.999990757086e-01,-8.043650707330e-04,9.998544450731e-01,-1.206373659570e-02,9.999978433441e-01,-8.043588942254e-04,9.999967650173e-01,-1.149083399322e-03
1.234694093349e-02,9.999796742482e-01,-4.115545398439e-03,9.999968240362e-01,-1.543360876877e-03,9.999990320843e-01,-8.231282005343e-04,9.998475762861e-01,-1.234505896690e-02,9.999977415566e-01,-8.231215816922e-04,9.999966123362e-01,-1.175887185895e-03
1.263495433618e-02,9.999787149479e-01,-4.211542590487e-03,9.999966741393e-01,-1.579362069475e-03,9.999989864012e-01,-8.423290083950e-04,9.998403834104e-01,-1.263293758786e-02,9.999976349651e-01,-8.423219155408e-04,9.999964524491e-01,-1.203316177814e-03
1.292968614148e-02,9.999777103734e-01,-4.309778728976e-03,9.999965171676e-01,-1.616203027822e-03,9.999989385619e-01,-8.619777036606e-04,9.998328511597e-01,-1.292752495944e-02,9.999975233429e-01,-8.619701028112e-04,9.999962850159e-01,-1.231384956293e-03
1.323129306755e-02,9.999766583881e-01,-4.410306015974e-03,9.999963527874e-01,-1.653903339214e-03,9.999988884647e-01,-8.820847337868e-04,9.998249635269e-01,-1.322897710868e-02,9.999974064525e-01,-8.820765885102e-04,9.999961096806e-01,-1.260108442482e-03
1.353993548829e-02,9.999755567546e-01,-4.513177869449e-03,9.999961806488e-01,-1.692483047732e-03,9.999988360031e-01,-9.026607898445e-04,9.998167037506e-01,-1.353745366890e-02,9.999972840454e-01,-9.026520611538e-04,9.999959260701e-01,-1.289501905378e-03
1.385577751857e-02,9.999744031299e-01,-4.618448951503e-03,9.999960003859e-01,-1.731962664894e-03,9.999987810654e-01,-9.237168123038e-04,9.998080542796e-01,-1.385311796137e-02,9.999971558612e-01,-9.237074584372e-04,9.999957337939e-01,-1.319580969928e-03
1.417898710154e-02,9.999731950605e-01,-4.726175197255e-03,9.999958116151e-01,-1.772363180543e-03,9.999987235348e-01,-9.452639968602e-04,9.997989967352e-01,-1.417613707884e-02,9.999970216272e-01,-9.452539730366e-04,9.999955324431e-01,-1.350361625312e-03
1.450973609790e-02,9.999719299771e-01,-4.836413844387e-03,9.999956139349e-01,-1.813706074002e-03,9.999986632889e-01,-9.673138003216e-04,9.997895118729e-01,-1.450668197072e-02,9.999968810579e-01,-9.673030585458e-04,9.999953215894e-01,-1.381860233427e-03
1.484820037729e-02,9.999706051890e-01,-4.949223463373e-03,9.999954069248e-01,-1.856013325475e-03,9.999986001996e-01,-9.898779466915e-04,9.997795795414e-01,-1.484492753015e-02,9.999967338543e-01,-9.898664355505e-04,9.999951007843e-01,-1.414093537557e-03
1.519455991181e-02,9.999692178789e-01,-5.064663988391e-03,9.999951901444e-01,-1.899307427727e-03,9.999985341326e-01,-1.012968433454e-03,9.997691786399e-01,-1.519105268283e-02,9.999965797034e-01,-1.012956097843e-03,9.999948695582e-01,-1.447078671252e-03
1.554899887173e-02,9.999677650962e-01,-5.182796748962e-03,9.999949631327e-01,-1.943611398019e-03,9.999984649475e-01,-1.036597537875e-03,9.997582870734e-01,-1.554524047770e-02,9.999964182772e-01,-1.036584318781e-03,9.999946274192e-01,-1.480833167411e-03
1.591170572338e-02,9.999662437513e-01,-5.303684502294e-03,9.999947254067e-01,-1.988948790337e-03,9.999983924970e-01,-1.060777823705e-03,9.997468817061e-01,-1.590767817957e-02,9.999962492324e-01,-1.060763657794e-03,9.999943738523e-01,-1.515374967572e-03
1.628287332940e-02,9.999646506087e-01,-5.427391466381e-03,9.999944764609e-01,-2.035343707896e-03,9.999983166270e-01,-1.085522147578e-03,9.997349383125e-01,-1.627855736352e-02,9.999960722095e-01,-1.085506967041e-03,9.999941083183e-01,-1.550722431424e-03
1.666269905130e-02,9.999629822805e-01,-5.553983353850e-03,9.999942157656e-01,-2.082820815936e-03,9.999982371761e-01,-1.110843666090e-03,9.997224315260e-01,-1.665807401135e-02,9.999958868319e-01,-1.110827398221e-03,9.999938302524e-01,-1.586894346528e-03
1.705138485433e-02,9.999612352186e-01,-5.683527406592e-03,9.999939427663e-01,-2.131405354817e-03,9.999981539754e-01,-1.136755842545e-03,9.997093347854e-01,-1.704642860990e-02,9.999956927054e-01,-1.136738409541e-03,9.999935390631e-01,-1.623909938277e-03
1.744913741499e-02,9.999594057077e-01,-5.816092431167e-03,9.999936568824e-01,-2.181123153418e-03,9.999980668479e-01,-1.163272454526e-03,9.996956202787e-01,-1.744382625140e-02,9.999954894171e-01,-1.163253772849e-03,9.999932341310e-01,-1.661788880072e-03
1.785616823080e-02,9.999574898573e-01,-5.951748835038e-03,9.999933575057e-01,-2.232000642844e-03,9.999979756081e-01,-1.190407600595e-03,9.996812588844e-01,-1.785047673581e-02,9.999952765346e-01,-1.190387580923e-03,9.999929148078e-01,-1.700551303746e-03
1.827269373285e-02,9.999554835931e-01,-6.090568663608e-03,9.999930439994e-01,-2.284064870459e-03,9.999978800622e-01,-1.218175708447e-03,9.996662201100e-01,-1.826659467515e-02,9.999950536051e-01,-1.218154254943e-03,9.999925804142e-01,-1.740217810218e-03
1.869893540087e-02,9.999533826488e-01,-6.232625638118e-03,9.999927156968e-01,-2.337343514237e-03,9.999977800067e-01,-1.246591542213e-03,9.996504720274e-01,-1.869239959989e-02,9.999948201545e-01,-1.246568552118e-03,9.999922302389e-01,-1.780809480401e-03
1.913511988094e-02,9.999511825568e-01,-6.377995194396e-03,9.999923718993e-01,-2.391864897449e-03,9.999976752288e-01,-1.275670210235e-03,9.996339812060e-01,-1.912811606743e-02,9.999945756863e-01,-1.275645573505e-03,9.999918635374e-01,-1.822347886358e-03
1.958147910607e-02,9.999488786386e-01,-6.526754522489e-03,9.999920118758e-01,-2.447658003696e-03,9.999975655058e-01,-1.305427173316e-03,9.996167126415e-01,-1.957397377267e-02,9.999943196806e-01,-1.305400772000e-03,9.999914795295e-01,-1.864855102714e-03
2.003825041950e-02,9.999464659951e-01,-6.678982607191e-03,9.999916348606e-01,-2.504752492278e-03,9.999974506041e-01,-1.335878252734e-03,9.995986296829e-01,-2.003020766058e-02,9.999940515929e-01,-1.335849960514e-03,9.999910773988e-01,-1.908353718338e-03
2.050567670091e-02,9.999439394961e-01,-6.834760269496e-03,9.999912400515e-01,-2.563178713938e-03,9.999973302794e-01,-1.367039638916e-03,9.995796939545e-01,-2.049705804103e-02,9.999937708530e-01,-1.367009320339e-03,9.999906562898e-01,-1.952866848284e-03
2.098400649555e-02,9.999412937695e-01,-6.994170208975e-03,9.999908266089e-01,-2.622967726954e-03,9.999972042757e-01,-1.398927899810e-03,9.995598652753e-01,-2.097477070563e-02,9.999934768638e-01,-1.398895409708e-03,9.999902153070e-01,-1.998418146014e-03
2.147349414641e-02,9.999385231895e-01,-7.157297047123e-03,9.999903936534e-01,-2.684151313615e-03,9.999970723250e-01,-1.431559989688e-03,9.995391015745e-01,-2.146359704677e-02,9.999931690002e-01,-1.431525172548e-03,9.999897535127e-01,-2.045031815905e-03
2.197439992948e-02,9.999356218652e-01,-7.324227371672e-03,9.999899402640e-01,-2.746761997075e-03,9.999969341467e-01,-1.464953258274e-03,9.995173588027e-01,-2.196379417879e-02,9.999928466073e-01,-1.464915947444e-03,9.999892699246e-01,-2.092732626032e-03
2.248699019212e-02,9.999325836278e-01,-7.495049781911e-03,9.999894654763e-01,-2.810833058596e-03,9.999967894467e-01,-1.499125459886e-03,9.994945908397e-01,-2.247562506129e-02,9.999925089996e-01,-1.499085476792e-03,9.999887635144e-01,-2.141545921260e-03
2.301153749468e-02,9.999294020174e-01,-7.669854935010e-03,9.999889682806e-01,-2.876398555197e-03,9.999966379173e-01,-1.534094762974e-03,9.994707493967e-01,-2.299935862457e-02,9.999921554591e-01,-1.534051916184e-03,9.999882332050e-01,-2.191497636623e-03
2.354832075546e-02,9.999260702695e-01,-7.848735593400e-03,9.999884476191e-01,-2.943493337705e-03,9.999964792362e-01,-1.569879759554e-03,9.994457839154e-01,-2.353526989734e-02,9.999917852339e-01,-1.569833843990e-03,9.999876778689e-01,-2.242614311019e-03
2.409762539902e-02,9.999225813005e-01,-8.031786673195e-03,9.999879023846e-01,-3.012153069229e-03,9.999963130658e-01,-1.606499475278e-03,9.994196414617e-01,-2.408364013637e-02,9.999913975367e-01,-1.606450271172e-03,9.999870963248e-01,-2.294923101217e-03
2.465974350790e-02,9.999189276930e-01,-8.219105293711e-03,9.999873314173e-01,-3.082414244055e-03,9.999961390526e-01,-1.643973379548e-03,9.993922666146e-01,-2.464475695849e-02,9.999909915431e-01,-1.643920651318e-03,9.999864873363e-01,-2.348451796181e-03
2.523497397798e-02,9.999151016793e-01,-8.410790828072e-03,9.999867335026e-01,-3.154314206990e-03,9.999959568266e-01,-1.682321395582e-03,9.993636013495e-01,-2.521891447459e-02,9.999905663896e-01,-1.682264890906e-03,9.999858496081e-01,-2.403228831731e-03
2.582362267739e-02,9.999110951259e-01,-8.606944954958e-03,9.999861073690e-01,-3.227891173140e-03,9.999957660000e-01,-1.721563911458e-03,9.993335849170e-01,-2.580641342574e-02,9.999901211722e-01,-1.721503359805e-03,9.999851817843e-01,-2.459283305527e-03
2.642600260917e-02,9.999068995153e-01,-8.807671711486e-03,9.999854516847e-01,-3.303184248154e-03,9.999955661671e-01,-1.761721790437e-03,9.993021537156e-01,-2.640756132144e-02,9.999896549441e-01,-1.761656902016e-03,9.999844824447e-01,-2.516644992407e-03
2.704243407766e-02,9.999025059287e-01,-9.013077547266e-03,9.999847650549e-01,-3.380233448935e-03,9.999953569026e-01,-1.802816382424e-03,9.992692411582e-01,-2.702267257985e-02,9.999891667140e-01,-1.802746846656e-03,9.999837501022e-01,-2.575344360069e-03
2.767324485887e-02,9.998979050266e-01,-9.223271379654e-03,9.999840460194e-01,-3.459079724829e-03,9.999951377615e-01,-1.844869535208e-03,9.992347775328e-01,-2.765206867016e-02,9.999886554436e-01,-1.844795019200e-03,9.999829831996e-01,-2.635412585114e-03
2.831877037472e-02,9.998930870290e-01,-9.438364650211e-03,9.999832930487e-01,-3.539764979297e-03,9.999949082777e-01,-1.887903605866e-03,9.991986898573e-01,-2.829607825679e-02,9.999881200457e-01,-1.887823752968e-03,9.999821801062e-01,-2.696881569448e-03
2.897935387145e-02,9.998880416950e-01,-9.658471382408e-03,9.999825045414e-01,-3.622332092100e-03,9.999946679630e-01,-1.931941472859e-03,9.991609017264e-01,-2.895503734564e-02,9.999875593820e-01,-1.931855900886e-03,9.999813391142e-01,-2.759783957067e-03
2.965534660206e-02,9.998827583008e-01,-9.883708240592e-03,9.999816788204e-01,-3.706824941986e-03,9.999944163062e-01,-1.977006548174e-03,9.991213331523e-01,-2.962928943214e-02,9.999869722603e-01,-1.976914847507e-03,9.999804584357e-01,-2.824153151217e-03
3.034710801315e-02,9.998772256170e-01,-1.011419459023e-02,9.999808141295e-01,-3.793288429902e-03,9.999941527721e-01,-2.023122789560e-03,9.990799003982e-01,-3.031918565115e-02,9.999863574322e-01,-2.023024521309e-03,9.999795361979e-01,-2.890023331946e-03
3.105500593603e-02,9.998714318849e-01,-1.035005255946e-02,9.999799086295e-01,-3.881768502742e-03,9.999938768000e-01,-2.070314713484e-03,9.990365158034e-01,-3.102508492859e-02,9.999857135905e-01,-2.070209407270e-03,9.999785704402e-01,-2.957429474052e-03
3.177941678229e-02,9.998653647915e-01,-1.059140710201e-02,9.999789603948e-01,-3.972312177646e-03,9.999935878030e-01,-2.118607407919e-03,9.989910876012e-01,-3.174735413467e-02,9.999850393663e-01,-2.118494559729e-03,9.999775591091e-01,-3.026407365441e-03
3.252072574394e-02,9.998590114433e-01,-1.083838606141e-02,9.999779674084e-01,-4.064967566850e-03,9.999932851663e-01,-2.168026545824e-03,9.989435197281e-01,-3.248636823877e-02,9.999843333261e-01,-2.167905615543e-03,9.999765000545e-01,-3.096993625894e-03
3.327932699829e-02,9.998523583392e-01,-1.109112023663e-02,9.999769275585e-01,-4.159783903115e-03,9.999929682463e-01,-2.218598398672e-03,9.988937116240e-01,-3.324251046567e-02,9.999835939688e-01,-2.218468807533e-03,9.999753910249e-01,-3.169225726269e-03
3.405562391748e-02,9.998453913417e-01,-1.134974344912e-02,9.999758386336e-01,-4.256811565737e-03,9.999926363687e-01,-2.270349850525e-03,9.988415580238e-01,-3.401617245321e-02,9.999828197225e-01,-2.270210978242e-03,9.999742296623e-01,-3.243142008120e-03
3.485002928300e-02,9.998380956471e-01,-1.161439261124e-02,9.999746983177e-01,-4.356102107156e-03,9.999922888277e-01,-2.323308412078e-03,9.987869487395e-01,-3.480775441105e-02,9.999820089412e-01,-2.323159593998e-03,9.999730134980e-01,-3.318781703771e-03
3.566296550516e-02,9.998304557541e-01,-1.188520779618e-02,9.999735041857e-01,-4.457708280174e-03,9.999919248840e-01,-2.377502235420e-03,9.987297684317e-01,-3.561766528056e-02,9.999811599013e-01,-2.377342759298e-03,9.999717399465e-01,-3.396184956839e-03
3.649486484772e-02,9.998224554309e-01,-1.216233230935e-02,9.999722536979e-01,-4.561684065802e-03,9.999915437635e-01,-2.432960128940e-03,9.986698963717e-01,-3.644632289557e-02,9.999802707978e-01,-2.432789231509e-03,9.999704063004e-01,-3.475392843206e-03
3.734616965773e-02,9.998140776810e-01,-1.244591276126e-02,9.999709441950e-01,-4.668084701742e-03,9.999911446556e-01,-2.489711572538e-03,9.986072061921e-01,-3.729415414388e-02,9.999793397408e-01,-2.489528435910e-03,9.999690097249e-01,-3.556447392477e-03
3.821733260073e-02,9.998053047071e-01,-1.273609914185e-02,9.999695728920e-01,-4.776966711517e-03,9.999907267114e-01,-2.547786733358e-03,9.985415656264e-01,-3.816159512919e-02,9.999783647511e-01,-2.547590481056e-03,9.999675472514e-01,-3.639391609905e-03
3.910881690145e-02,9.997961178734e-01,-1.303304489654e-02,9.999681368727e-01,-4.888387934280e-03,9.999902890417e-01,-2.607216481697e-03,9.984728362369e-01,-3.904909133346e-02,9.999773437562e-01,-2.607006174501e-03,9.999660157711e-01,-3.724269498808e-03
4.002109659014e-02,9.997864976664e-01,-1.333690700364e-02,9.999666330830e-01,-5.002407555289e-03,9.999898307158e-01,-2.668032407456e-03,9.984008731303e-01,-3.995709777923e-02,9.999762745860e-01,-2.667807038860e-03,9.999644120290e-01,-3.811126083489e-03
4.095465675459e-02,9.997764236534e-01,-1.364784605347e-02,9.999650583251e-01,-5.119086137094e-03,9.999893507588e-01,-2.730266836719e-03,9.983255246607e-01,-4.088607919183e-02,9.999751549679e-01,-2.730025328235e-03,9.999627326163e-01,-3.900007432658e-03
4.190999379812e-02,9.997658744396e-01,-1.396602632909e-02,9.999634092501e-01,-5.238485651421e-03,9.999888481497e-01,-2.793952849138e-03,9.982466321186e-01,-4.183651016108e-02,9.999739825224e-01,-2.793694045002e-03,9.999609739639e-01,-3.990960683375e-03
4.288761570346e-02,9.997548276224e-01,-1.429161588855e-02,9.999616823511e-01,-5.360669511795e-03,9.999883218196e-01,-2.859124295316e-03,9.981640294073e-01,-4.280887530224e-02,9.999727547576e-01,-2.858846956977e-03,9.999591323342e-01,-4.084034065525e-03
4.388804230295e-02,9.997432597446e-01,-1.462478664896e-02,9.999598739558e-01,-5.485702606895e-03,9.999877706490e-01,-2.925815814676e-03,9.980775427037e-01,-4.380366941580e-02,9.999714690643e-01,-2.925518614948e-03,9.999572038133e-01,-4.179276926823e-03
4.491180555485e-02,9.997311462444e-01,-1.496571447204e-02,9.999579802188e-01,-5.613651334678e-03,9.999871934655e-01,-2.994062853883e-03,9.979869901042e-01,-4.482139764583e-02,9.999701227102e-01,-2.993744370611e-03,9.999551843031e-01,-4.276739758380e-03
4.595944982630e-02,9.997184614039e-01,-1.531457925150e-02,9.999559971129e-01,-5.744583637270e-03,9.999865890415e-01,-3.063901685739e-03,9.978921812561e-01,-4.586257563650e-02,9.999687128342e-01,-3.063560394885e-03,9.999530695121e-01,-4.376474220817e-03
4.703153218270e-02,9.997051782947e-01,-1.567156500205e-02,9.999539204214e-01,-5.878569036652e-03,9.999859560914e-01,-3.135369428211e-03,9.977929169710e-01,-4.692772968620e-02,9.999672364406e-01,-3.135003696635e-03,9.999508549469e-01,-4.478533170954e-03
4.812862268397e-02,9.996912687209e-01,-1.603685995016e-02,9.999517457283e-01,-6.015678671156e-03,9.999852932691e-01,-3.208504064131e-03,9.976889888224e-01,-4.801739689898e-02,9.999656903922e-01,-3.208112141808e-03,9.999485359019e-01,-4.582970689082e-03
4.925130468761e-02,9.996767031599e-01,-1.641065662652e-02,9.999494684095e-01,-6.155985332782e-03,9.999845991646e-01,-3.283344461393e-03,9.975801787253e-01,-4.913212533272e-02,9.999640714042e-01,-3.282924472974e-03,9.999461074502e-01,-4.689842106820e-03
5.040017515897e-02,9.996614506999e-01,-1.679315196027e-02,9.999470836227e-01,-6.299563505362e-03,9.999838723017e-01,-3.359930393432e-03,9.974662584975e-01,-5.027247414344e-02,9.999623760368e-01,-3.359480329308e-03,9.999435644324e-01,-4.799204035577e-03
5.157584498861e-02,9.996454789752e-01,-1.718454737499e-02,9.999445862972e-01,-6.446489403584e-03,9.999831111345e-01,-3.438302560181e-03,9.973469894017e-01,-5.143901372524e-02,9.999606006885e-01,-3.437820266983e-03,9.999409014463e-01,-4.911114395623e-03
5.277893931715e-02,9.996287540974e-01,-1.758504888643e-02,9.999419711231e-01,-6.596841012893e-03,9.999823140441e-01,-3.518502609919e-03,9.972221216681e-01,-5.263232584523e-02,9.999587415876e-01,-3.517985780026e-03,9.999381128349e-01,-5.025632445785e-03
5.401009786768e-02,9.996112405846e-01,-1.799486720205e-02,9.999392325402e-01,-6.750698130293e-03,9.999814793351e-01,-3.600573160928e-03,9.970913939958e-01,-5.385300377273e-02,9.999567947852e-01,-3.600019321596e-03,9.999351926752e-01,-5.142818813778e-03
5.526997528593e-02,9.995929012863e-01,-1.841421782234e-02,9.999363647258e-01,-6.908142406057e-03,9.999806052323e-01,-3.684557824263e-03,9.969545330335e-01,-5.510165240196e-02,9.999547561461e-01,-3.683964325743e-03,9.999321347646e-01,-5.262735527171e-03
5.655924148835e-02,9.995736973058e-01,-1.884332114386e-02,9.999333615828e-01,-7.069257386378e-03,9.999796898766e-01,-3.770501226744e-03,9.968112528380e-01,-5.637888836757e-02,9.999526213406e-01,-3.769865229606e-03,9.999289326089e-01,-5.385446045018e-03
5.787858201832e-02,9.995535879176e-01,-1.928240256412e-02,9.999302167263e-01,-7.234128556972e-03,9.999787313212e-01,-3.858449034509e-03,9.966612543088e-01,-5.768534015200e-02,9.999503858347e-01,-3.857767496095e-03,9.999255794079e-01,-5.511015290143e-03
5.922869841071e-02,9.995325304829e-01,-1.973169258828e-02,9.999269234706e-01,-7.402843387652e-03,9.999777275275e-01,-3.948447977151e-03,9.965042246000e-01,-5.902164818383e-02,9.999480448812e-01,-3.947717637049e-03,9.999220680411e-01,-5.639509682109e-03
6.061030856485e-02,9.995104803591e-01,-2.019142693751e-02,9.999234748145e-01,-7.575491377893e-03,9.999766763607e-01,-4.040545872438e-03,9.963398365071e-01,-6.038846492614e-02,9.999455935094e-01,-4.039763236874e-03,9.999183910528e-01,-5.770997170861e-03
6.202414712632e-02,9.994873908067e-01,-2.066184665922e-02,9.999198634266e-01,-7.752164103411e-03,9.999755755851e-01,-4.134791651475e-03,9.961677478275e-01,-6.178645495375e-02,9.999430265144e-01,-4.133952976675e-03,9.999145406364e-01,-5.905547271078e-03
6.347096587755e-02,9.994632128911e-01,-2.114319823899e-02,9.999160816300e-01,-7.932955263772e-03,9.999744228598e-01,-4.231235384674e-03,9.959876006960e-01,-6.321629501824e-02,9.999403384463e-01,-4.230336658893e-03,9.999105086179e-01,-6.043231097211e-03
6.495153413758e-02,9.994378953799e-01,-2.163573371424e-02,9.999121213856e-01,-8.117960731055e-03,9.999732157332e-01,-4.329928307991e-03,9.957990208912e-01,-6.467867409958e-02,9.999375235988e-01,-4.328965232443e-03,9.999062864383e-01,-6.184121399255e-03
6.646663917111e-02,9.994113846361e-01,-2.213971078966e-02,9.999079742753e-01,-8.307278599585e-03,9.999719516382e-01,-4.430922850146e-03,9.956016171153e-01,-6.617429344298e-02,9.999345759971e-01,-4.429890818367e-03,9.999018651361e-01,-6.328292599227e-03
6.801708660714e-02,9.993836245051e-01,-2.265539295424e-02,9.999036314842e-01,-8.501009236757e-03,9.999706278864e-01,-4.534272660024e-03,9.953949802432e-01,-6.770386657952e-02,9.999314893849e-01,-4.533166736009e-03,9.998972353280e-01,-6.475820828386e-03
6.960370086734e-02,9.993545561980e-01,-2.318304960007e-02,9.998990837816e-01,-8.699255334979e-03,9.999692416628e-01,-4.640032635212e-03,9.951786825426e-01,-6.926811932925e-02,9.999282572120e-01,-4.638847529718e-03,9.998923871894e-01,-6.626783965194e-03
7.122732560441e-02,9.993241181684e-01,-2.372295614265e-02,9.998943215019e-01,-8.902121964741e-03,9.999677900194e-01,-4.748258950696e-03,9.949522768621e-01,-7.086778978491e-02,9.999248726198e-01,-4.746988996081e-03,9.998873104335e-01,-6.781261674020e-03
7.288882415069e-02,9.992922459839e-01,-2.427539414283e-02,9.998893345235e-01,-9.109716628850e-03,9.999662698692e-01,-4.859009088572e-03,9.947152957884e-01,-7.250362827472e-02,9.999213284271e-01,-4.857648211701e-03,9.998819942897e-01,-6.939335444604e-03
7.458907997721e-02,9.992588721920e-01,-2.484065143030e-02,9.998841122481e-01,-9.322149317825e-03,9.999646779796e-01,-4.972341868290e-03,9.944672507692e-01,-7.417639730234e-02,9.999176171150e-01,-4.970883561516e-03,9.998764274809e-01,-7.101088632292e-03
7.632899716347e-02,9.992239261790e-01,-2.541902222849e-02,9.998786435775e-01,-9.539532566507e-03,9.999630109653e-01,-5.088317477523e-03,9.942076312034e-01,-7.588687146203e-02,9.999137308113e-01,-5.086754767673e-03,9.998705982000e-01,-7.266606499028e-03
7.810950087816e-02,9.991873340237e-01,-2.601080728091e-02,9.998729168904e-01,-9.761981511876e-03,9.999612652815e-01,-5.206997503829e-03,9.939359034961e-01,-7.763583732696e-02,9.999096612734e-01,-5.205322918955e-03,9.998644940846e-01,-7.435976255134e-03
7.993153787110e-02,9.991490183431e-01,-2.661631397879e-02,9.998669200180e-01,-9.989613952106e-03,9.999594372162e-01,-5.328444967090e-03,9.936515100778e-01,-7.942409330846e-02,9.999053998714e-01,-5.326650500770e-03,9.998581021916e-01,-7.609287101872e-03
8.179607697667e-02,9.991088981322e-01,-2.723585649002e-02,9.998606402179e-01,-1.022255040689e-02,9.999575228821e-01,-5.452724352577e-03,9.933538683875e-01,-8.125244948370e-02,9.999009375699e-01,-5.450801425707e-03,9.998514089697e-01,-7.786630274786e-03
8.370410962896e-02,9.990668885954e-01,-2.786975588916e-02,9.998540641472e-01,-1.046091417904e-02,9.999555182086e-01,-5.579901644721e-03,9.930423698180e-01,-8.312172738945e-02,9.998962649090e-01,-5.577841064655e-03,9.998444002309e-01,-7.968099087840e-03
8.565665038892e-02,9.990229009708e-01,-2.851834028861e-02,9.998471778343e-01,-1.070483141737e-02,9.999534189331e-01,-5.710044361817e-03,9.927163786240e-01,-8.503275977915e-02,9.998913719844e-01,-5.707836278505e-03,9.998370611209e-01,-8.153788978351e-03
8.765473748391e-02,9.989768423471e-01,-2.918194497058e-02,9.998399666492e-01,-1.095443118097e-02,9.999512205921e-01,-5.843221591395e-03,9.923752307900e-01,-8.698639034043e-02,9.998862484266e-01,-5.840855450410e-03,9.998293760878e-01,-8.343797552714e-03
8.969943335965e-02,9.989286154708e-01,-2.986091251998e-02,9.998324152729e-01,-1.120984550473e-02,9.999489185112e-01,-5.979504026383e-03,9.920182328603e-01,-8.898347337002e-02,9.998808833794e-01,-5.976968518635e-03,9.998213288499e-01,-8.538224632926e-03
9.179182524527e-02,9.988781185457e-01,-3.055559295794e-02,9.998245076645e-01,-1.147120946628e-02,9.999465077959e-01,-6.118964002169e-03,9.916446607276e-01,-9.102487340292e-02,9.998752654769e-01,-6.116247009979e-03,9.998129023612e-01,-8.737172303901e-03
9.393302573134e-02,9.988252450233e-01,-3.126634387580e-02,9.998162270274e-01,-1.173866125432e-02,9.999439833206e-01,-6.261675534382e-03,9.912537583818e-01,-9.311146479236e-02,9.998693828198e-01,-6.258764073771e-03,9.998040787759e-01,-8.940744961588e-03
9.612417336149e-02,9.987698833832e-01,-3.199353056952e-02,9.998075557743e-01,-1.201234223836e-02,9.999413397180e-01,-6.407714357656e-03,9.908447366173e-01,-9.524413123692e-02,9.998632229506e-01,-6.404594516445e-03,9.997948394111e-01,-9.149049361869e-03
9.836643323784e-02,9.987119169040e-01,-3.273752617418e-02,9.997984754890e-01,-1.229239703981e-02,9.999385713677e-01,-6.557157965049e-03,9.904167716997e-01,-9.742376525103e-02,9.998567728276e-01,-6.553814836690e-03,9.997851647079e-01,-9.362194670250e-03
1.006609976405e-01,9.986512234239e-01,-3.349871179847e-02,9.997889668887e-01,-1.257897360463e-02,9.999356723843e-01,-6.710085648668e-03,9.899690039898e-01,-9.965126757477e-02,9.998500187974e-01,-6.706503261169e-03,9.997750341904e-01,-9.580292512328e-03
1.030090866615e-01,9.985876750903e-01,-3.427747665885e-02,9.997790097821e-01,-1.287222327730e-02,9.999326366046e-01,-6.866578540843e-03,9.895005365275e-01,-1.019275465187e-01,9.998429465669e-01,-6.862739780805e-03,9.997644264234e-01,-9.803457025027e-03
1.054119488536e-01,9.985211380988e-01,-3.507421821332e-02,9.997685830275e-01,-1.317230087643e-02,9.999294575750e-01,-7.026719656495e-03,9.890104335729e-01,-1.042535172395e-01,9.998355411731e-01,-7.022606187632e-03,9.997533189672e-01,-1.003180490860e-02
1.078708618943e-01,9.984514724198e-01,-3.588934229423e-02,9.997576644880e-01,-1.347936477171e-02,9.999261285375e-01,-7.190593936287e-03,9.884977191077e-01,-1.066301009407e-01,9.998277869520e-01,-7.186186112193e-03,9.997416883314e-01,-1.026545547936e-02
1.103871332649e-01,9.983785315138e-01,-3.672326324018e-02,9.997462309847e-01,-1.379357696243e-02,9.999226424155e-01,-7.358288290761e-03,9.879613752942e-01,-1.090582239952e-01,9.998196675064e-01,-7.353565061496e-03,9.997295099258e-01,-1.050453072317e-02
1.129621009461e-01,9.983021620331e-01,-3.757640402645e-02,9.997342582476e-01,-1.411510315760e-02,9.999189917985e-01,-7.529891645541e-03,9.874003408966e-01,-1.115388169825e-01,9.998111656714e-01,-7.524830457490e-03,9.997167580098e-01,-1.074915534962e-02
1.155971341291e-01,9.982222035112e-01,-3.844919639371e-02,9.997217208649e-01,-1.444411285747e-02,9.999151689269e-01,-7.705494987368e-03,9.868135096616e-01,-1.140728136367e-01,9.998022634790e-01,-7.700071676082e-03,9.997034056385e-01,-1.099945684693e-02
1.182936339440e-01,9.981384880382e-01,-3.934208097466e-02,9.997085922289e-01,-1.478077943667e-02,9.999111656750e-01,-7.885191411278e-03,9.861997286621e-01,-1.166611496980e-01,9.997929421210e-01,-7.879380086648e-03,9.996894246071e-01,-1.125556553745e-02
1.210530342046e-01,9.980508399218e-01,-4.025550741817e-02,9.996948444805e-01,-1.512528022896e-02,9.999069735341e-01,-8.069076168788e-03,9.855577966056e-01,-1.193047616631e-01,9.997831819096e-01,-8.062849092050e-03,9.996747853927e-01,-1.151761463391e-02
1.238768021707e-01,9.979590753340e-01,-4.118993451047e-02,9.996804484497e-01,-1.547779661343e-02,9.999025835945e-01,-8.257246717090e-03,9.848864621071e-01,-1.220045854270e-01,9.997729622374e-01,-8.250574169124e-03,9.996594570935e-01,-1.178574029618e-02
1.267664393286e-01,9.978630019415e-01,-4.214583029296e-02,9.996653735951e-01,-1.583851410241e-02,9.998979865262e-01,-8.449802769363e-03,9.841844219315e-01,-1.247615548109e-01,9.997622615343e-01,-8.442652909616e-03,9.996434073645e-01,-1.206008168867e-02
1.297234821892e-01,9.977624185215e-01,-4.312367217611e-02,9.996495879391e-01,-1.620762243085e-02,9.998931725597e-01,-8.646846346134e-03,9.834503192063e-01,-1.275765999676e-01,9.997510572233e-01,-8.639185061561e-03,9.996266023516e-01,-1.234078103823e-02
1.327495031053e-01,9.976571145593e-01,-4.412394704892e-02,9.996330580005e-01,-1.658531564739e-02,9.998881314649e-01,-8.848481827733e-03,9.826827416090e-01,-1.304506456588e-01,9.997393256740e-01,-8.840272571056e-03,9.996090066213e-01,-1.262798369256e-02
1.358461111073e-01,9.975468698299e-01,-4.514715138332e-02,9.996157487247e-01,-1.697179220691e-02,9.998828525296e-01,-9.054816008021e-03,9.818802195319e-01,-1.333846093966e-01,9.997270421540e-01,-9.046019624415e-03,9.995905830886e-01,-1.292183817908e-02
1.390149527591e-01,9.974314539611e-01,-4.619379133290e-02,9.995976234094e-01,-1.736725506480e-02,9.998773245365e-01,-9.265958149049e-03,9.810412242294e-01,-1.363793994410e-01,9.997141807782e-01,-9.256532690658e-03,9.995712929406e-01,-1.322249626416e-02
1.422577130335e-01,9.973106259784e-01,-4.726438282533e-02,9.995786436280e-01,-1.777191177269e-02,9.998715357401e-01,-9.482020037031e-03,9.801641659523e-01,-1.394359126458e-01,9.997007144558e-01,-9.471920564317e-03,9.995510955576e-01,-1.353011301271e-02
1.455761162081e-01,9.971841338299e-01,-4.835945164761e-02,9.995587691488e-01,-1.818597457584e-02,9.998654738410e-01,-9.703116039517e-03,9.792473920744e-01,-1.425550321451e-01,9.996866148351e-01,-9.692294408493e-03,9.995299484294e-01,-1.384484684802e-02
1.489719267822e-01,9.970517138926e-01,-4.947953352351e-02,9.995379578504e-01,-1.860966051207e-02,9.998591259605e-01,-9.929363163625e-03,9.782891852181e-01,-1.457376248721e-01,9.996718522452e-01,-9.917767798146e-03,9.995078070695e-01,-1.416685961183e-02
1.524469504151e-01,9.969130904565e-01,-5.062517418222e-02,9.995161656339e-01,-1.904319151226e-02,9.998524786132e-01,-1.016088111569e-02,9.772877613855e-01,-1.489845389012e-01,9.996563956362e-01,-1.014845676355e-02,9.994846249242e-01,-1.449631662448e-02
1.560030348862e-01,9.967679751885e-01,-5.179692941741e-02,9.994933463301e-01,-1.948679450237e-02,9.998455176782e-01,-1.039779236202e-02,9.762412681027e-01,-1.522966006052e-01,9.996402125157e-01,-1.038447983385e-02,9.994603532783e-01,-1.483338674510e-02
1.596420710774e-01,9.966160665736e-01,-5.299536513563e-02,9.994694516031e-01,-1.994070150700e-02,9.998382283695e-01,-1.064022219096e-02,9.751477825870e-01,-1.556746116188e-01,9.996232688829e-01,-1.062595808074e-02,9.994349411564e-01,-1.517824243181e-02
1.633659939788e-01,9.964570493336e-01,-5.422105739308e-02,9.994444308493e-01,-2.040514975444e-02,9.998305952046e-01,-1.088829877627e-02,9.740053099448e-01,-1.591193455997e-01,9.996055291602e-01,-1.087301516203e-02,9.994083352201e-01,-1.553105980162e-02
1.671767837172e-01,9.962905938216e-01,-5.547459241955e-02,9.994182310914e-01,-2.088038178317e-02,9.998226019719e-01,-1.114215324172e-02,9.728117814129e-01,-1.626315447788e-01,9.995869561211e-01,-1.112577736525e-02,9.993804796605e-01,-1.589201869021e-02
1.710764666094e-01,9.961163553931e-01,-5.675656662840e-02,9.993907968680e-01,-2.136664554981e-02,9.998142316963e-01,-1.140191972716e-02,9.715650526529e-01,-1.662119162890e-01,9.995675108154e-01,-1.138437365100e-02,9.993513160862e-01,-1.626130271123e-02
1.750671162395e-01,9.959339737512e-01,-5.806758661124e-02,9.993620701178e-01,-2.186419453842e-02,9.998054666033e-01,-1.166773545569e-02,9.702629021131e-01,-1.698611282671e-01,9.995471524911e-01,-1.164893569616e-02,9.993207834061e-01,-1.663909931509e-02
1.791508545613e-01,9.957430722659e-01,-5.940826911598e-02,9.993319900588e-01,-2.237328787118e-02,9.997962880815e-01,-1.193974080239e-02,9.689030294712e-01,-1.735798057168e-01,9.995258385126e-01,-1.191959793671e-02,9.992888177075e-01,-1.702559984710e-02
1.833298530270e-01,9.955432572676e-01,-6.077924100677e-02,9.993004930615e-01,-2.289419042032e-02,9.997866766436e-01,-1.221807936438e-02,9.674830541734e-01,-1.773685261277e-01,9.995035242761e-01,-1.219649761012e-02,9.992553521289e-01,-1.742099960479e-02
1.876063337415e-01,9.953341173124e-01,-6.218113920416e-02,9.992675125170e-01,-2.342717292133e-02,9.997766118847e-01,-1.250289803213e-02,9.660005140859e-01,-1.812278148401e-01,9.994801631202e-01,-1.247977479726e-02,9.992203167271e-01,-1.782549789422e-02
1.919825706441e-01,9.951152224195e-01,-6.361461060403e-02,9.992329786979e-01,-2.397251208724e-02,9.997660724395e-01,-1.279434706232e-02,9.644528642785e-01,-1.851581401493e-01,9.994557062339e-01,-1.276957246365e-02,9.991836383389e-01,-1.823929808521e-02
1.964608907176e-01,9.948861232800e-01,-6.508031197328e-02,9.991968186144e-01,-2.453049072401e-02,9.997550359374e-01,-1.309258015209e-02,9.628374759581e-01,-1.891599081431e-01,9.994301025599e-01,-1.306603649989e-02,9.991452404371e-01,-1.866260766508e-02
2.010436752257e-01,9.946463504363e-01,-6.657890982050e-02,9.991589558626e-01,-2.510139784700e-02,9.997434789551e-01,-1.339775451457e-02,9.611516355749e-01,-1.932334572651e-01,9.994032986944e-01,-1.336931576126e-02,9.991050429796e-01,-1.909563829095e-02
2.057333609789e-01,9.943954134305e-01,-6.811108023955e-02,9.991193104663e-01,-2.568552879814e-02,9.997313769675e-01,-1.371003095609e-02,9.593925441217e-01,-1.973790526002e-01,9.993752387817e-01,-1.367956210623e-02,9.990629622534e-01,-1.953860584017e-02
2.105324416307e-01,9.941327999229e-01,-6.967750872399e-02,9.990777987119e-01,-2.628318536409e-02,9.997187042955e-01,-1.402957395458e-02,9.575573166545e-01,-2.015968798766e-01,9.993458644057e-01,-1.399693043375e-02,9.990189107111e-01,-1.999173045876e-02
2.154434690032e-01,9.938579747784e-01,-7.127888994987e-02,9.990343329755e-01,-2.689467589493e-02,9.997054340525e-01,-1.435655173964e-02,9.556429820557e-01,-2.058870391826e-01,9.993151144759e-01,-1.432157871926e-02,9.989727968013e-01,-2.045523660757e-02
2.204690544441e-01,9.935703791216e-01,-7.291592752468e-02,9.989888215420e-01,-2.752031542347e-02,9.996915380877e-01,-1.469113637391e-02,9.536464830723e-01,-2.102495383969e-01,9.992829251089e-01,-1.465366804900e-02,9.989245247913e-01,-2.092935310577e-02
2.256118702153e-01,9.932694293586e-01,-7.458933369974e-02,9.989411684166e-01,-2.816042578486e-02,9.996769869263e-01,-1.503350383598e-02,9.515646766550e-01,-2.146842863310e-01,9.992492295058e-01,-1.499336265270e-02,9.988739945837e-01,-2.141431317163e-02
2.308746509137e-01,9.929545161662e-01,-7.629982904332e-02,9.988912731277e-01,-2.881533573655e-02,9.996617497085e-01,-1.538383410481e-02,9.493943346316e-01,-2.191910855875e-01,9.992139578232e-01,-1.534082993430e-02,9.988211015242e-01,-2.191035445997e-02
2.362601949252e-01,9.926250034483e-01,-7.804814207164e-02,9.988390305200e-01,-2.948538107823e-02,9.996457941237e-01,-1.574231124550e-02,9.471321447466e-01,-2.237696251377e-01,9.991770370405e-01,-1.569624050042e-02,9.987657362032e-01,-2.241771909611e-02
2.417713659130e-01,9.922802272578e-01,-7.983500883457e-02,9.987843305400e-01,-3.017090477167e-02,9.996290863433e-01,-1.610912349667e-02,9.447747121023e-01,-2.284194726251e-01,9.991383908206e-01,-1.605976818650e-02,9.987077842479e-01,-2.293665370598e-02
2.474110943401e-01,9.919194946860e-01,-8.166117245299e-02,9.987270580103e-01,-3.087225706026e-02,9.996115909494e-01,-1.648446335917e-02,9.423185610367e-01,-2.331400664031e-01,9.990979393661e-01,-1.643159008023e-02,9.986471261078e-01,-2.346740944183e-02
2.531823790274e-01,9.915420827165e-01,-8.352738260408e-02,9.986670923951e-01,-3.158979558789e-02,9.995932708604e-01,-1.686852768642e-02,9.397601374767e-01,-2.379307073215e-01,9.990555992693e-01,-1.681188654204e-02,9.985836368308e-01,-2.401024200329e-02
2.590882887485e-01,9.911472370475e-01,-8.543439495131e-02,9.986043075543e-01,-3.232388551717e-02,9.995740872537e-01,-1.726151777596e-02,9.370958118052e-01,-2.427905502740e-01,9.990112833566e-01,-1.720084122236e-02,9.985171858307e-01,-2.456541165324e-02
2.651319638614e-01,9.907341708788e-01,-8.738297051490e-02,9.985385714872e-01,-3.307489964648e-02,9.995539994839e-01,-1.766363946273e-02,9.343218822826e-01,-2.477185955283e-01,9.989649005267e-01,-1.759864107536e-02,9.984476366467e-01,-2.513318322802e-02
2.713166179782e-01,9.903020636668e-01,-8.937387497916e-02,9.984697460652e-01,-3.384321852566e-02,9.995329649980e-01,-1.807510321350e-02,9.314345790637e-01,-2.527136798595e-01,9.989163555829e-01,-1.800547636875e-02,9.983748466930e-01,-2.571382614149e-02
2.776455396741e-01,9.898500598462e-01,-9.140787793208e-02,9.983976867519e-01,-3.462923057011e-02,9.995109392460e-01,-1.849612422291e-02,9.284300688523e-01,-2.577744675161e-01,9.988655490589e-01,-1.842154068944e-02,9.982986669992e-01,-2.630761438236e-02
2.841220942356e-01,9.893772675209e-01,-9.348575203313e-02,9.983222423116e-01,-3.543333217276e-02,9.994878755886e-01,-1.892692251077e-02,9.253044602361e-01,-2.628994410478e-01,9.988123770384e-01,-1.884703094448e-02,9.982189419416e-01,-2.691482650429e-02
2.907497254506e-01,9.888827571228e-01,-9.560827210435e-02,9.982432545047e-01,-3.625592781376e-02,9.994637251988e-01,-1.936772302072e-02,9.220538097443e-01,-2.680868920338e-01,9.987567309682e-01,-1.928214735711e-02,9.981355089646e-01,-2.753574560808e-02
2.975319574391e-01,9.883655600421e-01,-9.777621413999e-02,9.981605577704e-01,-3.709743016732e-02,9.994384369607e-01,-1.981875572030e-02,9.186741286700e-01,-2.733349117518e-01,9.986984974638e-01,-1.972709345729e-02,9.980481982921e-01,-2.817065931520e-02
3.044723965270e-01,9.878246672293e-01,-9.999035422961e-02,9.980739788945e-01,-3.795826020537e-02,9.994119573628e-01,-2.028025570216e-02,9.151613907009e-01,-2.786413818357e-01,9.986375581094e-01,-2.018207606639e-02,9.979568326289e-01,-2.881985973227e-02
3.115747331643e-01,9.872590277708e-01,-1.022514673893e-01,9.979833366643e-01,-3.883884729755e-02,9.993842303865e-01,-2.075246328661e-02,9.115115403954e-01,-2.840039649748e-01,9.985737892498e-01,-2.064730527546e-02,9.978612268522e-01,-2.948364340537e-02
3.188427438865e-01,9.866675474401e-01,-1.045603262957e-01,9.978884415077e-01,-3.973962930695e-02,9.993551973894e-01,-2.123562412531e-02,9.077205025466e-01,-2.894200957140e-01,9.985070617760e-01,-2.112299441675e-02,9.977611876920e-01,-3.016231126375e-02
3.262802933237e-01,9.860490872287e-01,-1.069176999166e-01,9.977890951170e-01,-4.066105268125e-02,9.993247969838e-01,-2.172998930611e-02,9.037841924679e-01,-2.948869714197e-01,9.984372409034e-01,-2.160936002766e-02,9.976565134019e-01,-3.085616855184e-02
3.338913362547e-01,9.854024618567e-01,-1.093243520330e-01,9.976850900572e-01,-4.160357253841e-02,9.992929649088e-01,-2.223581545890e-02,8.996985272331e-01,-3.004015434842e-01,9.983641859422e-01,-2.210662180686e-02,9.975469934189e-01,-3.156552474889e-02
3.416799197105e-01,9.847264382697e-01,-1.117810396454e-01,9.975762093573e-01,-4.256765274660e-02,9.992596338976e-01,-2.275336486248e-02,8.954594379027e-01,-3.059605088466e-01,9.982877500619e-01,-2.261500256174e-02,9.974324080123e-01,-3.229069347526e-02
3.496501851258e-01,9.840197341230e-01,-1.142885112589e-01,9.974622260841e-01,-4.355376599734e-02,9.992247335376e-01,-2.328290555237e-02,8.910628827576e-01,-3.115603019149e-01,9.982077800470e-01,-2.313472814671e-02,9.973125279227e-01,-3.303199238429e-02
3.578063705415e-01,9.832810162600e-01,-1.168475050407e-01,9.973429028992e-01,-4.456239387147e-02,9.991881901252e-01,-2.382471142939e-02,8.865048615605e-01,-3.171970869823e-01,9.981241160462e-01,-2.366602739161e-02,9.971871139896e-01,-3.378974303901e-02
3.661528128578e-01,9.825088991869e-01,-1.194587468418e-01,9.972179915969e-01,-4.559402689689e-02,9.991499265135e-01,-2.437906236894e-02,8.817814308573e-01,-3.228667512342e-01,9.980365913141e-01,-2.420913201955e-02,9.970559167690e-01,-3.456427077222e-02
3.746939501407e-01,9.817019435523e-01,-1.221229480779e-01,9.970872326227e-01,-4.664916459747e-02,9.991098619528e-01,-2.494624433095e-02,8.768887203218e-01,-3.285648984512e-01,9.979450319456e-01,-2.476427655349e-02,9.969186761404e-01,-3.535590452927e-02
3.834343239814e-01,9.808586546357e-01,-1.248408034617e-01,9.969503545731e-01,-4.772831553204e-02,9.990679119249e-01,-2.552654947027e-02,8.718229501397e-01,-3.342868435183e-01,9.978492566029e-01,-2.533169821066e-02,9.967751209030e-01,-3.616497669199e-02
3.923785819117e-01,9.799774808522e-01,-1.276129885794e-01,9.968070736744e-01,-4.883199732259e-02,9.990239879686e-01,-2.612027624742e-02,8.665804494189e-01,-3.400276078554e-01,9.977490762362e-01,-2.591163678422e-02,9.966249683626e-01,-3.699182288281e-02
4.015314798747e-01,9.790568122818e-01,-1.304401573045e-01,9.966570932406e-01,-4.996073667071e-02,9.989779974987e-01,-2.672772953953e-02,8.611576755992e-01,-3.457819158888e-01,9.976442937963e-01,-2.650433451115e-02,9.964679239079e-01,-3.783678174761e-02
4.108978847542e-01,9.780949792307e-01,-1.333229390420e-01,9.965001031096e-01,-5.111506936107e-02,9.989298436159e-01,-2.734922075134e-02,8.555512348264e-01,-3.515441926891e-01,9.975347039414e-01,-2.711003592551e-02,9.963036805781e-01,-3.870019471607e-02
4.204827769623e-01,9.770902508354e-01,-1.362619357953e-01,9.963357790576e-01,-5.229554025076e-02,9.988794249086e-01,-2.798506792607e-02,8.497579032395e-01,-3.573085628998e-01,9.974200927374e-01,-2.772898769626e-02,9.961319186206e-01,-3.958240573818e-02
4.302912530876e-01,9.760408337178e-01,-1.392577190495e-01,9.961637821897e-01,-5.350270324337e-02,9.988266352458e-01,-2.863559585596e-02,8.437746491081e-01,-3.630688510883e-01,9.973002373511e-01,-2.836143844863e-02,9.959523050410e-01,-4.048376099524e-02
4.403285286053e-01,9.749448707043e-01,-1.423108264631e-01,9.959837583079e-01,-5.473712124632e-02,9.987713635607e-01,-2.930113619219e-02,8.375986557415e-01,-3.688185836445e-01,9.971749057390e-01,-2.900763856797e-02,9.957644931444e-01,-4.140460858422e-02
4.505999406505e-01,9.738004396204e-01,-1.454217583633e-01,9.957953372541e-01,-5.599936611005e-02,9.987134936251e-01,-2.998202755423e-02,8.312273450733e-01,-3.745509923571e-01,9.970438563296e-01,-2.966783998528e-02,9.955681220704e-01,-4.234529817356e-02
4.611109508561e-01,9.726055521742e-01,-1.485909740359e-01,9.955981322283e-01,-5.729001854764e-02,9.986529038131e-01,-3.067861563793e-02,8.246584018125e-01,-3.802590197912e-01,9.969068377013e-01,-3.034229594308e-02,9.953628163205e-01,-4.330618062916e-02
4.718671482568e-01,9.713581529427e-01,-1.518188878064e-01,9.953917390823e-01,-5.860966803309e-02,9.985894668552e-01,-3.139125332255e-02,8.178897980324e-01,-3.859353265858e-01,9.967635882564e-01,-3.103126074089e-02,9.951481852812e-01,-4.428760760872e-02
4.828742522609e-01,9.700561184785e-01,-1.551058649046e-01,9.951757355857e-01,-5.995891267662e-02,9.985230495809e-01,-3.212030077605e-02,8.109198180521e-01,-3.915723007855e-01,9.966138358906e-01,-3.173498945882e-02,9.949238227421e-01,-4.528993112279e-02
4.941381156920e-01,9.686972565508e-01,-1.584522171089e-01,9.949496806670e-01,-6.133835907510e-02,9.984535126505e-01,-3.286612555854e-02,8.037470834479e-01,-3.971620693079e-01,9.964572976602e-01,-3.245373765854e-02,9.946893064108e-01,-4.631350306099e-02
5.056647279003e-01,9.672793055418e-01,-1.618581981662e-01,9.947131136264e-01,-6.274862213576e-02,9.983807102748e-01,-3.362910272357e-02,7.963705780152e-01,-4.026965116399e-01,9.962936794476e-01,-3.318776106015e-02,9.944441974265e-01,-4.735867468142e-02
5.174602179483e-01,9.657999340165e-01,-1.653239989823e-01,9.944655533217e-01,-6.419032487090e-02,9.983044899235e-01,-3.440961491664e-02,7.887896724848e-01,-4.081672758394e-01,9.961226756249e-01,-3.393731519399e-02,9.941880398727e-01,-4.842579606182e-02
5.295308578689e-01,9.642567404866e-01,-1.688497425824e-01,9.942064973256e-01,-6.566409816162e-02,9.982246920196e-01,-3.520805247090e-02,7.810041487807e-01,-4.135657969030e-01,9.959439687184e-01,-3.470265502609e-02,9.939203602913e-01,-4.951521551036e-02
5.418830660010e-01,9.626472533917e-01,-1.724354788387e-01,9.939354210551e-01,-6.717058048806e-02,9.981411496220e-01,-3.602481349924e-02,7.730142235931e-01,-4.188833175430e-01,9.957572290732e-01,-3.548403455625e-02,9.936406672009e-01,-5.062727893470e-02
5.545234104022e-01,9.609689313209e-01,-1.760811789660e-01,9.936517768718e-01,-6.871041762373e-02,9.980536880935e-01,-3.686030398256e-02,7.648205710265e-01,-4.241109113914e-01,9.955621145218e-01,-3.628170638729e-02,9.933484506191e-01,-5.176232916718e-02
5.674586123411e-01,9.592191635001e-01,-1.797867297860e-01,9.933549931536e-01,-7.028426229139e-02,9.979621247558e-01,-3.771493785361e-02,7.564243440719e-01,-4.292395086281e-01,9.953582700550e-01,-3.709592126463e-02,9.930431815934e-01,-5.292070524480e-02
5.806955498714e-01,9.573952705706e-01,-1.835519277638e-01,9.930444733368e-01,-7.189277377752e-02,9.978662685282e-01,-3.858913707589e-02,7.478271946441e-01,-4.342599240027e-01,9.951453274999e-01,-3.792692758477e-02,9.927243117418e-01,-5.410274164191e-02
5.942412614892e-01,9.554945056886e-01,-1.873764728214e-01,9.927195949295e-01,-7.353661750260e-02,9.977659195529e-01,-3.948333171692e-02,7.390312919175e-01,-4.391628871891e-01,9.949229052033e-01,-3.877497087172e-02,9.923912728065e-01,-5.530876745429e-02
6.081029498753e-01,9.535140559726e-01,-1.912599619354e-01,9.923797084956e-01,-7.521646454410e-02,9.976608688032e-01,-4.039796001554e-02,7.300393386937e-01,-4.439390753846e-01,9.946906077263e-01,-3.964029322030e-02,9.920434762227e-01,-5.653910553291e-02
6.222879857254e-01,9.514510443301e-01,-1.952018825278e-01,9.920241366098e-01,-7.693299110880e-02,9.975508976765e-01,-4.133346844214e-02,7.208545855327e-01,-4.485791480321e-01,9.944480255485e-01,-4.052313270515e-02,9.916803127074e-01,-5.779407156581e-02
6.368039116692e-01,9.493025316959e-01,-1.992016056630e-01,9.916521727843e-01,-7.868687795117e-02,9.974357775691e-01,-4.229031175151e-02,7.114808423865e-01,-4.530737835094e-01,9.941947347861e-01,-4.142372275462e-02,9.913011518697e-01,-5.907397310696e-02
6.516584462811e-01,9.470655197120e-01,-2.032583790641e-01,9.912630803669e-01,-8.047880973408e-02,9.973152694354e-01,-4.326895302731e-02,7.019224874803e-01,-4.574137176012e-01,9.939302969256e-01,-4.234229148868e-02,9.909053418477e-01,-6.037910855066e-02
6.668594881843e-01,9.447369538851e-01,-2.073713199686e-01,9.908560914119e-01,-8.230947432808e-02,9.971891233273e-01,-4.426986371729e-02,6.921844732041e-01,-4.615897835300e-01,9.936542585764e-01,-4.327906101992e-02,9.904922089751e-01,-6.170976605045e-02
6.824151202509e-01,9.423137272540e-01,-2.115394078430e-01,9.904304055243e-01,-8.417956204536e-02,9.970570779162e-01,-4.529352365861e-02,6.822723287894e-01,-4.655929532947e-01,9.933661512435e-01,-4.423424671716e-02,9.900610574832e-01,-6.306622238178e-02
6.983336138997e-01,9.397926846015e-01,-2.157614769820e-01,9.899851886779e-01,-8.608976480410e-02,9.969188599953e-01,-4.634042109200e-02,6.721921595760e-01,-4.694143800317e-01,9.930654911248e-01,-4.520805643105e-02,9.896111692402e-01,-6.444874174763e-02
7.146234334945e-01,9.371706272464e-01,-2.200362090219e-01,9.895195720100e-01,-8.804077521896e-02,9.967741839626e-01,-4.741105266402e-02,6.619506426929e-01,-4.730454410851e-01,9.927517789349e-01,-4.620068968133e-02,9.891418035356e-01,-6.585757452671e-02
7.312932408445e-01,9.344443184482e-01,-2.243621253996e-01,9.890326505922e-01,-9.003328561315e-02,9.966227512827e-01,-4.850592341613e-02,6.515550190166e-01,-4.764777814451e-01,9.924244997600e-01,-4.721233680551e-02,9.886521969126e-01,-6.729295596418e-02
7.483518998108e-01,9.316104894604e-01,-2.287375797969e-01,9.885234821810e-01,-9.206798694740e-02,9.964642499290e-01,-4.962554675951e-02,6.410130812987e-01,-4.797033571934e-01,9.920831229456e-01,-4.824317806909e-02,9.881415630547e-01,-6.875510480505e-02
7.658084810188e-01,9.286658462637e-01,-2.331607506098e-01,9.879910859493e-01,-9.414556766078e-02,9.962983538031e-01,-5.077044443435e-02,6.303331584003e-01,-4.827144785703e-01,9.917271020225e-01,-4.929338273748e-02,9.876090927326e-01,-7.024422187080e-02
7.836722666817e-01,9.256070770114e-01,-2.376296334924e-01,9.874344412014e-01,-9.626671241855e-02,9.961247221330e-01,-5.194114645231e-02,6.195240956090e-01,-4.855038522698e-01,9.913558746728e-01,-5.036310811020e-02,9.870539538159e-01,-7.176048858032e-02
8.019527555363e-01,9.224308602172e-01,-2.421420340260e-01,9.868524860753e-01,-9.843210076145e-02,9.959429988482e-01,-5.313819102075e-02,6.085952310615e-01,-4.880646225560e-01,9.909688627426e-01,-5.145249851802e-02,9.864752913565e-01,-7.330406541639e-02
8.206596678933e-01,9.191338737115e-01,-2.466955605708e-01,9.862441162333e-01,-1.006424056514e-01,9.957528119320e-01,-5.436212444713e-02,5.975563683421e-01,-4.903904107911e-01,9.905654723024e-01,-5.256168428435e-02,9.858722277507e-01,-7.487509033982e-02
8.398029508065e-01,9.157128043912e-01,-2.512876173637e-01,9.856081835479e-01,-1.028982919074e-01,9.955537727502e-01,-5.561350102211e-02,5.864177453752e-01,-4.924753529714e-01,9.901450937616e-01,-5.369078065205e-02,9.852438629848e-01,-7.647367715358e-02
8.593927833614e-01,9.121643587826e-01,-2.559153979295e-01,9.849434947842e-01,-1.052004145271e-01,9.953454753553e-01,-5.689288287958e-02,5.751899997782e-01,-4.943141348711e-01,9.897071020407e-01,-5.483988667772e-02,9.845892749722e-01,-7.809991381994e-02
8.794395820882e-01,9.084852744347e-01,-2.605758788801e-01,9.842488102848e-01,-1.075494168863e-01,9.951274957662e-01,-5.820083983182e-02,5.638841308905e-01,-4.959020244165e-01,9.892508568059e-01,-5.600908409545e-02,9.839075199877e-01,-7.975386073432e-02
8.999540065002e-01,9.046723321518e-01,-2.652658141779e-01,9.835228426634e-01,-1.099459288125e-01,9.948993912233e-01,-5.953794917785e-02,5.525114587378e-01,-4.972349009284e-01,9.887757027691e-01,-5.719843615287e-02,9.831976332071e-01,-8.143554896009e-02
9.209469647620e-01,9.007223690711e-01,-2.699817299505e-01,9.827642555105e-01,-1.123905645252e-01,9.946606994182e-01,-6.090479548299e-02,5.410835802390e-01,-4.983092809037e-01,9.882809700603e-01,-5.840798642233e-02,9.824586293570e-01,-8.314497842948e-02
9.424296194899e-01,8.966322925827e-01,-2.747199199421e-01,9.819716621206e-01,-1.148839204367e-01,9.944109376968e-01,-6.230197032741e-02,5.296123229975e-01,-4.991223400397e-01,9.877659746750e-01,-5.963775759101e-02,9.816895034835e-01,-8.488211611610e-02
9.644133936871e-01,8.923990950818e-01,-2.794764416962e-01,9.811436242458e-01,-1.174265728087e-01,9.941496022383e-01,-6.373007202142e-02,5.181096970595e-01,-4.996719312433e-01,9.872300190006e-01,-6.088775023385e-02,9.808892318448e-01,-8.664689418590e-02
9.869099768176e-01,8.880198695349e-01,-2.842471135660e-01,9.802786508851e-01,-1.200190752565e-01,9.938761672063e-01,-6.518970528509e-02,5.065878450495e-01,-4.999565984139e-01,9.866723924284e-01,-6.215794157386e-02,9.800567729352e-01,-8.843920813376e-02
1.009931331022e+00,8.834918258306e-01,-2.890275126525e-01,9.793751971179e-01,-1.226619560974e-01,9.935900838747e-01,-6.668148088960e-02,4.950589911188e-01,-4.999755858352e-01,9.860923720527e-01,-6.344828423515e-02,9.791910686463e-01,-9.025891491385e-02
1.033489697479e+00,8.788123078777e-01,-2.938129737716e-01,9.784316629904e-01,-1.253557155346e-01,9.932907797279e-01,-6.820601525770e-02,4.835353891604e-01,-4.997288430638e-01,9.854892234623e-01,-6.475870499401e-02,9.782910455707e-01,-9.210583107300e-02
1.057597602913e+00,8.739788113997e-01,-2.985985895562e-01,9.774463924668e-01,-1.281008226732e-01,9.929776575334e-01,-6.976393002033e-02,4.720292707559e-01,-4.992170252561e-01,9.848622016281e-01,-6.608910353461e-02,9.773556164543e-01,-9.397973089676e-02
1.082267866254e+00,8.689890023648e-01,-3.033792117957e-01,9.764176724559e-01,-1.308977123614e-01,9.926500943906e-01,-7.135585152655e-02,4.605527933244e-01,-4.984414889287e-01,9.842105518897e-01,-6.743935121577e-02,9.763836818015e-01,-9.588034457908e-02
1.107513605459e+00,8.638407359759e-01,-3.081494541175e-01,9.753437319248e-01,-1.337467818524e-01,9.923074407523e-01,-7.298241030348e-02,4.491179889373e-01,-4.974042832045e-01,9.835335110430e-01,-6.880928985653e-02,9.753741316378e-01,-9.780735642717e-02
1.133348244481e+00,8.585320761338e-01,-3.129036961112e-01,9.742227411151e-01,-1.366483872825e-01,9.919490194224e-01,-7.464424046305e-02,4.377367142572e-01,-4.961081366482e-01,9.828303085336e-01,-7.019873054803e-02,9.743258474321e-01,-9.976040311402e-02
1.159785520409e+00,8.530613152714e-01,-3.176360889939e-01,9.730528108732e-01,-1.396028399598e-01,9.915741245293e-01,-7.634197905203e-02,4.264206020387e-01,-4.945564398485e-01,9.821001677554e-01,-7.160745250047e-02,9.732377041827e-01,-1.017390719919e-01
1.186839490775e+00,8.474269944447e-01,-3.223405629080e-01,9.718319921131e-01,-1.426104024617e-01,9.911820204752e-01,-7.807626534180e-02,4.151810146053e-01,-4.927532239535e-01,9.813423074562e-01,-7.303520193378e-02,9.721085726669e-01,-1.037428994805e-01
1.214524541026e+00,8.416279235493e-01,-3.270108359370e-01,9.705582754263e-01,-1.456712845369e-01,9.907719408636e-01,-7.984774005389e-02,4.040289996887e-01,-4.907031354080e-01,9.805559432525e-01,-7.448169102164e-02,9.709373218553e-01,-1.057713695453e-01
1.242855392173e+00,8.356632015208e-01,-3.316404249154e-01,9.692295908578e-01,-1.487856388101e-01,9.903430874058e-01,-8.165704451757e-02,3.929752489803e-01,-4.884114071857e-01,9.797402892502e-01,-7.594659689843e-02,9.697228214895e-01,-1.078239122803e-01
1.271847108622e+00,8.295322363615e-01,-3.362226580968e-01,9.678438078668e-01,-1.519535562885e-01,9.898946288074e-01,-8.350481975508e-02,3.820300597047e-01,-4.858838268421e-01,9.788945597730e-01,-7.742956073940e-02,9.684639448214e-01,-1.098999026118e-01
1.301515106180e+00,8.232347648224e-01,-3.407506897326e-01,9.663987354917e-01,-1.551750616702e-01,9.894256996380e-01,-8.539170549043e-02,3.712032994839e-01,-4.831267017421e-01,9.780179711943e-01,-7.893018692438e-02,9.671595715088e-01,-1.119986591389e-01
1.331875160253e+00,8.167708715601e-01,-3.452175165976e-01,9.648921227423e-01,-1.584501084545e-01,9.889353991837e-01,-8.731833907726e-02,3.605043747129e-01,-4.801468218428e-01,9.771097438704e-01,-8.044804229569e-02,9.658085906639e-01,-1.141194431278e-01
1.362943414239e+00,8.101410075745e-01,-3.496159964811e-01,9.633216592402e-01,-1.617785738591e-01,9.884227902882e-01,-8.928535434106e-02,3.499422026199e-01,-4.769514204250e-01,9.761691041710e-01,-8.198265552102e-02,9.644099040456e-01,-1.162614576759e-01
1.394736388104e+00,8.033460077259e-01,-3.539388686443e-01,9.616849761321e-01,-1.651602535457e-01,9.878868981821e-01,-9.129338033107e-02,3.395251871374e-01,-4.735481331784e-01,9.751952866015e-01,-8.353351657182e-02,9.629624293886e-01,-1.184238470622e-01
1.427270987173e+00,7.963871071214e-01,-3.581787762213e-01,9.599796473005e-01,-1.685948561622e-01,9.873267093058e-01,-9.334303997703e-02,3.292611986610e-01,-4.699449560505e-01,9.741875360099e-01,-8.510007632796e-02,9.614651038570e-01,-1.206056963007e-01
1.460564511115e+00,7.892659561573e-01,-3.623282905215e-01,9.582031908971e-01,-1.720819977088e-01,9.867411701278e-01,-9.543494864549e-02,3.191575577233e-01,-4.661502022647e-01,9.731451098725e-01,-8.668174631889e-02,9.599168876110e-01,-1.228060309122e-01
1.494634663144e+00,7.819846339980e-01,-3.663799371626e-01,9.563530712272e-01,-1.756211957380e-01,9.861291859645e-01,-9.756971259091e-02,3.092210225697e-01,-4.621724589054e-01,9.720672806476e-01,-8.827789861133e-02,9.583167674717e-01,-1.250238169301e-01
1.529499559431e+00,7.745456602767e-01,-3.703262239417e-01,9.544267010109e-01,-1.792118634024e-01,9.854896198033e-01,-9.974792729600e-02,2.994577805738e-01,-4.580205434559e-01,9.709533381892e-01,-8.988786585279e-02,9.566637606684e-01,-1.272579611535e-01
1.565177738739e+00,7.669520048038e-01,-3.741596703232e-01,9.524214440511e-01,-1.828533033639e-01,9.848212911370e-01,-1.019701756961e-01,2.898734433954e-01,-4.537034606541e-01,9.698025922068e-01,-9.151094147984e-02,9.549569186494e-01,-1.295073116622e-01
1.601688172277e+00,7.592070950746e-01,-3.778728383957e-01,9.503346183362e-01,-1.865447015848e-01,9.841229748127e-01,-1.042370262823e-01,2.804730457437e-01,-4.492303600103e-01,9.686143747627e-01,-9.314638009895e-02,9.531953309372e-01,-1.317706586041e-01
1.639050273791e+00,7.513148213824e-01,-3.814583651241e-01,9.481634996069e-01,-1.902851210200e-01,9.833933999024e-01,-1.065490310776e-01,2.712610475797e-01,-4.446104943045e-01,9.673880427895e-01,-9.479339804692e-02,9.513781290068e-01,-1.340467352656e-01
1.677283909887e+00,7.432795393522e-01,-3.849089956952e-01,9.459053254174e-01,-1.940734952369e-01,9.826312486027e-01,-1.089067234814e-01,2.622413395605e-01,-4.398531793520e-01,9.661229806162e-01,-9.645117413671e-02,9.495044901626e-01,-1.363342194338e-01
1.716409410589e+00,7.351060697313e-01,-3.882176177300e-01,9.435572997190e-01,-1.979086219906e-01,9.818351551691e-01,-1.113106159763e-01,2.534172515087e-01,-4.349677552951e-01,9.648186024864e-01,-9.811885059323e-02,9.475736413917e-01,-1.386317350563e-01
1.756447580158e+00,7.267996952935e-01,-3.913772961136e-01,9.411165979955e-01,-2.017891567865e-01,9.810037048958e-01,-1.137611976917e-01,2.447915636672e-01,-4.299635496465e-01,9.634743550520e-01,-9.979553418240e-02,9.455848631657e-01,-1.409378542033e-01
1.797419708148e+00,7.183661547376e-01,-3.943813081678e-01,9.385803729786e-01,-2.057136064660e-01,9.801354331481e-01,-1.162589318207e-01,2.363665204902e-01,-4.248498422756e-01,9.620897198271e-01,-1.014802975350e-01,9.435374931662e-01,-1.432510993322e-01
1.839347580728e+00,7.098116334906e-01,-3.972231788774e-01,9.359457609696e-01,-2.096803228573e-01,9.792288244575e-01,-1.188042528835e-01,2.281438467070e-01,-4.196358324985e-01,9.606642155829e-01,-1.031721806653e-01,9.414309299052e-01,-1.455699458565e-01
1.882253492266e+00,7.011427513578e-01,-3.998967158599e-01,9.332098887929e-01,-2.136874965338e-01,9.782823116906e-01,-1.213975638338e-01,2.201247653935e-01,-4.143306083962e-01,9.591974006678e-01,-1.048701926830e-01,9.392646362138e-01,-1.478928250117e-01
1.926160257185e+00,6.923665469942e-01,-4.023960437602e-01,9.303698814040e-01,-2.177331507309e-01,9.772942753036e-01,-1.240392330033e-01,2.123100177825e-01,-4.089431184550e-01,9.576888752334e-01,-1.065733136948e-01,9.370381425711e-01,-1.502181270150e-01
1.971091222093e+00,6.834904592096e-01,-4.047156377428e-01,9.274228701722e-01,-2.218151354734e-01,9.762630426936e-01,-1.267295908811e-01,2.046998845473e-01,-4.034821455946e-01,9.561382833493e-01,-1.082804968904e-01,9.347510502448e-01,-1.525442045075e-01
2.017070278197e+00,6.745223051580e-01,-4.068503557472e-01,9.243660018561e-01,-2.259311219735e-01,9.751868876613e-01,-1.294689267240e-01,1.972942082968e-01,-3.979562836158e-01,9.545453149901e-01,-1.099906708050e-01,9.324030342171e-01,-1.548693762663e-01
2.064121874007e+00,6.654702555002e-01,-4.087954691795e-01,9.211964482836e-01,-2.300785973601e-01,9.740640299993e-01,-1.322574849951e-01,1.900924170321e-01,-3.923739160788e-01,9.529097078758e-01,-1.117027417510e-01,9.299938458701e-01,-1.571919311722e-01
2.112271028336e+00,6.563428066680e-01,-4.105466917151e-01,9.179114167461e-01,-2.342548598079e-01,9.728926352212e-01,-1.350954616290e-01,1.830935483202e-01,-3.867431975920e-01,9.512312491509e-01,-1.134155964061e-01,9.275233154041e-01,-1.595101324146e-01
2.161543343605e+00,6.471487503974e-01,-4.121002058999e-01,9.145081611099e-01,-2.384570141381e-01,9.716708144476e-01,-1.379830001211e-01,1.762962739582e-01,-3.810720374767e-01,9.495097768868e-01,-1.151281045456e-01,9.249913539670e-01,-1.618222219117e-01
2.211965019453e+00,6.378971407368e-01,-4.134526872576e-01,9.109839936434e-01,-2.426819679648e-01,9.703966244672e-01,-1.409201874431e-01,1.696989249125e-01,-3.753680857453e-01,9.477451813926e-01,-1.168391219058e-01,9.223979554726e-01,-1.641264249234e-01
2.263562866670e+00,6.285972587708e-01,-4.146013256278e-01,9.073362975487e-01,-2.469264284672e-01,9.690680679915e-01,-1.439070497822e-01,1.632995163349e-01,-3.696387213208e-01,9.459374063220e-01,-1.185474931609e-01,9.197431980884e-01,-1.664209548308e-01
2.316364321456e+00,6.192585753337e-01,-4.155438434917e-01,9.035625401840e-01,-2.511868998709e-01,9.676830941220e-01,-1.469435481095e-01,1.570957724724e-01,-3.638910424065e-01,9.440864495657e-01,-1.202520549972e-01,9.170272453766e-01,-1.687040180539e-01
2.370397460003e+00,6.098907120168e-01,-4.162785110686e-01,8.996602869496e-01,-2.554596817217e-01,9.662395990509e-01,-1.500295735781e-01,1.510851513077e-01,-3.581318589040e-01,9.421923639186e-01,-1.219516392658e-01,9.142503470739e-01,-1.709738190774e-01
2.425691013432e+00,6.005034007990e-01,-4.168041580072e-01,8.956272158054e-01,-2.597408680407e-01,9.647354270170e-01,-1.531649427570e-01,1.452648687808e-01,-3.523676867689e-01,9.402552575152e-01,-1.236450761940e-01,9.114128394999e-01,-1.732285655542e-01
2.482274383063e+00,5.911064426506e-01,-4.171201815286e-01,8.914611323756e-01,-2.640263474478e-01,9.631683715395e-01,-1.563493927085e-01,1.396319224618e-01,-3.466047441848e-01,9.382752940277e-01,-1.253311976356e-01,9.085151455861e-01,-1.754664734522e-01
2.540177656055e+00,5.817096654753e-01,-4.172265509243e-01,8.871599855884e-01,-2.683118043436e-01,9.615361769519e-01,-1.595825759158e-01,1.341831145627e-01,-3.408489494321e-01,9.362526926220e-01,-1.270088403387e-01,9.055577745208e-01,-1.776857722128e-01
2.599431621398e+00,5.723228817689e-01,-4.171238083530e-01,8.827218837852e-01,-2.725927212371e-01,9.598365402617e-01,-1.628640550723e-01,1.289150741902e-01,-3.351059203248e-01,9.341877276724e-01,-1.286768492099e-01,9.025413210102e-01,-1.798847098857e-01
2.660067786289e+00,5.629558463717e-01,-4.168130659249e-01,8.781451112241e-01,-2.768643823043e-01,9.580671133597e-01,-1.661932977462e-01,1.238242787584e-01,-3.293809750856e-01,9.320807282335e-01,-1.303340805536e-01,8.994664641569e-01,-1.820615582074e-01
2.722118392884e+00,5.536182146957e-01,-4.162959991064e-01,8.734281448913e-01,-2.811218782622e-01,9.562255056038e-01,-1.695696709344e-01,1.189070744970e-01,-3.236791345322e-01,9.299320772744e-01,-1.319794052658e-01,8.963339659638e-01,-1.842146175882e-01
2.785616435443e+00,5.443195017977e-01,-4.155748365234e-01,8.685696715193e-01,-2.853601126347e-01,9.543092868042e-01,-1.729924355262e-01,1.141596960013e-01,-3.180051254464e-01,9.277422106784e-01,-1.336117119604e-01,8.931446694704e-01,-1.863422219781e-01
2.850595677871e+00,5.350690426564e-01,-4.146523462821e-01,8.635686047024e-01,-2.895738094830e-01,9.523159906352e-01,-1.764607406942e-01,1.095782847870e-01,-3.123633850024e-01,9.255116160182e-01,-1.352299100093e-01,8.898994965372e-01,-1.884427435762e-01
2.917090671676e+00,5.258759539930e-01,-4.135318189664e-01,8.584241019858e-01,-2.937575226635e-01,9.502431184979e-01,-1.799736182412e-01,1.051589068216e-01,-3.067580661331e-01,9.232408311117e-01,-1.368329324771e-01,8.865994452911e-01,-1.905145973576e-01
2.985136774337e+00,5.167490979543e-01,-4.122170475100e-01,8.531355817932e-01,-2.979056466688e-01,9.480881438620e-01,-1.835299769263e-01,1.008975690188e-01,-3.011930437193e-01,9.209304423744e-01,-1.384197389313e-01,8.832455872538e-01,-1.925562453867e-01
3.054770168108e+00,5.076970479448e-01,-4.107123041718e-01,8.477027400478e-01,-3.020124290930e-01,9.458485171086e-01,-1.871285968034e-01,9.679023468803e-02,-2.956719214891e-01,9.185810829765e-01,-1.399893181127e-01,8.798390641710e-01,-1.945662008941e-01
3.126027879252e+00,4.987280568680e-01,-4.090223148750e-01,8.421255663304e-01,-3.060719847524e-01,9.435216708994e-01,-1.907681236071e-01,9.283283794424e-02,-2.901980395238e-01,9.161934308222e-01,-1.415406904504e-01,8.763810845691e-01,-1.965430320905e-01
3.198947797738e+00,4.898500279980e-01,-4.071522311920e-01,8.364043594102e-01,-3.100783114763e-01,9.411050260938e-01,-1.944470632216e-01,8.902129708783e-02,-2.847744822708e-01,9.137682063653e-01,-1.430729104079e-01,8.728729200635e-01,-1.984853657009e-01
3.273568697378e+00,4.810704886695e-01,-4.051076002808e-01,8.305397419743e-01,-3.140253075649e-01,9.385959982349e-01,-1.981637762784e-01,8.535152697261e-02,-2.794040869709e-01,9.113061702774e-01,-1.445850686483e-01,8.693159014462e-01,-2.003918901979e-01
3.349930256452e+00,4.723965669329e-01,-4.028943330874e-01,8.245326743786e-01,-3.179067908963e-01,9.359920046221e-01,-2.019164729257e-01,8.181945038575e-02,-2.740894524135e-01,9.088081209875e-01,-1.460762940095e-01,8.657114145814e-01,-2.022613587219e-01
3.428073078803e+00,4.638349712842e-01,-4.005186711431e-01,8.183844672352e-01,-3.217165196417e-01,9.332904719868e-01,-2.057032078218e-01,7.842100846783e-02,-2.688329479411e-01,9.062748921103e-01,-1.475457552812e-01,8.620608961380e-01,-2.040925916758e-01
3.508038715426e+00,4.553919735384e-01,-3.979871522861e-01,8.120967926522e-01,-3.254482145289e-01,9.304888447825e-01,-2.095218754060e-01,7.515217020573e-02,-2.636367226300e-01,9.037073497806e-01,-1.489926627768e-01,8.583658291907e-01,-2.058844789855e-01
3.589869686567e+00,4.470733948781e-01,-3.953065756364e-01,8.056716939406e-01,-3.290955825719e-01,9.275845940978e-01,-2.133702055039e-01,7.200894103405e-02,-2.585027145800e-01,9.011063899157e-01,-1.504162696978e-01,8.546277387175e-01,-2.076359820213e-01
3.673609504326e+00,4.388845950700e-01,-3.924839661478e-01,7.991115936071e-01,-3.326523421604e-01,9.245752271970e-01,-2.172457593315e-01,6.898737058355e-02,-2.534326602542e-01,8.984729354206e-01,-1.518158732872e-01,8.508481870260e-01,-2.093461351786e-01
3.759302695798e+00,4.308304648094e-01,-3.895265390506e-01,7.924192994556e-01,-3.361122493837e-01,9.214582976859e-01,-2.211459259605e-01,6.608355961668e-02,-2.484281038149e-01,8.958079333576e-01,-1.531908157724e-01,8.470287691370e-01,-2.110140471168e-01
3.846994826747e+00,4.229154211167e-01,-3.864416644820e-01,7.855980086331e-01,-3.394691254348e-01,9.182314162974e-01,-2.250679193160e-01,6.329366619197e-02,-2.434904064064e-01,8.931123520960e-01,-1.545404850977e-01,8.431711081536e-01,-2.126389016618e-01
3.936732525839e+00,4.151434056842e-01,-3.832368325872e-01,7.786513094631e-01,-3.427168849235e-01,9.148922622822e-01,-2.290087757768e-01,6.061391109942e-02,-2.386207553434e-01,8.903871784612e-01,-1.558643154523e-01,8.392768506450e-01,-2.142199583771e-01
4.028563509429e+00,4.075178860398e-01,-3.799196193503e-01,7.715831809280e-01,-3.458495649019e-01,9.114385953854e-01,-2.329653524527e-01,5.804058260967e-02,-2.338201731673e-01,8.876334148982e-01,-1.571617875948e-01,8.353476620702e-01,-2.157565528125e-01
4.122536606941e+00,4.000418593767e-01,-3.764976533925e-01,7.643979896812e-01,-3.488613543867e-01,9.078682683795e-01,-2.369343262148e-01,5.557004057951e-02,-2.290895265382e-01,8.848520766661e-01,-1.584324289831e-01,8.313852222671e-01,-2.172480964413e-01
4.218701786825e+00,3.927178588750e-01,-3.729785839512e-01,7.571004844875e-01,-3.517466241438e-01,9.041792401202e-01,-2.409121935563e-01,5.319871995582e-02,-2.244295349344e-01,8.820441890776e-01,-1.596758137159e-01,8.273912210290e-01,-2.186940762978e-01
4.317110183132e+00,3.855479623261e-01,-3.693700502247e-01,7.496957880183e-01,-3.544999564845e-01,9.003695890758e-01,-2.448952713605e-01,5.092313371942e-02,-2.198407791371e-01,8.792107847986e-01,-1.608915622942e-01,8.233673537915e-01,-2.200940543315e-01
4.417814122702e+00,3.785338028611e-01,-3.656796522438e-01,7.421893859553e-01,-3.571161748099e-01,8.964375272803e-01,-2.488796986533e-01,4.873987530913e-02,-2.153237094794e-01,8.763529012172e-01,-1.620793412123e-01,8.193153174470e-01,-2.214476664914e-01
4.520867152987e+00,3.716765815728e-01,-3.619149234020e-01,7.345871133813e-01,-3.595903726268e-01,8.923814146409e-01,-2.528614394168e-01,4.664562056547e-02,-2.108786538451e-01,8.734715778968e-01,-1.632388623883e-01,8.152368063063e-01,-2.227546215596e-01
4.626324070523e+00,3.649770818187e-01,-3.580833047516e-01,7.268951384748e-01,-3.619179417570e-01,8.881997735296e-01,-2.568362865341e-01,4.463712923170e-02,-2.065058254037e-01,8.705678541202e-01,-1.643698824454e-01,8.111335082195e-01,-2.240146997513e-01
4.734240950071e+00,3.584356849897e-01,-3.541921211440e-01,7.191199435514e-01,-3.640945994536e-01,8.838913035705e-01,-2.607998669370e-01,4.271124604871e-02,-2.022053300724e-01,8.676427665350e-01,-1.654722018543e-01,8.070071008717e-01,-2.252277511000e-01
4.844675174430e+00,3.520523875308e-01,-3.502485592720e-01,7.112683035328e-01,-3.661164141425e-01,8.794548965299e-01,-2.647476480188e-01,4.086490147853e-02,-1.979771736986e-01,8.646973469062e-01,-1.665456639495e-01,8.028592482635e-01,-2.263936936471e-01
4.957685464950e+00,3.458268190039e-01,-3.462596476435e-01,7.033472619558e-01,-3.679798295137e-01,8.748896512002e-01,-2.686749453682e-01,3.909511208972e-02,-1.938212689578e-01,8.617326199837e-01,-1.675901538299e-01,7.986915973844e-01,-2.275125114556e-01
5.073331912757e+00,3.397582609900e-01,-3.422322384986e-01,6.953641046671e-01,-3.696816866941e-01,8.701948881650e-01,-2.725769318751e-01,3.739898063589e-02,-1.897374419646e-01,8.587496014871e-01,-1.686055971565e-01,7.945057750873e-01,-2.285842524672e-01
5.191676010704e+00,3.338456666361e-01,-3.381729916588e-01,6.873263313837e-01,-3.712192442524e-01,8.653701643162e-01,-2.764486482454e-01,3.577369585742e-02,-1.857254385972e-01,8.557492962137e-01,-1.695919588591e-01,7.903033851674e-01,-2.296090262213e-01
5.312780686070e+00,3.280876806626e-01,-3.340883602798e-01,6.792416253270e-01,-3.725901958023e-01,8.604152869905e-01,-2.802850149533e-01,3.421653203412e-02,-1.817849305352e-01,8.527326962708e-01,-1.705492417621e-01,7.860860056507e-01,-2.305870014564e-01
5.436710334021e+00,3.224826596583e-01,-3.299845784662e-01,6.711178211678e-01,-3.737926849956e-01,8.553303275802e-01,-2.840808456455e-01,3.272484831528e-02,-1.779155210150e-01,8.497007794340e-01,-1.714774851425e-01,7.818551862919e-01,-2.315184036105e-01
5.563530851847e+00,3.170286925030e-01,-3.258676506868e-01,6.629628715462e-01,-3.748253177240e-01,8.501156344702e-01,-2.878308619989e-01,3.129608785179e-02,-1.741167503055e-01,8.466545076320e-01,-1.723767632300e-01,7.776124462824e-01,-2.324035122394e-01
5.693309674006e+00,3.117236207720e-01,-3.217433429233e-01,6.547848124487e-01,-3.756871713763e-01,8.447718451440e-01,-2.915297100149e-01,2.992777675313e-02,-1.703881009101e-01,8.435948255578e-01,-1.732471836597e-01,7.733592721669e-01,-2.332426583697e-01
5.826115807981e+00,3.065650589888e-01,-3.176171754715e-01,6.465917277459e-01,-3.763778010346e-01,8.392998972989e-01,-2.951719777192e-01,2.861752289077e-02,-1.667290024992e-01,8.405226594042e-01,-1.740888858877e-01,7.690971159661e-01,-2.340362218024e-01
5.962019870969e+00,3.015504146083e-01,-3.134944173083e-01,6.383917132061e-01,-3.768972425258e-01,8.337010388101e-01,-2.987522142168e-01,2.736301456776e-02,-1.631388365826e-01,8.374389157234e-01,-1.749020395792e-01,7.648273935008e-01,-2.347846283820e-01
6.101094127435e+00,2.966769076267e-01,-3.093800819309e-01,6.301928403070e-01,-3.772460122828e-01,8.279768363804e-01,-3.022649500313e-01,2.616201907277e-02,-1.596169409267e-01,8.343444804055e-01,-1.756868429775e-01,7.605514829140e-01,-2.354883472464e-01
6.243412527535e+00,2.919415897260e-01,-3.052789245715e-01,6.220031201749e-01,-3.774251040081e-01,8.221291827167e-01,-3.057047186402e-01,2.501238113555e-02,-1.561626137252e-01,8.312402177754e-01,-1.764435212627e-01,7.562707233839e-01,-2.361478880702e-01
6.389050746439e+00,2.873413628784e-01,-3.011954406866e-01,6.138304679758e-01,-3.774359821701e-01,8.161603020790e-01,-3.090660790970e-01,2.391202129932e-02,-1.527751175313e-01,8.281269698031e-01,-1.771723249069e-01,7.519864140225e-01,-2.367637983129e-01
6.538086224568e+00,2.828729973454e-01,-2.971338656215e-01,6.056826680793e-01,-3.772805723999e-01,8.100727540548e-01,-3.123436396091e-01,2.285893422436e-02,-1.494536829606e-01,8.250055554238e-01,-1.778735280349e-01,7.476998129522e-01,-2.373366604853e-01
6.690598208774e+00,2.785331490199e-01,-2.930981753485e-01,5.975673403025e-01,-3.769612488931e-01,8.038694354226e-01,-3.155320819215e-01,2.185118693574e-02,-1.461975121719e-01,8.218767699629e-01,-1.785474267940e-01,7.434121365527e-01,-2.378670894417e-01
6.846667794474e+00,2.743183760719e-01,-2.890920881809e-01,5.894919075276e-01,-3.764808189551e-01,7.975535799798e-01,-3.186261863399e-01,2.088691702718e-02,-1.430057821358e-01,8.187413846634e-01,-1.791943377414e-01,7.391245588718e-01,-2.383557297089e-01
7.006377968776e+00,2.702251548676e-01,-2.851190673648e-01,5.814635649656e-01,-3.758425048599e-01,7.911287562296e-01,-3.216208572020e-01,1.996433083159e-02,-1.398776476998e-01,8.156001463080e-01,-1.798145962525e-01,7.348382111905e-01,-2.388032528595e-01
7.169813654603e+00,2.662498951429e-01,-2.811823244581e-01,5.734892513153e-01,-3.750499232215e-01,7.845988628351e-01,-3.245111485971e-01,1.908170156837e-02,-1.368122444580e-01,8.124537769340e-01,-1.804085549567e-01,7.305541817347e-01,-2.392103549367e-01
7.337061755850e+00,2.623889544191e-01,-2.772848234050e-01,5.655756220398e-01,-3.741070621020e-01,7.779681217757e-01,-3.272922901125e-01,1.823736747585e-02,-1.338086914345e-01,8.093029736338e-01,-1.809765822019e-01,7.262735155259e-01,-2.395777539371e-01
7.508211203592e+00,2.586386516597e-01,-2.734292852250e-01,5.577290249544e-01,-3.730182560993e-01,7.712410691589e-01,-3.299597123786e-01,1.742972993719e-02,-1.308660935900e-01,8.061484084386e-01,-1.815190605549e-01,7.219972143615e-01,-2.399061873571e-01
7.683353003372e+00,2.549952801701e-01,-2.696181932352e-01,5.499554782854e-01,-3.717881596790e-01,7.644225436713e-01,-3.325090721703e-01,1.665725160649e-02,-1.279835441586e-01,8.029907282776e-01,-1.820363853376e-01,7.177262369180e-01,-2.401964098067e-01
7.862580283595e+00,2.514551197515e-01,-2.658537987332e-01,5.422606513312e-01,-3.704217190210e-01,7.575176726761e-01,-3.349362768201e-01,1.591845454158e-02,-1.251601268240e-01,7.998305550104e-01,-1.825289632035e-01,7.134614989674e-01,-2.404491906964e-01
8.045988345043e+00,2.480144481235e-01,-2.621381270732e-01,5.346498478190e-01,-3.689241426651e-01,7.505318559938e-01,-3.372375076922e-01,1.521191834912e-02,-1.223949177428e-01,7.966684855268e-01,-1.829972107566e-01,7.092038737002e-01,-2.406653119983e-01
8.233674711549e+00,2.446695516344e-01,-2.584729840741e-01,5.271279920202e-01,-3.673008712396e-01,7.434707474362e-01,-3.394092424696e-01,1.453627834677e-02,-1.196869874238e-01,7.935050919092e-01,-1.834415532134e-01,7.049541921472e-01,-2.408455660859e-01
8.425739181859e+00,2.414167352820e-01,-2.548599627019e-01,5.196996176540e-01,-3.655575465574e-01,7.363402341862e-01,-3.414482760095e-01,1.389022374697e-02,-1.170354024696e-01,7.903409216543e-01,-1.838624231106e-01,7.007132436923e-01,-2.409907536533e-01
8.622283882691e+00,2.382523320704e-01,-2.513004499785e-01,5.123688595760e-01,-3.636999803610e-01,7.291464141531e-01,-3.433517395330e-01,1.327249586599e-02,-1.144392271884e-01,7.871764979485e-01,-1.842602590593e-01,6.964817766696e-01,-2.411016817164e-01
8.823413323044e+00,2.351727117283e-01,-2.477956340708e-01,5.051394482203e-01,-3.617341229855e-01,7.218955714565e-01,-3.451171179247e-01,1.268188636153e-02,-1.118975250836e-01,7.840123199943e-01,-1.846355045468e-01,6.922604990381e-01,-2.411791616965e-01
9.029234449769e+00,2.321742888190e-01,-2.443465115230e-01,4.980147067345e-01,-3.596660322020e-01,7.145941502218e-01,-3.467422649354e-01,1.211723550172e-02,-1.094093602281e-01,7.808488633827e-01,-1.849886067861e-01,6.880500791270e-01,-2.412240075872e-01
9.239856704430e+00,2.292535302694e-01,-2.409538945969e-01,4.909975507218e-01,-3.575018424840e-01,7.072487268952e-01,-3.482254161043e-01,1.157743046786e-02,-1.069737985285e-01,7.776865805087e-01,-1.853200156141e-01,6.838511464465e-01,-2.412370342051e-01
9.455392081506e+00,2.264069623462e-01,-2.376184186930e-01,4.840904904826e-01,-3.552477349273e-01,6.998659813076e-01,-3.495651992337e-01,1.106140369290e-02,-1.045899088882e-01,7.745259010257e-01,-1.856301824386e-01,6.796642925572e-01,-2.412190555248e-01
9.675955187934e+00,2.236311771090e-01,-2.343405498276e-01,4.772956356268e-01,-3.529099080313e-01,6.924526667389e-01,-3.507606422835e-01,1.056813123731e-02,-1.022567642724e-01,7.713672323364e-01,-1.859195592343e-01,6.754900719938e-01,-2.411708830965e-01
9.901663304057e+00,2.209228383657e-01,-2.311205921466e-01,4.706147019118e-01,-3.504945495303e-01,6.850155792487e-01,-3.518111785763e-01,1.009663120359e-02,-9.997344268320e-02,7.682109601163e-01,-1.861885975870e-01,6.713290032364e-01,-2.410933245484e-01
1.013263644598e+01,2.182786871561e-01,-2.279586954606e-01,4.640490201491e-01,-3.480078094423e-01,6.775615265521e-01,-3.527166492382e-01,9.645962190656e-03,-9.773902804956e-02,7.650574488665e-01,-1.864377477877e-01,6.671815697260e-01,-2.409871821707e-01
1.036899742938e+01,2.156955467882e-01,-2.248548627877e-01,4.575995470087e-01,-3.454557744808e-01,6.700972967286e-01,-3.534773028316e-01,9.215221788570e-03,-9.555261103684e-02,7.619070424946e-01,-1.866674579741e-01,6.630482209188e-01,-2.408532515823e-01
1.061087193483e+01,2.131703274475e-01,-2.218089578957e-01,4.512668775465e-01,-3.428444439517e-01,6.626296270545e-01,-3.540937921714e-01,8.803545114433e-03,-9.341328978176e-02,7.587600649193e-01,-1.868781733213e-01,6.589293733750e-01,-2.406923204793e-01
1.085838857462e+01,2.107000304004e-01,-2.188207128370e-01,4.450512592716e-01,-3.401797072374e-01,6.551651732504e-01,-3.545671683497e-01,8.410103389621e-03,-9.132017055720e-02,7.556168206966e-01,-1.870703352796e-01,6.548254118780e-01,-2.405051674639e-01
1.111167896112e+01,2.082817518068e-01,-2.158897354691e-01,4.389526075714e-01,-3.374673229459e-01,6.477104794291e-01,-3.548988720254e-01,8.034102558560e-03,-8.927236837140e-02,7.524775956664e-01,-1.872443808609e-01,6.507366905803e-01,-2.402925609527e-01
1.137087777679e+01,2.059126861581e-01,-2.130155169606e-01,4.329705223111e-01,-3.347128997868e-01,6.402719490210e-01,-3.550907220732e-01,7.674781949018e-03,-8.726900750583e-02,7.493426576151e-01,-1.874007419717e-01,6.466635341720e-01,-2.400552581653e-01
1.163612284581e+01,2.035901293505e-01,-2.101974392778e-01,4.271043054261e-01,-3.319218792116e-01,6.328558169398e-01,-3.551449017103e-01,7.331412973753e-03,-8.530922199599e-02,7.462122569537e-01,-1.875398447933e-01,6.426062390686e-01,-2.397940041893e-01
1.190755520732e+01,2.013114814047e-01,-2.074347826511e-01,4.213529793315e-01,-3.290995198412e-01,6.254681232362e-01,-3.550639422553e-01,7.003297873223e-03,-8.339215605872e-02,7.430866274088e-01,-1.876621092085e-01,6.385650746142e-01,-2.395095311243e-01
1.218531919044e+01,1.990742488369e-01,-2.047267330201e-01,4.157153059784e-01,-3.262508836867e-01,6.181146884627e-01,-3.548507046945e-01,6.689768498951e-03,-8.151696446987e-02,7.399659867239e-01,-1.877679482745e-01,6.345402842973e-01,-2.392025573006e-01
1.246956249101e+01,1.968760466869e-01,-2.020723894553e-01,4.101898063930e-01,-3.233808241523e-01,6.108010909550e-01,-3.545083592564e-01,6.390185137061e-03,-7.968281289572e-02,7.368505373690e-01,-1.878577677411e-01,6.305320869753e-01,-2.388737865746e-01
1.276043625015e+01,1.947146002037e-01,-1.994707715530e-01,4.047747805438e-01,-3.204939757992e-01,6.035326462037e-01,-3.540403632157e-01,6.103935371368e-03,-7.788887818136e-02,7.337404672581e-01,-1.879319656155e-01,6.265406781055e-01,-2.385239076978e-01
1.305809513456e+01,1.925877461908e-01,-1.969208268020e-01,3.994683273913e-01,-3.175947458334e-01,5.963143884655e-01,-3.534504371617e-01,5.830432985400e-03,-7.613434859906e-02,7.306359504695e-01,-1.879909317702e-01,6.225662309777e-01,-2.381535937601e-01
1.336269741886e+01,1.904934340065e-01,-1.944214379144e-01,3.942683649823e-01,-3.146873072763e-01,5.891510547337e-01,-3.527425399805e-01,5.569116902597e-03,-7.441842405965e-02,7.275371479702e-01,-1.880350475973e-01,6.186088979472e-01,-2.377635017047e-01
1.367440506964e+01,1.884297262199e-01,-1.919714301160e-01,3.891726504642e-01,-3.117755937604e-01,5.820470711556e-01,-3.519208428066e-01,5.319450163938e-03,-7.274031628946e-02,7.244442083399e-01,-1.880646857050e-01,6.146688116633e-01,-2.373542719158e-01
1.399338383168e+01,1.863947989152e-01,-1.895695783863e-01,3.841787999010e-01,-3.088632958933e-01,5.750065419574e-01,-3.509897022072e-01,5.080918942173e-03,-7.109924897547e-02,7.213572684943e-01,-1.880802096593e-01,6.107460862916e-01,-2.369265278759e-01
1.431980331601e+01,1.843869416416e-01,-1.872146146378e-01,3.792843077838e-01,-3.059538591215e-01,5.680332409035e-01,-3.499536328575e-01,4.853031591803e-03,-6.949445788098e-02,7.182764544045e-01,-1.880819737674e-01,6.068408187257e-01,-2.364808758924e-01
1.465383709013e+01,1.824045570031e-01,-1.849052348214e-01,3.744865661405e-01,-3.030504830235e-01,5.611306052921e-01,-3.488172799690e-01,4.635317733943e-03,-6.792519093421e-02,7.152018818111e-01,-1.880703229039e-01,6.029530897859e-01,-2.360179048934e-01
1.499566277032e+01,1.804461598844e-01,-1.826401059423e-01,3.697828831545e-01,-3.001561219588e-01,5.543017324563e-01,-3.475853917205e-01,4.427327375159e-03,-6.639070829169e-02,7.121336569310e-01,-1.880455923787e-01,5.990829654020e-01,-2.355381862885e-01
1.534546211603e+01,1.785103763084e-01,-1.804178729677e-01,3.651705012145e-01,-2.972734869941e-01,5.475493787195e-01,-3.462627919351e-01,4.228630059363e-03,-6.489028237867e-02,7.090718771542e-01,-1.880081078454e-01,5.952304977749e-01,-2.350422738966e-01
1.570342112659e+01,1.765959419227e-01,-1.782371656080e-01,3.606466143243e-01,-2.944050490288e-01,5.408759607234e-01,-3.448543532343e-01,4.038814051854e-03,-6.342319790825e-02,7.060166317294e-01,-1.879581852495e-01,5.913957265174e-01,-2.345307039356e-01
1.606973014005e+01,1.747017001146e-01,-1.760966049470e-01,3.562083848095e-01,-2.915530430402e-01,5.342835590309e-01,-3.433649708836e-01,3.857485554564e-03,-6.198875188097e-02,7.029680024354e-01,-1.878961308163e-01,5.875786797670e-01,-2.340039950751e-01
1.644458393443e+01,1.728265997556e-01,-1.739948098979e-01,3.518529592656e-01,-2.887194733664e-01,5.277739238817e-01,-3.417995375293e-01,3.684267951573e-03,-6.058625356658e-02,6.999260642374e-01,-1.878222410749e-01,5.837793752711e-01,-2.334626485479e-01
1.682818183130e+01,1.709696925786e-01,-1.719304034591e-01,3.475774836984e-01,-2.859061199477e-01,5.213484829652e-01,-3.401629190081e-01,3.518801083982e-03,-5.921502446941e-02,6.968908859249e-01,-1.877368029206e-01,5.799978214383e-01,-2.329071483189e-01
1.722072780171e+01,1.691301301945e-01,-1.699020187421e-01,3.433791178148e-01,-2.831145454441e-01,5.150083510584e-01,-3.384599313899e-01,3.360740553198e-03,-5.787439827879e-02,6.938625307300e-01,-1.876400937103e-01,5.762340183558e-01,-2.323379613094e-01
1.762243057471e+01,1.673071607588e-01,-1.679083047434e-01,3.392550484258e-01,-2.803461031497e-01,5.087543413671e-01,-3.366953193955e-01,3.209757051734e-03,-5.656372080586e-02,6.908410569242e-01,-1.875323813928e-01,5.724879587672e-01,-2.317555376729e-01
1.803350374829e+01,1.655001252989e-01,-1.659479318322e-01,3.352025019322e-01,-2.776019456225e-01,5.025869783980e-01,-3.348737363117e-01,3.065535720602e-03,-5.528234990797e-02,6.878265183912e-01,-1.874139246698e-01,5.687596290099e-01,-2.311603111207e-01
1.845416590298e+01,1.637084537220e-01,-1.640195969244e-01,3.312187558659e-01,-2.748830339509e-01,4.965065121831e-01,-3.329997255017e-01,2.927775532416e-03,-5.402965540190e-02,6.848189651752e-01,-1.872849731871e-01,5.650490099085e-01,-2.305526992927e-01
1.888464071810e+01,1.619316605208e-01,-1.621220283168e-01,3.273011494651e-01,-2.721901475770e-01,4.905129336755e-01,-3.310777035920e-01,2.796188699329e-03,-5.280501896682e-02,6.818184440009e-01,-1.871457677533e-01,5.613560776220e-01,-2.299331041712e-01
1.932515709062e+01,1.601693402030e-01,-1.602539901524e-01,3.234470932682e-01,-2.695238945976e-01,4.846059911311e-01,-3.291119453957e-01,2.670500104925e-03,-5.160783403820e-02,6.788249987661e-01,-1.869965405840e-01,5.576808044419e-01,-2.293019125340e-01
1.977594925698e+01,1.584211624718e-01,-1.584142864940e-01,3.196540777134e-01,-2.668847224644e-01,4.787852072927e-01,-3.271065706118e-01,2.550446759242e-03,-5.043750569338e-02,6.758386710043e-01,-1.868375155690e-01,5.540231595410e-01,-2.286594964419e-01
2.023725691753e+01,1.566868671880e-01,-1.566017649820e-01,3.159196807372e-01,-2.642729290059e-01,4.730498971957e-01,-3.250655323226e-01,2.435777276078e-03,-4.929345052985e-02,6.728595003160e-01,-1.866689085607e-01,5.503831096691e-01,-2.280062137573e-01
2.070932536406e+01,1.549662591485e-01,-1.548153200580e-01,3.122415743688e-01,-2.616886736916e-01,4.673991864160e-01,-3.229926072933e-01,2.326251371786e-03,-4.817509653692e-02,6.698875247679e-01,-1.864909276799e-01,5.467606197954e-01,-2.273424086900e-01
2.119240561023e+01,1.532592027181e-01,-1.530538957363e-01,3.086175303234e-01,-2.591319890631e-01,4.618320295883e-01,-3.208913880624e-01,2.221639384764e-03,-4.708188296158e-02,6.669227812600e-01,-1.863037736377e-01,5.431556536966e-01,-2.266684123653e-01
2.168675452499e+01,1.515656163540e-01,-1.513164879121e-01,3.050454246003e-01,-2.566027922545e-01,4.563472290288e-01,-3.187652767939e-01,2.121721814864e-03,-4.601326016926e-02,6.639653058586e-01,-1.861076400698e-01,5.395681744897e-01,-2.259845434102e-01
2.219263496920e+01,1.498854670649e-01,-1.496021461974e-01,3.015232410979e-01,-2.541008965253e-01,4.509434533029e-01,-3.166174808508e-01,2.026288881986e-03,-4.496868950006e-02,6.610151340967e-01,-1.859027138809e-01,5.359981451091e-01,-2.252911085535e-01
2.271031593541e+01,1.482187648466e-01,-1.479099752803e-01,2.980490742637e-01,-2.516260227329e-01,4.456192555893e-01,-3.144510100338e-01,1.935140103119e-03,-4.394764312111e-02,6.580723012392e-01,-1.856891755962e-01,5.324455287285e-01,-2.245884032343e-01
2.324007269087e+01,1.465655571385e-01,-1.462391358102e-01,2.946211308001e-01,-2.491778106697e-01,4.403730916988e-01,-3.122686754210e-01,1.848083887125e-03,-4.294960387560e-02,6.551368425166e-01,-1.854671997179e-01,5.289102891277e-01,-2.238767122163e-01
2.378218692390e+01,1.449259233446e-01,-1.445888448128e-01,2.912377304557e-01,-2.467558301938e-01,4.352033376177e-01,-3.100730897294e-01,1.764937146583e-03,-4.197406512898e-02,6.522087933238e-01,-1.852369550822e-01,5.253923910059e-01,-2.231563102015e-01
2.433694689371e+01,1.432999694614e-01,-1.429583756464e-01,2.878973059341e-01,-2.443595920828e-01,4.301083064568e-01,-3.078666691129e-01,1.685524926027e-03,-4.102053061274e-02,6.492881893880e-01,-1.849986052165e-01,5.218918002417e-01,-2.224274624407e-01
2.490464758360e+01,1.416878228554e-01,-1.413470575159e-01,2.845984019594e-01,-2.419885585459e-01,4.250862646953e-01,-3.056516363027e-01,1.609680045936e-03,-4.008851426637e-02,6.463750669039e-01,-1.847523086924e-01,5.184084841023e-01,-2.216904253350e-01
2.548559085789e+01,1.400896272296e-01,-1.397542745627e-01,2.813396735441e-01,-2.396421533284e-01,4.201354476235e-01,-3.034300249886e-01,1.537242761846e-03,-3.917754007767e-02,6.434694626399e-01,-1.844982194729e-01,5.149424114036e-01,-2.209454470266e-01
2.608008562239e+01,1.385055378178e-01,-1.381794645574e-01,2.781198835066e-01,-2.373197713517e-01,4.152540738974e-01,-3.012036853327e-01,1.468060438003e-03,-3.828714192198e-02,6.405714140145e-01,-1.842364872507e-01,5.114935526239e-01,-2.201927679724e-01
2.668844798867e+01,1.369357168394e-01,-1.366221172224e-01,2.749378992968e-01,-2.350207878312e-01,4.104403591309e-01,-2.989742905048e-01,1.401987234943e-03,-3.741686340056e-02,6.376809591455e-01,-1.839672577770e-01,5.080618799732e-01,-2.194326215007e-01
2.731100144213e+01,1.353803292474e-01,-1.350817722173e-01,2.717926891863e-01,-2.327445668251e-01,4.056925284641e-01,-2.967433441222e-01,1.338883810465e-03,-3.656625767845e-02,6.347981368738e-01,-1.836906731763e-01,5.046473674215e-01,-2.186652343433e-01
2.794807701402e+01,1.338395387957e-01,-1.335580168231e-01,2.686833178891e-01,-2.304904691681e-01,4.010088280556e-01,-2.945121884760e-01,1.278617033444e-03,-3.573488732214e-02,6.319229867637e-01,-1.834068722488e-01,5.012499906900e-01,-2.178908271451e-01
2.860001345746e+01,1.323135044490e-01,-1.320504833628e-01,2.656089416808e-01,-2.282578597533e-01,3.963875354621e-01,-2.922820134231e-01,1.221059709960e-03,-3.492232413722e-02,6.290555490812e-01,-1.831159907549e-01,4.978697272063e-01,-2.171096149451e-01
2.926715742755e+01,1.308023771523e-01,-1.305588463985e-01,2.625688030863e-01,-2.260461141322e-01,3.918269688774e-01,-2.900538658215e-01,1.166090321234e-03,-3.412814900631e-02,6.261958647531e-01,-1.828181616843e-01,4.945065560308e-01,-2.163218076287e-01
2.994986366574e+01,1.293062969743e-01,-1.290828197475e-01,2.595622252105e-01,-2.238546244080e-01,3.873254952167e-01,-2.878286593906e-01,1.113592772902e-03,-3.335195172757e-02,6.233439753082e-01,-1.825135155060e-01,4.911604577535e-01,-2.155276103493e-01
3.064849518840e+01,1.278253906313e-01,-1.276221533583e-01,2.565886057872e-01,-2.216828044086e-01,3.828815370428e-01,-2.856071848749e-01,1.063456155135e-03,-3.259333085374e-02,6.204999228048e-01,-1.822021803994e-01,4.878314143692e-01,-2.147272239177e-01
3.136342347988e+01,1.263597693974e-01,-1.261766300899e-01,2.536474110219e-01,-2.195300941298e-01,3.784935783429e-01,-2.833901203942e-01,1.015574513179e-03,-3.185189353221e-02,6.176637497441e-01,-1.818842824662e-01,4.845194091318e-01,-2.139208451593e-01
3.209502869004e+01,1.249095273955e-01,-1.247460624365e-01,2.507381693031e-01,-2.173959634507e-01,3.741601691744e-01,-2.811780418686e-01,9.698466278565e-04,-3.112725534600e-02,6.148354989741e-01,-1.815599459218e-01,4.812244263930e-01,-2.131086672375e-01
3.284369983639e+01,1.234747402670e-01,-1.233302892366e-01,2.478604648592e-01,-2.152799151276e-01,3.698799292108e-01,-2.789714334069e-01,9.261758056346e-04,-3.041904015599e-02,6.120152135849e-01,-1.812292932672e-01,4.779464514280e-01,-2.122908799442e-01
3.360983501091e+01,1.220554642054e-01,-1.219291724077e-01,2.450139314310e-01,-2.131814870853e-01,3.656515502265e-01,-2.767706975561e-01,8.844696778429e-04,-2.972687994445e-02,6.092029367980e-01,-1.808924454408e-01,4.746854702530e-01,-2.114676699581e-01
3.439384159177e+01,1.206517353415e-01,-1.205425937418e-01,2.421982460302e-01,-2.111002540268e-01,3.614737975705e-01,-2.745761653147e-01,8.446400086621e-04,-2.905041466000e-02,6.063987118521e-01,-1.805495219508e-01,4.714414694366e-01,-2.106392210697e-01
3.519613645994e+01,1.192635694602e-01,-1.191704517961e-01,2.394131228494e-01,-2.090358283951e-01,3.573455106863e-01,-2.723881058197e-01,8.066025115112e-04,-2.838929206408e-02,6.036025818866e-01,-1.802006409888e-01,4.682144359089e-01,-2.098057143765e-01
3.601714622082e+01,1.178909620264e-01,-1.178126589103e-01,2.366583073835e-01,-2.069878607221e-01,3.532656027456e-01,-2.702067356250e-01,7.702766734776e-04,-2.774316757913e-02,6.008145898250e-01,-1.798459195246e-01,4.650043567715e-01,-2.089673284472e-01
3.685730743114e+01,1.165338884965e-01,-1.164691383766e-01,2.339335708185e-01,-2.049560394099e-01,3.492330594653e-01,-2.680322274997e-01,7.355855874469e-04,-2.711170413844e-02,5.980347782604e-01,-1.794854733851e-01,4.618112191104e-01,-2.081242394592e-01
3.771706683101e+01,1.151923048857e-01,-1.151398217883e-01,2.312387047352e-01,-2.029400899918e-01,3.452469371894e-01,-2.658647186812e-01,7.024557916048e-04,-2.649457203779e-02,5.952631893435e-01,-1.791194173151e-01,4.586350098148e-01,-2.072766213077e-01
3.859688158157e+01,1.138661485646e-01,-1.138246465842e-01,2.285735161703e-01,-2.009397739269e-01,3.413063603174e-01,-2.637043185323e-01,6.708171159960e-04,-2.589144878899e-02,5.924998646760e-01,-1.787478650250e-01,4.554757154041e-01,-2.064246456923e-01
3.949721950799e+01,1.125553392523e-01,-1.125235538069e-01,2.259378230699e-01,-1.989548869835e-01,3.374105181652e-01,-2.615511155561e-01,6.406025358373e-04,-2.530201897534e-02,5.897448452091e-01,-1.783709292231e-01,4.523333218647e-01,-2.055684821801e-01
4.041855934825e+01,1.112597801761e-01,-1.112364860853e-01,2.233314501620e-01,-1.969852572701e-01,3.335586613484e-01,-2.594051837403e-01,6.117480312938e-04,-2.472597410902e-02,5.869981711491e-01,-1.779887216364e-01,4.492078144974e-01,-2.047082982485e-01
4.136139100772e+01,1.099793593659e-01,-1.099633858496e-01,2.207542252680e-01,-1.950307429743e-01,3.297500977774e-01,-2.572665882067e-01,5.841924534416e-04,-2.416301249056e-02,5.842598818706e-01,-1.776013530202e-01,4.460991777790e-01,-2.038442593112e-01
4.232621581967e+01,1.087139510513e-01,-1.087041937825e-01,2.182059760644e-01,-1.930912298692e-01,3.259841883522e-01,-2.551353901567e-01,5.578773961482e-04,-2.361283907028e-02,5.815300158379e-01,-1.772089331580e-01,4.430073952359e-01,-2.029765287275e-01
4.331354681177e+01,1.074634171328e-01,-1.074588475060e-01,2.156865273008e-01,-1.911666286462e-01,3.222603424469e-01,-2.530116511120e-01,5.327470736160e-04,-2.307516531190e-02,5.788086105349e-01,-1.768115708530e-01,4.399324493334e-01,-2.021052677995e-01
4.432390897898e+01,1.062276086955e-01,-1.062272805018e-01,2.131956984687e-01,-1.892568721337e-01,3.185780132654e-01,-2.508954364609e-01,5.087482033425e-04,-2.254970905817e-02,5.760957024046e-01,-1.764093739129e-01,4.368743213791e-01,-2.012306357569e-01
4.535783956262e+01,1.050063675391e-01,-1.050094212568e-01,2.107333019153e-01,-1.873619124563e-01,3.149366931518e-01,-2.487868183283e-01,4.858298942622e-04,-2.203619439867e-02,5.733913267970e-01,-1.760024491293e-01,4.338329914408e-01,-2.003527897346e-01
4.641588833613e+01,1.037995276983e-01,-1.038051926241e-01,2.082991413822e-01,-1.854817181852e-01,3.113359089290e-01,-2.466858777984e-01,4.639435398459e-04,-2.153435153975e-02,5.706955179263e-01,-1.755909022532e-01,4.308084382804e-01,-1.994718847430e-01
4.749861789729e+01,1.026069169297e-01,-1.026145113887e-01,2.058930109521e-01,-1.836162715308e-01,3.077752173351e-01,-2.445927065247e-01,4.430427159396e-04,-2.104391667659e-02,5.680083088377e-01,-1.751748379667e-01,4.278006393006e-01,-1.985880736329e-01
4.860660396748e+01,1.014283581437e-01,-1.014372880211e-01,2.035146943729e-01,-1.817655656185e-01,3.042542006204e-01,-2.425074077708e-01,4.230830831378e-04,-2.056463186742e-02,5.653297313815e-01,-1.747543598539e-01,4.248095705074e-01,-1.977015070592e-01
4.974043569774e+01,1.002636707647e-01,-1.002734266030e-01,2.011639647327e-01,-1.799296018876e-01,3.007724623595e-01,-2.404300969292e-01,4.040222934920e-04,-2.009624490989e-02,5.626598161963e-01,-1.743295703705e-01,4.218352064836e-01,-1.968123334422e-01
5.090071598205e+01,9.911267200273e-02,-9.912282490832e-02,1.988405844478e-01,-1.781083876453e-01,2.973296235242e-01,-2.383609015715e-01,3.858199013653e-04,-1.963850921962e-02,5.599985926996e-01,-1.739005708136e-01,4.188775203767e-01,-1.959206989298e-01
5.208806177794e+01,9.797517802368e-02,-9.798537461831e-02,1.965443055319e-01,-1.763019338040e-01,2.939253188570e-01,-2.362999610855e-01,3.684372782510e-04,-1.919118371083e-02,5.573460890860e-01,-1.734674612929e-01,4.159364838968e-01,-1.950267473612e-01
5.330310443451e+01,9.685100501010e-02,-9.686096165302e-02,1.942748701039e-01,-1.745102528232e-01,2.905591935737e-01,-2.342474259578e-01,3.518375313818e-04,-1.875403267922e-02,5.547023323303e-01,-1.730303407030e-01,4.130120673252e-01,-1.941306202339e-01
5.454649002815e+01,9.573997010411e-02,-9.574946659814e-02,1.920320110994e-01,-1.727333568709e-01,2.872309004158e-01,-2.322034567612e-01,3.359854259618e-04,-1.832682568683e-02,5.520673481985e-01,-1.725893066991e-01,4.101042395323e-01,-1.932324566738e-01
5.581887970609e+01,9.464189222929e-02,-9.465076520812e-02,1.898154531446e-01,-1.709712562163e-01,2.839400970661e-01,-2.301682229048e-01,3.208473108640e-04,-1.790933744914e-02,5.494411612618e-01,-1.721444556743e-01,4.072129680027e-01,-1.923323934108e-01
5.712095003794e+01,9.355659278992e-02,-9.356472896606e-02,1.876249135559e-01,-1.692239578563e-01,2.806864439323e-01,-2.281419012054e-01,3.063910476385e-04,-1.750134772423e-02,5.468237949163e-01,-1.716958827408e-01,4.043382188685e-01,-1.914305647583e-01
5.845339337545e+01,9.248389624886e-02,-9.249122568216e-02,1.854601034278e-01,-1.674914643777e-01,2.774696022946e-01,-2.261246743348e-01,2.925859426871e-04,-1.710264120401e-02,5.442152714056e-01,-1.712436817147e-01,4.014799569461e-01,-1.905271025997e-01
5.981691822064e+01,9.142363058724e-02,-9.143012011366e-02,1.833207287748e-01,-1.657737730486e-01,2.742892328092e-01,-2.241167291948e-01,2.794026824633e-04,-1.671300740754e-02,5.416156118464e-01,-1.707879451038e-01,3.986381457797e-01,-1.896221363791e-01
6.121224960257e+01,9.037562765161e-02,-9.038127459023e-02,1.812064916959e-01,-1.640708751296e-01,2.711449943501e-01,-2.221182552675e-01,2.668132715655e-04,-1.633224057635e-02,5.390248362560e-01,-1.703287640994e-01,3.958127476860e-01,-1.887157930989e-01
6.264012946280e+01,8.933972339532e-02,-8.934454963081e-02,1.791170915314e-01,-1.623827553937e-01,2.680365431703e-01,-2.201294429843e-01,2.547909735938e-04,-1.596013957187e-02,5.364429635820e-01,-1.698662285719e-01,3.930037238030e-01,-1.878081973227e-01
6.410131704998e+01,8.831575802295e-02,-8.831980453931e-02,1.770522259880e-01,-1.607093918371e-01,2.649635323550e-01,-2.181504821513e-01,2.433102546496e-04,-1.559650777481e-02,5.338700117323e-01,-1.694004270697e-01,3.902110341384e-01,-1.868994711840e-01
6.559658932350e+01,8.730357604718e-02,-8.730689796861e-02,1.750115922092e-01,-1.590507555643e-01,2.619256115392e-01,-2.161815604632e-01,2.323467293599e-04,-1.524115298648e-02,5.313059976057e-01,-1.689314468210e-01,3.874346376202e-01,-1.859897343996e-01
6.712674136665e+01,8.630302626867e-02,-8.630568844417e-02,1.729948877731e-01,-1.574068108259e-01,2.589224268583e-01,-2.142228621317e-01,2.218771093150e-04,-1.489388733217e-02,5.287509371223e-01,-1.684593737397e-01,3.846744921452e-01,-1.850791042886e-01
6.869258680940e+01,8.531396168985e-02,-8.531603484049e-02,1.710018116036e-01,-1.557775151907e-01,2.559536210984e-01,-2.122745666500e-01,2.118791538126e-04,-1.455452716638e-02,5.262048452539e-01,-1.679842924336e-01,3.819305546285e-01,-1.841676957954e-01
7.029495826103e+01,8.433623937365e-02,-8.433779680539e-02,1.690320647840e-01,-1.541628198265e-01,2.530188340133e-01,-2.103368477075e-01,2.023316228049e-04,-1.422289297996e-02,5.236677360531e-01,-1.675062862148e-01,3.792027810496e-01,-1.832556215166e-01
7.193470775282e+01,8.336972025839e-02,-8.337083512938e-02,1.670853512657e-01,-1.525626698722e-01,2.501177027748e-01,-2.084098722646e-01,1.932142319524e-04,-1.389880930918e-02,5.211396226813e-01,-1.670254371128e-01,3.764911264980e-01,-1.823429917312e-01
7.361270719115e+01,8.241426893931e-02,-8.241501205838e-02,1.651613784701e-01,-1.509770048768e-01,2.472498625241e-01,-2.064937997912e-01,1.845076096894e-04,-1.358210464661e-02,5.186205174353e-01,-1.665418258897e-01,3.737955452157e-01,-1.814299144346e-01
7.532984882111e+01,8.146975342713e-02,-8.147019155028e-02,1.632598577808e-01,-1.494057592873e-01,2.444149469940e-01,-2.045887816695e-01,1.761932562128e-04,-1.327261135381e-02,5.161104317732e-01,-1.660555320561e-01,3.711159906374e-01,-1.805164953731e-01
7.708704570090e+01,8.053604489294e-02,-8.053623947677e-02,1.613805049311e-01,-1.478488629654e-01,2.416125891729e-01,-2.026949607553e-01,1.682535043073e-04,-1.297016557588e-02,5.136093763375e-01,-1.655666338892e-01,3.684524154286e-01,-1.796028380822e-01
7.888523218736e+01,7.961301740785e-02,-7.961302377334e-02,1.595230402895e-01,-1.463062417168e-01,2.388424219858e-01,-2.008124710905e-01,1.606714819269e-04,-1.267460715769e-02,5.111173609776e-01,-1.650752084511e-01,3.658047715197e-01,-1.786890439245e-01
8.072536443282e+01,7.870054768511e-02,-7.870041454102e-02,1.576871890518e-01,-1.447778178183e-01,2.361040789694e-01,-1.989414377552e-01,1.534310764526e-04,-1.238577956196e-02,5.086343947702e-01,-1.645813316078e-01,3.631730101390e-01,-1.777752121296e-01
8.260842089345e+01,7.779851483079e-02,-7.779828410469e-02,1.558726813470e-01,-1.432635105286e-01,2.333971949220e-01,-1.970819768459e-01,1.465169005534e-04,-1.210352978892e-02,5.061604860380e-01,-1.640850780492e-01,3.605570818416e-01,-1.768614398334e-01
8.453540284960e+01,7.690680010860e-02,-7.690650703276e-02,1.540792522677e-01,-1.417632365731e-01,2.307214065130e-01,-1.952341955645e-01,1.399142595774e-04,-1.182770829778e-02,5.036956423673e-01,-1.635865213084e-01,3.579569365368e-01,-1.759478221182e-01
8.650733493819e+01,7.602528672259e-02,-7.602496012387e-02,1.523066418343e-01,-1.402769105944e-01,2.280763528387e-01,-1.933981924024e-01,1.336091204061e-04,-1.155816892977e-02,5.012398706241e-01,-1.630857337810e-01,3.553725235126e-01,-1.750344520522e-01
8.852526569752e+01,7.515385962106e-02,-7.515352236609e-02,1.505545949058e-01,-1.388044455614e-01,2.254616759162e-01,-1.915740574023e-01,1.275880817056e-04,-1.129476883283e-02,4.987931769686e-01,-1.625827867450e-01,3.528037914588e-01,-1.741214207278e-01
9.059026812486e+01,7.429240532327e-02,-7.429207487422e-02,1.488228610452e-01,-1.373457531336e-01,2.228770211103e-01,-1.897618724815e-01,1.218383455131e-04,-1.103736838792e-02,4.963555668689e-01,-1.620777503788e-01,3.502506884869e-01,-1.732088173001e-01
9.270344024692e+01,7.344081177016e-02,-7.344050081061e-02,1.471111943529e-01,-1.359007439780e-01,2.203220374883e-01,-1.879617118009e-01,1.163476900980e-04,-1.078583113687e-02,4.939270451133e-01,-1.615706937805e-01,3.477131621498e-01,-1.722967290235e-01
9.486590570380e+01,7.259896819892e-02,-7.259868529447e-02,1.454193532759e-01,-1.344693280390e-01,2.177963781055e-01,-1.861736421640e-01,1.111044440420e-04,-1.054002371176e-02,4.915076158225e-01,-1.610616849846e-01,3.451911594591e-01,-1.713852412878e-01
9.707881434638e+01,7.176676504082e-02,-7.176651530430e-02,1.437471004031e-01,-1.330514147611e-01,2.152997002211e-01,-1.843977234328e-01,1.060974614826e-04,-1.029981576589e-02,4.890972824603e-01,-1.605507909799e-01,3.426846269014e-01,-1.704744376526e-01
9.934334284780e+01,7.094409384096e-02,-7.094387957758e-02,1.420942022548e-01,-1.316469132682e-01,2.128316654499e-01,-1.826340089480e-01,1.013160984679e-04,-1.006507990609e-02,4.866960478438e-01,-1.600380777254e-01,3.401935104541e-01,-1.695643998809e-01
1.016606953291e+02,7.013084719806e-02,-7.013066851111e-02,1.404604290721e-01,-1.302557325017e-01,2.103919398543e-01,-1.808825459437e-01,9.675019037428e-05,-9.835691626670e-03,4.843039141538e-01,-1.595236101664e-01,3.377177555995e-01,-1.686552079713e-01
1.040321039994e+02,6.932691872209e-02,-6.932677406506e-02,1.388455546145e-01,-1.288777813229e-01,2.079801939849e-01,-1.791433759472e-01,9.239003033789e-05,-9.611529244620e-03,4.819208829440e-01,-1.590074522492e-01,3.352573073392e-01,-1.677469401887e-01
1.064588298114e+02,6.853220300740e-02,-6.853208967284e-02,1.372493559674e-01,-1.275129685830e-01,2.055961028739e-01,-1.774165351579e-01,8.822634865504e-05,-9.392473836346e-03,4.795469551504e-01,-1.584896669360e-01,3.328121102073e-01,-1.668396730945e-01
1.089421631314e+02,6.774659561865e-02,-6.774651015856e-02,1.356716133652e-01,-1.261612031670e-01,2.032393459929e-01,-1.757020547993e-01,8.425029310863e-05,-9.178409175709e-03,4.771821311008e-01,-1.579703162185e-01,3.303821082840e-01,-1.659334815752e-01
1.114834244259e+02,6.696999308717e-02,-6.696993166317e-02,1.341121100314e-01,-1.248223940153e-01,2.009096071793e-01,-1.739999614432e-01,8.045341017842e-05,-8.969221673435e-03,4.748264105232e-01,-1.574494611312e-01,3.279672452085e-01,-1.650284388702e-01
1.140839649635e+02,6.620229291501e-02,-6.620225157982e-02,1.325706320368e-01,-1.234964501286e-01,1.986065745406e-01,-1.723102773009e-01,7.682762709593e-05,-8.764800317842e-03,4.724797925556e-01,-1.569271617646e-01,3.255674641921e-01,-1.641246165988e-01
1.167451675333e+02,6.544339358475e-02,-6.544336849872e-02,1.310469681766e-01,-1.221832805613e-01,1.963299403430e-01,-1.706330204844e-01,7.336523470592e-05,-8.565036616866e-03,4.701422757543e-01,-1.564034772773e-01,3.231827080306e-01,-1.632220847863e-01
1.194684471805e+02,6.469319457257e-02,-6.469318216100e-02,1.295409098661e-01,-1.208827944050e-01,1.940794008906e-01,-1.689682052366e-01,7.005887109845e-05,-8.369824541353e-03,4.678138581034e-01,-1.558784659084e-01,3.208129191179e-01,-1.623209118892e-01
1.222552519585e+02,6.395159636311e-02,-6.395159342128e-02,1.280522510531e-01,-1.195949007695e-01,1.918546564004e-01,-1.673158421329e-01,6.690150597678e-05,-8.179060469594e-03,4.654945370235e-01,-1.553521849891e-01,3.184580394582e-01,-1.614211648203e-01
1.251070636990e+02,6.321850046436e-02,-6.321850421796e-02,1.265807881468e-01,-1.183195087613e-01,1.896554108781e-01,-1.656759382560e-01,6.388642572823e-05,-7.992643133084e-03,4.631843093812e-01,-1.548246909541e-01,3.161180106794e-01,-1.605229089727e-01
1.280253988001e+02,6.249380942149e-02,-6.249381755034e-02,1.251263199601e-01,-1.170565274631e-01,1.874813719980e-01,-1.640484973480e-01,6.100721916648e-05,-7.810473563472e-03,4.608831714976e-01,-1.542960393536e-01,3.137927740455e-01,-1.596262082437e-01
1.310118090322e+02,6.177742682862e-02,-6.177743746154e-02,1.236886476641e-01,-1.158058659167e-01,1.853322509900e-01,-1.624335199422e-01,5.825776391502e-05,-7.632455040677e-03,4.585911191580e-01,-1.537662848633e-01,3.114822704703e-01,-1.587311250584e-01
1.340678823637e+02,6.106925733798e-02,-6.106926902613e-02,1.222675747525e-01,-1.145674331103e-01,1.832077625353e-01,-1.608310034777e-01,5.563221340311e-05,-7.458493042160e-03,4.563081476209e-01,-1.532354812964e-01,3.091864405294e-01,-1.578377203921e-01
1.371952438048e+02,6.036920666593e-02,-6.036921834129e-02,1.208629070133e-01,-1.133411379707e-01,1.811076246721e-01,-1.592409424008e-01,5.312498444679e-05,-7.288495193304e-03,4.540342516267e-01,-1.527036816141e-01,3.069052244738e-01,-1.569460537940e-01
1.403955562720e+02,5.967718159583e-02,-5.967719252078e-02,1.194744525065e-01,-1.121268893608e-01,1.790315587123e-01,-1.576633282562e-01,5.073074538847e-05,-7.122371218909e-03,4.517694254075e-01,-1.521709379362e-01,3.046385622420e-01,-1.560561834086e-01
1.436705214721e+02,5.899308997777e-02,-5.899309969045e-02,1.181020215460e-01,-1.109245960833e-01,1.769792891682e-01,-1.560981497700e-01,4.844440477025e-05,-6.960032895748e-03,4.495136626956e-01,-1.516373015519e-01,3.023863934733e-01,-1.551681659988e-01
1.470218808071e+02,5.831684072523e-02,-5.831684898485e-02,1.167454266831e-01,-1.097341668891e-01,1.749505436884e-01,-1.545453929274e-01,4.626110051680e-05,-6.801394006186e-03,4.472669567329e-01,-1.511028229305e-01,3.001486575199e-01,-1.542820569673e-01
1.504514163001e+02,5.764834380911e-02,-5.764835054410e-02,1.154044826918e-01,-1.085555104906e-01,1.729450530041e-01,-1.530050410478e-01,4.417618960508e-05,-6.646370292825e-03,4.450293002793e-01,-1.505675517316e-01,2.979252934595e-01,-1.533979103786e-01
1.539609515430e+02,5.698751024946e-02,-5.698751551047e-02,1.140790065535e-01,-1.073885355785e-01,1.709625508816e-01,-1.514770748573e-01,4.218523819885e-05,-6.494879414164e-03,4.428006856221e-01,-1.500315368158e-01,2.957162401072e-01,-1.525157789804e-01
1.575523526661e+02,5.633425210526e-02,-5.633425602454e-02,1.127688174418e-01,-1.062331508431e-01,1.690027740822e-01,-1.499614725611e-01,4.028401222728e-05,-6.346840901239e-03,4.405811045844e-01,-1.494948262552e-01,2.935214360278e-01,-1.516357142248e-01
1.612275293304e+02,5.568848246275e-02,-5.568848522035e-02,1.114737367049e-01,-1.050892649961e-01,1.670654623273e-01,-1.484582099167e-01,3.846846838748e-05,-6.202176115238e-03,4.383705485338e-01,-1.489574673429e-01,2.913408195476e-01,-1.507577662897e-01
1.649884357428e+02,5.505011542272e-02,-5.505011721971e-02,1.101935878471e-01,-1.039567867957e-01,1.651503582675e-01,-1.469672603070e-01,3.673474555216e-05,-6.060808206059e-03,4.361690083907e-01,-1.484195066042e-01,2.891743287658e-01,-1.498819840991e-01
1.688370716955e+02,5.441906608704e-02,-5.441906712539e-02,1.089281965088e-01,-1.028356250718e-01,1.632572074536e-01,-1.454885948154e-01,3.507915656387e-05,-5.922662071792e-03,4.339764746369e-01,-1.478809898058e-01,2.870219015657e-01,-1.490084153439e-01
1.727754836294e+02,5.379525054494e-02,-5.379525101340e-02,1.076773904438e-01,-1.017256887514e-01,1.613857583114e-01,-1.440221823006e-01,3.349818039884e-05,-5.787664319114e-03,4.317929373240e-01,-1.473419619663e-01,2.848834756261e-01,-1.481371065022e-01
1.768057657219e+02,5.317858585908e-02,-5.317858592426e-02,1.064409994964e-01,-1.006268868839e-01,1.595357621155e-01,-1.425679894735e-01,3.198845468341e-05,-5.655743224562e-03,4.296183860808e-01,-1.468024673658e-01,2.827589884321e-01,-1.472681028595e-01
1.809300610009e+02,5.256899005193e-02,-5.256898985359e-02,1.052188555759e-01,-9.953912866565e-02,1.577069729645e-01,-1.411259809737e-01,3.054676854750e-05,-5.526828696679e-03,4.274528101221e-01,-1.462625495559e-01,2.806483772858e-01,-1.464014485278e-01
1.851505624837e+02,5.196638209228e-02,-5.196638174201e-02,1.040107926314e-01,-9.846232346345e-02,1.558991477561e-01,-1.396961194466e-01,2.917005579979e-05,-5.400852239011e-03,4.252961982561e-01,-1.457222513691e-01,2.785515793165e-01,-1.455371864662e-01
1.894695143438e+02,5.137068188231e-02,-5.137068146458e-02,1.028166466243e-01,-9.739638083685e-02,1.541120461611e-01,-1.382783656191e-01,2.785538841015e-05,-5.277746913929e-03,4.231485388923e-01,-1.451816149285e-01,2.764685314912e-01,-1.446753584988e-01
1.938892131037e+02,5.078181024507e-02,-5.078180981993e-02,1.016362555019e-01,-9.634121055899e-02,1.523454305972e-01,-1.368726783760e-01,2.659997028565e-05,-5.157447307266e-03,4.210098200489e-01,-1.446406816572e-01,2.743991706242e-01,-1.438160053350e-01
1.984120088563e+02,5.019968891247e-02,-5.019968851916e-02,1.004694591701e-01,-9.529672263616e-02,1.505990662019e-01,-1.354790148342e-01,2.540113132669e-05,-5.039889493750e-03,4.188800293606e-01,-1.440994922874e-01,2.723434333875e-01,-1.429591665868e-01
2.030403065143e+02,4.962424051376e-02,-4.962424017476e-02,9.931609946588e-02,-9.426282732591e-02,1.488727208045e-01,-1.340973304153e-01,2.425632175090e-05,-4.925011003212e-03,4.167591540859e-01,-1.435580868699e-01,2.703012563200e-01,-1.421048807885e-01
2.077765670891e+02,4.905538856449e-02,-4.905538828949e-02,9.817602013063e-02,-9.323943515397e-02,1.471661648975e-01,-1.327275789174e-01,2.316310667262e-05,-4.812750787554e-03,4.146471811144e-01,-1.430165047830e-01,2.682725758367e-01,-1.412531854139e-01
2.126233089994e+02,4.849305745589e-02,-4.849305724547e-02,9.704906678369e-02,-9.222645692986e-02,1.454791716077e-01,-1.313697125841e-01,2.211916092643e-05,-4.703049188468e-03,4.125440969737e-01,-1.424747847416e-01,2.662573282387e-01,-1.404041168945e-01
2.175831094104e+02,4.793717244454e-02,-4.793717229335e-02,9.593508689632e-02,-9.122380376157e-02,1.438115166663e-01,-1.300236821720e-01,2.112226412390e-05,-4.595847905866e-03,4.104498878370e-01,-1.419329648055e-01,2.642554497212e-01,-1.395577106371e-01
2.226586056040e+02,4.738765964246e-02,-4.738765954177e-02,9.483392976631e-02,-9.023138706924e-02,1.421629783800e-01,-1.286894370156e-01,2.017029593293e-05,-4.491089967044e-03,4.083645395297e-01,-1.413910823890e-01,2.622668763833e-01,-1.387140010410e-01
2.278524963810e+02,4.684444600731e-02,-4.684444594704e-02,9.374544649324e-02,-8.924911859800e-02,1.405333376002e-01,-1.273669250902e-01,1.926123156967e-05,-4.388719696520e-03,4.062880375363e-01,-1.408491742688e-01,2.602915442361e-01,-1.378730215154e-01
2.331675434965e+02,4.630745933290e-02,-4.630745930299e-02,9.266948995429e-02,-8.827691043013e-02,1.389223776945e-01,-1.260560930732e-01,1.839313749355e-05,-4.288682686565e-03,4.042203670074e-01,-1.403072765928e-01,2.583293892115e-01,-1.370348044957e-01
2.386065731284e+02,4.577662823978e-02,-4.577662823111e-02,9.160591478074e-02,-8.731467499664e-02,1.373298845164e-01,-1.247568864029e-01,1.756416729619e-05,-4.190925768398e-03,4.021615127664e-01,-1.397654248884e-01,2.563803471706e-01,-1.361993814607e-01
2.441724773796e+02,4.525188216601e-02,-4.525188217091e-02,9.055457733490e-02,-8.636232508830e-02,1.357556463763e-01,-1.234692493352e-01,1.677255777545e-05,-4.095396984025e-03,4.001114593157e-01,-1.392236540709e-01,2.544443539115e-01,-1.353667829485e-01
2.498682158166e+02,4.473315135795e-02,-4.473315137040e-02,8.951533568770e-02,-8.541977386615e-02,1.341994540131e-01,-1.221931249987e-01,1.601662518638e-05,-4.002045558723e-03,3.980701908439e-01,-1.386819984517e-01,2.525213451780e-01,-1.345370385725e-01
2.556968170425e+02,4.422036686124e-02,-4.422036687682e-02,8.848804959664e-02,-8.448693487164e-02,1.326611005654e-01,-1.209284554482e-01,1.529476166100e-05,-3.910821874142e-03,3.960376912314e-01,-1.381404917463e-01,2.506112566668e-01,-1.337101770379e-01
2.616613803081e+02,4.371346051174e-02,-4.371346052746e-02,8.747258048428e-02,-8.356372203634e-02,1.311403815438e-01,-1.196751817164e-01,1.460543178939e-05,-3.821677442008e-03,3.940139440575e-01,-1.375991670822e-01,2.487140240357e-01,-1.328862261566e-01
2.677650771591e+02,4.321236492661e-02,-4.321236494067e-02,8.646879141702e-02,-8.265004969133e-02,1.296370948032e-01,-1.184332438637e-01,1.394716935479e-05,-3.734564878438e-03,3.919989326063e-01,-1.370580570071e-01,2.468295829110e-01,-1.320652128632e-01
2.740111531232e+02,4.271701349544e-02,-4.271701350695e-02,8.547654708428e-02,-8.174583257613e-02,1.281510405156e-01,-1.172025810267e-01,1.331857421575e-05,-3.649437878815e-03,3.899926398727e-01,-1.365171934965e-01,2.449578688948e-01,-1.312471632296e-01
2.804029294354e+02,4.222734037145e-02,-4.222734038016e-02,8.449571377806e-02,-8.085098584730e-02,1.266820211436e-01,-1.159831314659e-01,1.271830932877e-05,-3.566251193253e-03,3.879950485688e-01,-1.359766079612e-01,2.430988175726e-01,-1.304321024807e-01
2.869438048042e+02,4.174328046273e-02,-4.174328046882e-02,8.352615937271e-02,-7.996542508675e-02,1.252298414140e-01,-1.147748326109e-01,1.214509790506e-05,-3.484960602598e-03,3.860061411297e-01,-1.354363312556e-01,2.412523645201e-01,-1.296200550085e-01
2.936372572187e+02,4.126476942366e-02,-4.126476942752e-02,8.256775330507e-02,-7.908906630956e-02,1.237943082918e-01,-1.135776211050e-01,1.159772069540e-05,-3.405522894987e-03,3.840258997196e-01,-1.348963936842e-01,2.394184453103e-01,-1.288110443869e-01
3.004868457981e+02,4.079174364630e-02,-4.079174364843e-02,8.162036655484e-02,-7.822182597156e-02,1.223752309543e-01,-1.123914328484e-01,1.107501339731e-05,-3.327895842930e-03,3.820543062372e-01,-1.343568250099e-01,2.375969955204e-01,-1.280050933860e-01
3.074962126841e+02,4.032414025192e-02,-4.032414025282e-02,8.068387162522e-02,-7.736362097645e-02,1.209724207662e-01,-1.112162030403e-01,1.057586417904e-05,-3.252038180916e-03,3.800913423221e-01,-1.338176544609e-01,2.357879507384e-01,-1.272022239862e-01
3.146690849775e+02,3.986189708267e-02,-3.986189708277e-02,7.975814252390e-02,-7.651436868260e-02,1.195856912544e-01,-1.100518662194e-01,1.009921131512e-05,-3.177909583524e-03,3.781369893598e-01,-1.332789107380e-01,2.339912465698e-01,-1.264024573923e-01
3.220092767201e+02,3.940495269327e-02,-3.940495269290e-02,7.884305474418e-02,-7.567398690953e-02,1.182148580831e-01,-1.088983563034e-01,9.644040928448e-06,-3.105470644029e-03,3.761912284875e-01,-1.327406220220e-01,2.322068186438e-01,-1.256058140467e-01
3.295206909227e+02,3.895324634280e-02,-3.895324634223e-02,7.793848524648e-02,-7.484239394399e-02,1.168597390295e-01,-1.077556066273e-01,9.209384834070e-06,-3.034682853496e-03,3.742540406000e-01,-1.322028159802e-01,2.304346026197e-01,-1.248123136435e-01
3.372073216405e+02,3.850671798667e-02,-3.850671798607e-02,7.704431243998e-02,-7.401950854570e-02,1.155201539598e-01,-1.066235499810e-01,8.794318480164e-06,-2.965508580350e-03,3.723254063545e-01,-1.316655197740e-01,2.286745341932e-01,-1.240219751415e-01
3.450732560968e+02,3.806530826860e-02,-3.806530826806e-02,7.616041616469e-02,-7.320524995278e-02,1.141959248049e-01,-1.055021186451e-01,8.397958981758e-06,-2.897911050402e-03,3.704053061764e-01,-1.311287600655e-01,2.269265491021e-01,-1.232348167771e-01
3.531226768563e+02,3.762895851270e-02,-3.762895851227e-02,7.528667767359e-02,-7.239953788689e-02,1.128868755370e-01,-1.043912444258e-01,8.019463243056e-06,-2.831854327338e-03,3.684937202641e-01,-1.305925630240e-01,2.251905831325e-01,-1.224508560776e-01
3.613598640492e+02,3.719761071570e-02,-3.719761071539e-02,7.442297961517e-02,-7.160229255798e-02,1.115928321460e-01,-1.032908586893e-01,7.658026164374e-06,-2.767303293643e-03,3.665906285948e-01,-1.300569543336e-01,2.234665721244e-01,-1.216701098739e-01
3.697891976470e+02,3.677120753925e-02,-3.677120753905e-02,7.356920601613e-02,-7.081343466877e-02,1.103136226168e-01,-1.022008923941e-01,7.312878929856e-06,-2.704223631961e-03,3.646960109292e-01,-1.295219591987e-01,2.217544519773e-01,-1.208925943127e-01
3.784151597916e+02,3.634969230223e-02,-3.634969230212e-02,7.272524226437e-02,-7.003288541899e-02,1.090490769060e-01,-1.011212761236e-01,6.983287372354e-06,-2.642581806880e-03,3.628098468166e-01,-1.289876023515e-01,2.200541586560e-01,-1.201183248691e-01
3.872423371782e+02,3.593300897330e-02,-3.593300897325e-02,7.189097509221e-02,-6.926056650929e-02,1.077990269194e-01,-1.000519401164e-01,6.668550411982e-06,-2.582345047126e-03,3.609321156000e-01,-1.284539080579e-01,2.183656281957e-01,-1.193473163588e-01
3.962754234947e+02,3.552110216339e-02,-3.552110216338e-02,7.106629255988e-02,-6.849640014486e-02,1.065633064899e-01,-9.899281429653e-02,6.367998565028e-06,-2.523481328170e-03,3.590627964207e-01,-1.279209001242e-01,2.166887967073e-01,-1.185795829500e-01
4.055192219172e+02,3.511391711838e-02,-3.511391711839e-02,7.025108403915e-02,-6.774030903882e-02,1.053417513550e-01,-9.794382830260e-02,6.080992520058e-06,-2.465959355218e-03,3.572018682237e-01,-1.273886019034e-01,2.150236003829e-01,-1.178151381750e-01
4.149786476641e+02,3.471139971179e-02,-3.471139971181e-02,6.944524019731e-02,-6.699221641539e-02,1.041341991353e-01,-9.690491151555e-02,5.806921778178e-06,-2.409748546599e-03,3.553493097618e-01,-1.268570363011e-01,2.133699755005e-01,-1.170539949422e-01
4.246587306095e+02,3.431349643760e-02,-3.431349643762e-02,6.864865298129e-02,-6.625204601270e-02,1.029404893128e-01,-9.587599308610e-02,5.545203354571e-06,-2.354819017524e-03,3.535050996008e-01,-1.263262257820e-01,2.117278584289e-01,-1.162961655476e-01
4.345646179580e+02,3.392015440315e-02,-3.392015440317e-02,6.786121560202e-02,-6.551972208553e-02,1.017604632095e-01,-9.485700196102e-02,5.295280538545e-06,-2.301141564213e-03,3.516692161237e-01,-1.257961923760e-01,2.100971856330e-01,-1.155416616856e-01
4.447015769814e+02,3.353132132209e-02,-3.353132132211e-02,6.708282251903e-02,-6.479516940764e-02,1.005939639663e-01,-9.384786690864e-02,5.056621709451e-06,-2.248687648391e-03,3.498416375356e-01,-1.252669576839e-01,2.084778936779e-01,-1.147904944605e-01
4.550749978197e+02,3.314694550745e-02,-3.314694550746e-02,6.631336942523e-02,-6.407831327402e-02,9.944083652239e-02,-9.284851654351e-02,4.828719205967e-06,-2.197429382128e-03,3.480223418682e-01,-1.247385428836e-01,2.068699192340e-01,-1.140426743973e-01
4.656903963470e+02,3.276697586474e-02,-3.276697586475e-02,6.555275323191e-02,-6.336907950285e-02,9.830092759425e-02,-9.185887935031e-02,4.611088246328e-06,-2.147339513024e-03,3.462113069837e-01,-1.242109687360e-01,2.052731990813e-01,-1.132982114528e-01
4.765534171046e+02,3.239136188519e-02,-3.239136188519e-02,6.480087205395e-02,-6.266739443727e-02,9.717408565559e-02,-9.087888370692e-02,4.403265897217e-06,-2.098391409739e-03,3.444085105800e-01,-1.236842555903e-01,2.036876701138e-01,-1.125571150256e-01
4.876698363022e+02,3.202005363902e-02,-3.202005363902e-02,6.405762519524e-02,-6.197318494693e-02,9.606016091706e-02,-8.990845790678e-02,4.204810089121e-06,-2.050559047844e-03,3.426139301941e-01,-1.231584233905e-01,2.021132693437e-01,-1.118193939674e-01
4.990455648896e+02,3.165300176879e-02,-3.165300176879e-02,6.332291313422e-02,-6.128637842941e-02,9.495900530638e-02,-8.894753018053e-02,4.015298676059e-06,-2.003816995994e-03,3.408275432071e-01,-1.226334916804e-01,2.005499339059e-01,-1.110850565924e-01
5.106866516994e+02,3.129015748288e-02,-3.129015748288e-02,6.259663750976e-02,-6.060690281132e-02,9.387047244864e-02,-8.799602871682e-02,3.834328537682e-06,-1.958140402424e-03,3.390493268480e-01,-1.221094796092e-01,1.989976010620e-01,-1.103541106882e-01
5.225992866636e+02,3.093147254896e-02,-3.093147254896e-02,6.187870110709e-02,-5.993468654939e-02,9.279441764687e-02,-8.705388168259e-02,3.661514721839e-06,-1.913504981741e-03,3.372792581975e-01,-1.215864059375e-01,1.974562082039e-01,-1.096265635256e-01
5.347898041049e+02,3.057689928759e-02,-3.057689928759e-02,6.116900784399e-02,-5.926965863123e-02,9.173069786277e-02,-8.612101724251e-02,3.496489625775e-06,-1.869887002023e-03,3.355173141928e-01,-1.210642890423e-01,1.959256928583e-01,-1.089024218680e-01
5.472646861048e+02,3.022639056591e-02,-3.022639056591e-02,6.046746275713e-02,-5.861174857601e-02,9.067917169772e-02,-8.519736357786e-02,3.338902214242e-06,-1.827263272212e-03,3.337634716311e-01,-1.205431469224e-01,1.944059926901e-01,-1.081816919818e-01
5.600305659505e+02,2.987989979133e-02,-2.987989979133e-02,5.977397198864e-02,-5.796088643490e-02,8.963969937398e-02,-8.428284890475e-02,3.188417272828e-06,-1.785611129788e-03,3.320177071733e-01,-1.200229972038e-01,1.928970455064e-01,-1.074643796455e-01
5.730942316617e+02,2.953738090538e-02,-2.953738090538e-02,5.908844277279e-02,-5.731700279147e-02,8.861214271613e-02,-8.337740149163e-02,3.044714694955e-06,-1.744908428734e-03,3.302799973486e-01,-1.195038571450e-01,1.913987892599e-01,-1.067504901592e-01
5.864626296003e+02,2.919878837755e-02,-2.919878837755e-02,5.841078342290e-02,-5.668002876180e-02,8.759636513264e-02,-8.248094967634e-02,2.907488800990e-06,-1.705133527762e-03,3.285503185576e-01,-1.189857436419e-01,1.899111620526e-01,-1.060400283540e-01
6.001428681641e+02,2.886407719926e-02,-2.886407719926e-02,5.774090331841e-02,-5.604989599451e-02,8.659223159778e-02,-8.159342188239e-02,2.776447688057e-06,-1.666265278818e-03,3.268286470764e-01,-1.184686732332e-01,1.884341021389e-01,-1.053329986010e-01
6.141422215661e+02,2.853320287788e-02,-2.853320287788e-02,5.707871289209e-02,-5.542653667066e-02,8.559960863364e-02,-8.071474663482e-02,2.651312609137e-06,-1.628283015842e-03,3.251149590603e-01,-1.179526621052e-01,1.869675479297e-01,-1.046294048202e-01
6.284681337028e+02,2.820612143080e-02,-2.820612143080e-02,5.642412361743e-02,-5.480988350347e-02,8.461836429240e-02,-7.984485257538e-02,2.531817380159e-06,-1.591166543785e-03,3.234092305474e-01,-1.174377260972e-01,1.855114379948e-01,-1.039292504897e-01
6.431282221122e+02,2.788278937959e-02,-2.788278937959e-02,5.577704799625e-02,-5.419986973796e-02,8.364836813876e-02,-7.898366847724e-02,2.417707813805e-06,-1.554896127879e-03,3.217114374620e-01,-1.169238807056e-01,1.840657110667e-01,-1.032325386539e-01
6.581302820245e+02,2.756316374422e-02,-2.756316374422e-02,5.513739954639e-02,-5.359642915035e-02,8.268949123266e-02,-7.813112325911e-02,2.308741178839e-06,-1.519452483151e-03,3.200215556186e-01,-1.164111410895e-01,1.826303060436e-01,-1.025392719326e-01
6.734822905068e+02,2.724720203735e-02,-2.724720203735e-02,5.450509278958e-02,-5.299949604750e-02,8.174160611206e-02,-7.728714599888e-02,2.204685683792e-06,-1.484816764167e-03,3.183395607248e-01,-1.158995220753e-01,1.812051619921e-01,-1.018494525291e-01
6.891924107047e+02,2.693486225870e-02,-2.693486225870e-02,5.388004323949e-02,-5.240900526608e-02,8.080458677609e-02,-7.645166594672e-02,2.105319983925e-06,-1.450970555026e-03,3.166654283851e-01,-1.153890381613e-01,1.797902181507e-01,-1.011630822387e-01
7.052689961833e+02,2.662610288940e-02,-2.662610288940e-02,5.326216738996e-02,-5.182489217172e-02,7.987830866821e-02,-7.562461253775e-02,2.010432710409e-06,-1.417895859564e-03,3.149991341043e-01,-1.148797035223e-01,1.783854139322e-01,-1.004801624567e-01
7.217205953687e+02,2.632088288657e-02,-2.632088288657e-02,5.265138270326e-02,-5.124709265800e-02,7.896264865971e-02,-7.480591540414e-02,1.919822020718e-06,-1.385575091794e-03,3.133406532906e-01,-1.143715320145e-01,1.769906889265e-01,-9.980069418678e-02
7.385559560937e+02,2.601916167778e-02,-2.601916167778e-02,5.204760759869e-02,-5.067554314535e-02,7.805748503334e-02,-7.399550438685e-02,1.833295169293e-06,-1.353991066559e-03,3.116899612591e-01,-1.138645371798e-01,1.756059829039e-01,-9.912467804853e-02
7.557840302490e+02,2.572089915570e-02,-2.572089915570e-02,5.145076144110e-02,-5.011018057984e-02,7.716269746710e-02,-7.319330954683e-02,1.750668097550e-06,-1.323126990395e-03,3.100470332348e-01,-1.133587322504e-01,1.742312358168e-01,-9.845211428567e-02
7.734139785434e+02,2.542605567275e-02,-2.542605567275e-02,5.086076452980e-02,-4.955094243189e-02,7.627816701826e-02,-7.239926117582e-02,1.671765042369e-06,-1.292966452608e-03,3.084118443560e-01,-1.128541301533e-01,1.728663878033e-01,-9.778300277349e-02
7.914551753751e+02,2.513459203586e-02,-2.513459203586e-02,5.027753808736e-02,-4.899776669483e-02,7.540377610758e-02,-7.161328980673e-02,1.596418162219e-06,-1.263493416551e-03,3.067843696773e-01,-1.123507435145e-01,1.715113791888e-01,-9.711734302655e-02
8.099172138157e+02,2.484646950121e-02,-2.484646950121e-02,4.970100424879e-02,-4.845059188348e-02,7.453940850363e-02,-7.083532622358e-02,1.524467180147e-06,-1.234692211098e-03,3.051645841725e-01,-1.118485846635e-01,1.701661504890e-01,-9.645513420607e-02
8.288099107118e+02,2.456164976912e-02,-2.456164976912e-02,4.913108605067e-02,-4.790935703249e-02,7.368494930736e-02,-7.006530147108e-02,1.455759042843e-06,-1.206547522317e-03,3.035524627381e-01,-1.113476656374e-01,1.688306424121e-01,-9.579637512732e-02
8.481433119044e+02,2.428009497895e-02,-2.428009497895e-02,4.856770742051e-02,-4.737400169473e-02,7.284028493685e-02,-6.930314686373e-02,1.390147595078e-06,-1.179044385326e-03,3.019479801960e-01,-1.108479981854e-01,1.675047958609e-01,-9.514106426684e-02
8.679276975711e+02,2.400176770406e-02,-2.400176770406e-02,4.801079316624e-02,-4.684446593952e-02,7.200530311217e-02,-6.854879399465e-02,1.327493268812e-06,-1.152168176341e-03,3.003511112962e-01,-1.103495937726e-01,1.661885519352e-01,-9.448919976953e-02
8.881735876920e+02,2.372663094683e-02,-2.372663094683e-02,4.746026896580e-02,-4.632069035081e-02,7.117989284049e-02,-6.780217474396e-02,1.267662786315e-06,-1.125904604905e-03,2.987618307202e-01,-1.098524635845e-01,1.648818519341e-01,-9.384077945571e-02
9.088917476435e+02,2.345464813376e-02,-2.345464813376e-02,4.691606135689e-02,-4.580261602528e-02,7.036394440129e-02,-6.706322128682e-02,1.210528876664e-06,-1.100239706284e-03,2.971801130834e-01,-1.093566185306e-01,1.635846373577e-01,-9.319580082797e-02
9.300931939230e+02,2.318578311061e-02,-2.318578311061e-02,4.637809772683e-02,-4.529018457036e-02,6.955734933184e-02,-6.633186610112e-02,1.155970005023e-06,-1.075159834051e-03,2.956059329383e-01,-1.088620692490e-01,1.622968499095e-01,-9.255426107797e-02
9.517892000063e+02,2.292000013756e-02,-2.292000013756e-02,4.584630630253e-02,-4.478333810222e-02,6.876000041269e-02,-6.560804197485e-02,1.103870114118e-06,-1.050651652827e-03,2.940392647769e-01,-1.083688261098e-01,1.610184314981e-01,-9.191615709314e-02
9.739913023421e+02,2.265726388450e-02,-2.265726388450e-02,4.532061614065e-02,-4.428201924364e-02,6.797179165349e-02,-6.489168201310e-02,1.054118377369e-06,-1.026702131197e-03,2.924800830335e-01,-1.078768992192e-01,1.597493242392e-01,-9.128148546324e-02
9.967113064865e+02,2.239753942629e-02,-2.239753942629e-02,4.480095711779e-02,-4.378617112183e-02,6.719261827888e-02,-6.418271964477e-02,1.006608963142e-06,-1.003298534774e-03,2.909283620877e-01,-1.073862984236e-01,1.584894704576e-01,-9.065024248682e-02
1.019961293380e+03,2.214079223819e-02,-2.214079223819e-02,4.428725992091e-02,-4.329573736623e-02,6.642237671456e-02,-6.348108862895e-02,9.612408096301e-07,-9.804284194403e-04,2.893840762665e-01,-1.068970333129e-01,1.572388126885e-01,-9.002242417764e-02
1.043753625773e+03,2.188698819117e-02,-2.188698819117e-02,4.377945603773e-02,-4.281066210622e-02,6.566096457350e-02,-6.278672306102e-02,9.179174098796e-07,-9.580796247219e-04,2.878471998473e-01,-1.064091132250e-01,1.559972936799e-01,-8.939802627087e-02
1.068100954796e+03,2.163609354746e-02,-2.163609354746e-02,4.327747774741e-02,-4.233088996877e-02,6.490828064239e-02,-6.209955737842e-02,8.765466065044e-07,-9.362402673302e-04,2.863177070603e-01,-1.059225472486e-01,1.547648563936e-01,-8.877704422931e-02
1.093016226689e+03,2.138807495604e-02,-2.138807495604e-02,4.278125811119e-02,-4.185636607602e-02,6.416422486811e-02,-6.141952636616e-02,8.370403956523e-07,-9.148987348421e-04,2.847955720910e-01,-1.054373442277e-01,1.535414440073e-01,-8.815947324945e-02
1.118512689687e+03,2.114289944816e-02,-2.114289944816e-02,4.229073096327e-02,-4.138703604292e-02,6.342869834448e-02,-6.074656516203e-02,7.993147398064e-07,-8.940436795271e-04,2.832807690827e-01,-1.049535127647e-01,1.523269999159e-01,-8.754530826744e-02
1.144603901060e+03,2.090053443304e-02,-2.090053443304e-02,4.180583090172e-02,-4.092284597463e-02,6.270160329911e-02,-6.008060926159e-02,7.632893890236e-07,-8.736640123142e-04,2.817732721388e-01,-1.044710612241e-01,1.511214677329e-01,-8.693454396497e-02
1.171303734327e+03,2.066094769346e-02,-2.066094769346e-02,4.132649327954e-02,-4.046374246408e-02,6.198284308039e-02,-5.942159452284e-02,7.288877102292e-07,-8.537488968965e-04,2.802730553254e-01,-1.039899977362e-01,1.499247912923e-01,-8.632717477508e-02
1.198626386628e+03,2.042410738154e-02,-2.042410738154e-02,4.085265419582e-02,-4.000967258934e-02,6.127232214463e-02,-5.876945717063e-02,6.960365242062e-07,-8.342877439705e-04,2.787800926736e-01,-1.035103302003e-01,1.487369146493e-01,-8.572319488780e-02
1.226586386277e+03,2.018998201447e-02,-2.018998201447e-02,4.038425048702e-02,-3.956058391101e-02,6.056994604340e-02,-5.812413380093e-02,6.646659499300e-07,-8.152702056062e-04,2.772943581816e-01,-1.030320662884e-01,1.475577820824e-01,-8.512259825581e-02
1.255198600486e+03,1.995854047031e-02,-1.995854047031e-02,3.992121971831e-02,-3.911642446957e-02,5.987562141092e-02,-5.748556138469e-02,6.347092559194e-07,-7.966861697454e-04,2.758158258173e-01,-1.025552134483e-01,1.463873380940e-01,-8.452537859991e-02
1.284478243267e+03,1.972975198390e-02,-1.972975198390e-02,3.946350017508e-02,-3.867714278268e-02,5.918925595171e-02,-5.685367727164e-02,6.061027182878e-07,-7.785257548259e-04,2.743444695202e-01,-1.020797789074e-01,1.452255274120e-01,-8.393152941446e-02
1.314440883530e+03,1.950358614276e-02,-1.950358614276e-02,3.901103085452e-02,-3.824268784246e-02,5.851075842828e-02,-5.622841919371e-02,5.787854851904e-07,-7.607793045278e-04,2.728802632040e-01,-1.016057696755e-01,1.440722949912e-01,-8.334104397274e-02
1.345102453350e+03,1.928001288300e-02,-1.928001288300e-02,3.856375145731e-02,-3.781300911272e-02,5.784003864899e-02,-5.560972526838e-02,5.526994473825e-07,-7.434373826394e-04,2.714231807583e-01,-1.011331925484e-01,1.429275860138e-01,-8.275391533214e-02
1.376479256450e+03,1.905900248537e-02,-1.905900248537e-02,3.812160237938e-02,-3.738805652617e-02,5.717700745612e-02,-5.499753400170e-02,5.277891146100e-07,-7.264907680409e-04,2.699731960510e-01,-1.006620541109e-01,1.417913458910e-01,-8.217013633938e-02
1.408587976863e+03,1.884052557132e-02,-1.884052557132e-02,3.768452470383e-02,-3.696778048161e-02,5.652157671396e-02,-5.439178429114e-02,5.040014975721e-07,-7.099304498009e-04,2.685302829306e-01,-1.001923607403e-01,1.406635202639e-01,-8.158969963557e-02
1.441445687805e+03,1.862455309904e-02,-1.862455309904e-02,3.725246019289e-02,-3.655213184105e-02,5.587365929712e-02,-5.379241542828e-02,4.812859952033e-07,-6.937476223866e-04,2.670944152278e-01,-9.972411860919e-02,1.395440550046e-01,-8.101259766118e-02
1.475069860754e+03,1.841105635965e-02,-1.841105635965e-02,3.682535128000e-02,-3.614106192689e-02,5.523316907894e-02,-5.319936710127e-02,4.595942870360e-07,-6.779336809815e-04,2.656655667578e-01,-9.925733368874e-02,1.384328962168e-01,-8.043882266102e-02
1.509478374741e+03,1.820000697335e-02,-1.820000697335e-02,3.640314106203e-02,-3.573452251897e-02,5.460002092005e-02,-5.261257939707e-02,4.388802304135e-07,-6.624802169104e-04,2.642437113222e-01,-9.879201175175e-02,1.373299902372e-01,-7.986836668902e-02
1.544689525854e+03,1.799137688569e-02,-1.799137688569e-02,3.598577329149e-02,-3.533246585169e-02,5.397413065706e-02,-5.203199280360e-02,4.190997623365e-07,-6.473790131692e-04,2.628288227111e-01,-9.832815837561e-02,1.362352836360e-01,-7.930122161299e-02
1.580722036971e+03,1.778513836378e-02,-1.778513836378e-02,3.557319236892e-02,-3.493484461104e-02,5.335541509135e-02,-5.145754821163e-02,4.002108057326e-07,-6.326220400555e-04,2.614208747048e-01,-9.786577894535e-02,1.351487232180e-01,-7.873737911933e-02
1.617595067710e+03,1.758126399267e-02,-1.758126399267e-02,3.516534333538e-02,-3.454161193166e-02,5.274379197801e-02,-5.088918691653e-02,3.821731799509e-07,-6.182014508997e-04,2.600198410760e-01,-9.740487865652e-02,1.340702560230e-01,-7.817683071762e-02
1.655328224623e+03,1.737972667165e-02,-1.737972667165e-02,3.476217186493e-02,-3.415272139385e-02,5.213918001494e-02,-5.032685061985e-02,3.649485152897e-07,-6.041095778932e-04,2.586256955912e-01,-9.694546251816e-02,1.329998293269e-01,-7.761956774512e-02
1.693941571614e+03,1.718049961067e-02,-1.718049961067e-02,3.436362425732e-02,-3.376812702062e-02,5.154149883200e-02,-4.977048143077e-02,3.485001713776e-07,-5.903389280110e-04,2.572384120132e-01,-9.648753535559e-02,1.319373906425e-01,-7.706558137126e-02
1.733455640615e+03,1.698355632679e-02,-1.698355632679e-02,3.396964743069e-02,-3.338778327460e-02,5.095066898038e-02,-4.922002186735e-02,3.327931592316e-07,-5.768821790282e-04,2.558579641021e-01,-9.603110181334e-02,1.308828877195e-01,-7.651486260197e-02
1.773891442500e+03,1.678887064066e-02,-1.678887064066e-02,3.358018891440e-02,-3.301164505510e-02,5.036661192197e-02,-4.867541485764e-02,3.177940668298e-07,-5.637321756266e-04,2.544843256177e-01,-9.557616635784e-02,1.298362685460e-01,-7.596740228404e-02
1.815270478256e+03,1.659641667299e-02,-1.659641667299e-02,3.319519684190e-02,-3.263966769503e-02,4.978925001898e-02,-4.813660374068e-02,3.034709880369e-07,-5.508819255904e-04,2.531174703210e-01,-9.512273328027e-02,1.287974813484e-01,-7.542319110931e-02
1.857614750417e+03,1.640616884119e-02,-1.640616884119e-02,3.281461994372e-02,-3.227180695787e-02,4.921850652358e-02,-4.760353226731e-02,2.897934547342e-07,-5.383245960886e-04,2.517573719759e-01,-9.467080669922e-02,1.277664745922e-01,-7.488221961885e-02
1.900946774766e+03,1.621810185591e-02,-1.621810185591e-02,3.243840754057e-02,-3.190801903462e-02,4.865430556774e-02,-4.707614460089e-02,2.767323720078e-07,-5.260535100416e-04,2.504040043508e-01,-9.422039056340e-02,1.267431969827e-01,-7.434447820703e-02
1.945289592301e+03,1.603219071770e-02,-1.603219071770e-02,3.206650953644e-02,-3.154826054072e-02,4.809657215310e-02,-4.655438531785e-02,2.642599562583e-07,-5.140621425713e-04,2.490573412206e-01,-9.377148865429e-02,1.257275974652e-01,-7.380995712559e-02
1.990666781495e+03,1.584841071367e-02,-1.584841071367e-02,3.169887641185e-02,-3.119248851299e-02,4.754523214101e-02,-4.603819940812e-02,2.523496760994e-07,-5.023441175320e-04,2.477173563679e-01,-9.332410458878e-02,1.247196252254e-01,-7.327864648755e-02
2.037102470825e+03,1.566673741424e-02,-1.566673741424e-02,3.133545921719e-02,-3.084066040658e-02,4.700021224272e-02,-4.552753227548e-02,2.409761959206e-07,-4.908932041199e-04,2.463840235847e-01,-9.287824182172e-02,1.237192296901e-01,-7.275053627111e-02
2.084621351608e+03,1.548714666986e-02,-1.548714666986e-02,3.097620956606e-02,-3.049273409182e-02,4.646144000957e-02,-4.502232973773e-02,2.301153219937e-07,-4.797033135602e-04,2.450573166742e-01,-9.243390364847e-02,1.227263605274e-01,-7.222561632350e-02
2.133248691128e+03,1.530961460780e-02,-1.530961460780e-02,3.062107962876e-02,-3.014866785120e-02,4.592884382341e-02,-4.452253802677e-02,2.197439510074e-07,-4.687684958698e-04,2.437372094520e-01,-9.199109320746e-02,1.217409676471e-01,-7.170387636470e-02
2.183010346069e+03,1.513411762902e-02,-1.513411762902e-02,3.027002212585e-02,-2.980842037624e-02,4.540235288705e-02,-4.402810378859e-02,2.098400209227e-07,-4.580829366936e-04,2.424236757480e-01,-9.154981348262e-02,1.207630012008e-01,-7.118530599118e-02
2.233932776271e+03,1.496063240496e-02,-1.496063240496e-02,2.992299032177e-02,-2.947195076444e-02,4.488189721487e-02,-4.353897408313e-02,2.003824640419e-07,-4.476409542130e-04,2.411166894073e-01,-9.111006730588e-02,1.197924115826e-01,-7.066989467947e-02
2.286043058789e+03,1.478913587450e-02,-1.478913587450e-02,2.957993801850e-02,-2.913921851610e-02,4.436740762351e-02,-4.305509638402e-02,1.913511621941e-07,-4.374369961250e-04,2.398162242925e-01,-9.067185735955e-02,1.188291494288e-01,-7.015763178980e-02
2.339368902300e+03,1.461960524089e-02,-1.461960524089e-02,2.924081954941e-02,-2.881018353134e-02,4.385881572267e-02,-4.257641857827e-02,1.827269039394e-07,-4.274656366894e-04,2.385222542841e-01,-9.023518617872e-02,1.178731656185e-01,-6.964850656956e-02
2.393938661833e+03,1.445201796867e-02,-1.445201796867e-02,2.890558977302e-02,-2.848480610690e-02,4.335605390602e-02,-4.210288896581e-02,1.744913437026e-07,-4.177215738448e-04,2.372347532830e-01,-8.980005615366e-02,1.169244112739e-01,-6.914250815676e-02
2.449781353844e+03,1.428635178073e-02,-1.428635178073e-02,2.857420406698e-02,-2.816304693312e-02,4.285905534220e-02,-4.163445625898e-02,1.666269627484e-07,-4.081996263887e-04,2.359536952109e-01,-8.936646953206e-02,1.159828377600e-01,-6.863962558345e-02
2.506926671650e+03,1.412258465533e-02,-1.412258465533e-02,2.824661832204e-02,-2.784486709081e-02,4.236775396598e-02,-4.117106958190e-02,1.591170319156e-07,-3.988947312228e-04,2.346790540122e-01,-8.893442842142e-02,1.150483966850e-01,-6.813984777899e-02
2.565405001212e+03,1.396069482314e-02,-1.396069482314e-02,2.792278893611e-02,-2.753022804817e-02,4.188208446943e-02,-4.071267846976e-02,1.519455760307e-07,-3.898019406612e-04,2.334108036554e-01,-8.850393479123e-02,1.141210399005e-01,-6.764316357340e-02
2.625247437299e+03,1.380066076442e-02,-1.380066076442e-02,2.760267280840e-02,-2.721909165770e-02,4.140198229325e-02,-4.025923286804e-02,1.450973399258e-07,-3.809164197990e-04,2.321489181340e-01,-8.807499047527e-02,1.132007195012e-01,-6.714956170049e-02
2.686485800016e+03,1.364246120607e-02,-1.364246120607e-02,2.728622733362e-02,-2.691142015312e-02,4.092738361821e-02,-3.981068313165e-02,1.385577559875e-07,-3.722334439424e-04,2.308933714681e-01,-8.764759717379e-02,1.122873878255e-01,-6.665903080111e-02
2.749152651726e+03,1.348607511888e-02,-1.348607511888e-02,2.697341039625e-02,-2.660717614631e-02,4.045822535664e-02,-3.936698002397e-02,1.323129131688e-07,-3.637483960956e-04,2.296441377056e-01,-8.722175645568e-02,1.113809974550e-01,-6.617155942618e-02
2.813281314364e+03,1.333148171469e-02,-1.333148171469e-02,2.666418036487e-02,-2.630632262419e-02,3.999444514407e-02,-3.892807471582e-02,1.263495273976e-07,-3.554567645065e-04,2.284011909232e-01,-8.679746976064e-02,1.104815012147e-01,-6.568713603979e-02
2.878905887159e+03,1.317866044364e-02,-1.317866044364e-02,2.635849608658e-02,-2.600882294572e-02,3.953598133092e-02,-3.849391878439e-02,1.206549133186e-07,-3.473541402675e-04,2.271645052281e-01,-8.637473840128e-02,1.095888521730e-01,-6.520574902218e-02
2.946061264759e+03,1.302759099143e-02,-1.302759099143e-02,2.605631688145e-02,-2.571464083878e-02,3.908277297429e-02,-3.806446421205e-02,1.152169573089e-07,-3.394362149712e-04,2.259340547586e-01,-8.595356356522e-02,1.087030036415e-01,-6.472738667270e-02
3.014783155790e+03,1.287825327664e-02,-1.287825327664e-02,2.575760253706e-02,-2.542374039715e-02,3.863475982992e-02,-3.763966338518e-02,1.100240917104e-07,-3.316987784197e-04,2.247098136857e-01,-8.553394631716e-02,1.078239091752e-01,-6.425203721266e-02
3.085108101844e+03,1.273062744804e-02,-1.273062744804e-02,2.546231330312e-02,-2.513608607745e-02,3.819188234411e-02,-3.721946909278e-02,1.050652702225e-07,-3.241377163857e-04,2.234917562141e-01,-8.511588760093e-02,1.069515225722e-01,-6.377968878822e-02
3.157073496906e+03,1.258469388194e-02,-1.258469388194e-02,2.517040988611e-02,-2.485164269612e-02,3.775408164583e-02,-3.680383452522e-02,1.003299444044e-07,-3.167490084251e-04,2.222798565833e-01,-8.469938824144e-02,1.060857978732e-01,-6.331032947316e-02
3.230717607240e+03,1.244043317965e-02,-1.244043317965e-02,2.488185344400e-02,-2.457037542640e-02,3.732129953894e-02,-3.639271327276e-02,9.580804123688e-08,-3.095287257392e-04,2.210740890688e-01,-8.428444894675e-02,1.052266893623e-01,-6.284394727164e-02
3.306079591735e+03,1.229782616479e-02,-1.229782616479e-02,2.459660558107e-02,-2.429224979525e-02,3.689347849437e-02,-3.598605932409e-02,9.148994169459e-08,-3.024730290855e-04,2.198744279830e-01,-8.387107030996e-02,1.043741515658e-01,-6.238053012085e-02
3.383199522730e+03,1.215685388085e-02,-1.215685388085e-02,2.431462834271e-02,-2.401723168043e-02,3.647056164254e-02,-3.558382706486e-02,8.736646028441e-08,-2.955781667368e-04,2.186808476764e-01,-8.345925281119e-02,1.035281392527e-01,-6.192006589370e-02
3.462118407317e+03,1.201749758859e-02,-1.201749758859e-02,2.403588421037e-02,-2.374528730743e-02,3.605249276576e-02,-3.518597127601e-02,8.342882550619e-08,-2.888404724858e-04,2.174933225385e-01,-8.304899681943e-02,1.026886074341e-01,-6.146254240140e-02
3.542878209148e+03,1.187973876360e-02,-1.187973876360e-02,2.376033609650e-02,-2.347638324652e-02,3.563921629080e-02,-3.479244713225e-02,7.966866119388e-08,-2.822563636958e-04,2.163118269991e-01,-8.264030259448e-02,1.018555113631e-01,-6.100794739600e-02
3.625521870751e+03,1.174355909382e-02,-1.174355909382e-02,2.348794733962e-02,-2.321048640977e-02,3.523067728146e-02,-3.440321020032e-02,7.607796869775e-08,-2.758223393960e-04,2.151363355291e-01,-8.223317028877e-02,1.010288065345e-01,-6.055626857291e-02
3.710093336360e+03,1.160894047709e-02,-1.160894047709e-02,2.321868169933e-02,-2.294756404807e-02,3.482682143127e-02,-3.401821643726e-02,7.264910986961e-08,-2.695349784197e-04,2.139668226412e-01,-8.182759994919e-02,1.002084486848e-01,-6.010749357335e-02
3.796637575283e+03,1.147586501877e-02,-1.147586501877e-02,2.295250335152e-02,-2.268758374819e-02,3.442759505631e-02,-3.363742218873e-02,6.937479081492e-08,-2.633909375853e-04,2.128032628916e-01,-8.142359151891e-02,9.939439379131e-02,-5.966160998676e-02
3.885200605813e+03,1.134431502934e-02,-1.134431502934e-02,2.268937688354e-02,-2.243051342984e-02,3.403294508803e-02,-3.326078418712e-02,6.624804637720e-08,-2.573869499186e-04,2.116456308801e-01,-8.102114483918e-02,9.858659807235e-02,-5.921860535319e-02
3.975829519699e+03,1.121427302208e-02,-1.121427302208e-02,2.242926728947e-02,-2.217632134272e-02,3.364281906623e-02,-3.288825954975e-02,6.326222532166e-08,-2.515198229157e-04,2.104939012515e-01,-8.062025965103e-02,9.778501798669e-02,-5.877846716560e-02
4.068572507186e+03,1.108572171069e-02,-1.108572171069e-02,2.217213996541e-02,-2.192497606365e-02,3.325716513207e-02,-3.251980577699e-02,6.041097618673e-08,-2.457864368456e-04,2.093480486966e-01,-8.022093559706e-02,9.698961023324e-02,-5.834118287215e-02
4.163478882636e+03,1.095864400706e-02,-1.095864400706e-02,2.191796070485e-02,-2.167644649362e-02,3.287593202117e-02,-3.215538075033e-02,5.768823377314e-08,-2.401837430910e-04,2.082080479527e-01,-7.982317222313e-02,9.620033175067e-02,-5.790673987845e-02
4.260599110754e+03,1.083302301893e-02,-1.083302301893e-02,2.166669569411e-02,-2.143070185493e-02,3.249906905680e-02,-3.179494273042e-02,5.508820624201e-08,-2.347087625277e-04,2.070738738047e-01,-7.942696898005e-02,9.541713971699e-02,-5.747512554975e-02
4.359984833420e+03,1.070884204772e-02,-1.070884204772e-02,2.141831150778e-02,-2.118771168831e-02,3.212652614315e-02,-3.143845035513e-02,5.260536279444e-08,-2.293585839403e-04,2.059455010859e-01,-7.903232522524e-02,9.463999154920e-02,-5.704632721313e-02
4.461688897150e+03,1.058608458622e-02,-1.058608458622e-02,2.117277510429e-02,-2.094744585006e-02,3.175825375867e-02,-3.108586263747e-02,5.023442190635e-08,-2.241303624743e-04,2.048229046787e-01,-7.863924022440e-02,9.386884490280e-02,-5.662033215955e-02
4.565765381191e+03,1.046473431650e-02,-1.046473431650e-02,2.093005382143e-02,-2.070987450922e-02,3.139420294949e-02,-3.073713896360e-02,4.797034009358e-08,-2.190213181232e-04,2.037060595159e-01,-7.824771315308e-02,9.310365767141e-02,-5.619712764599e-02
4.672269626284e+03,1.034477510763e-02,-1.034477510763e-02,2.069011537203e-02,-2.047496814469e-02,3.103432532290e-02,-3.039223909074e-02,4.580830118337e-08,-2.140287342507e-04,2.025949405807e-01,-7.785774309834e-02,9.234438798625e-02,-5.577670089749e-02
4.781258264086e+03,1.022619101364e-02,-1.022619101364e-02,2.045292783962e-02,-2.024269754248e-02,3.067857304093e-02,-3.005112314504e-02,4.374370606939e-08,-2.091499561460e-04,2.014895229082e-01,-7.746932906027e-02,9.159099421569e-02,-5.535903910909e-02
4.892789247283e+03,1.010896627132e-02,-1.010896627132e-02,2.021845967414e-02,-2.001303379287e-02,3.032689881397e-02,-2.971375161952e-02,4.177216292845e-08,-2.043823896121e-04,2.003897815857e-01,-7.708246995361e-02,9.084343496480e-02,-5.494412944787e-02
5.006921880407e+03,9.993085298176e-03,-9.993085298176e-03,1.998667968777e-02,-1.978594828764e-02,2.997925589453e-02,-2.938008537187e-02,3.988947787821e-08,-1.997234995864e-04,1.992956917538e-01,-7.669716460922e-02,9.010166907477e-02,-5.453195905482e-02
5.123716851368e+03,9.878532690321e-03,-9.878532690321e-03,1.975755705070e-02,-1.956141271727e-02,2.963559807096e-02,-2.905008562228e-02,3.809164605593e-08,-1.951708087931e-04,1.982072286067e-01,-7.631341177564e-02,8.936565562245e-02,-5.412251504675e-02
5.243236263726e+03,9.765293220458e-03,-9.765293220458e-03,1.953106128706e-02,-1.933939906826e-02,2.929587966137e-02,-2.872371395128e-02,3.637484309929e-08,-1.907218964256e-04,1.971243673934e-01,-7.593121012057e-02,8.863535391981e-02,-5.371578451814e-02
5.365543669712e+03,9.653351835840e-03,-9.653351835840e-03,1.930716227080e-02,-1.911987962030e-02,2.896005550752e-02,-2.840093229752e-02,3.473541701120e-08,-1.863743968593e-04,1.960470834179e-01,-7.555055823233e-02,8.791072351337e-02,-5.331175454297e-02
5.490704104020e+03,9.542693656274e-03,-9.542693656274e-03,1.908583022170e-02,-1.890282694362e-02,2.862808096882e-02,-2.808170295552e-02,3.316988039122e-08,-1.821259983939e-04,1.949753520404e-01,-7.517145462134e-02,8.719172418363e-02,-5.291041217647e-02
5.618784118389e+03,9.433303972140e-03,-9.433303972140e-03,1.886703570137e-02,-1.868821389626e-02,2.829991191642e-02,-2.776598857344e-02,3.167490301715e-08,-1.779744420243e-04,1.939091486775e-01,-7.479389772153e-02,8.647831594457e-02,-5.251174445690e-02
5.749851816991e+03,9.325168242437e-03,-9.325168242437e-03,1.865074960932e-02,-1.847601362139e-02,2.797550472731e-02,-2.745375215081e-02,3.024730476098e-08,-1.739175202390e-04,1.928484488029e-01,-7.441788589178e-02,8.577045904296e-02,-5.211573840724e-02
5.883976892644e+03,9.218272092851e-03,-9.218272092851e-03,1.843694317906e-02,-1.826619954460e-02,2.765481627855e-02,-2.714495703629e-02,2.888404882406e-08,-1.699530758467e-04,1.917932279486e-01,-7.404341741729e-02,8.506811395784e-02,-5.172238103690e-02
6.021230663869e+03,9.112601313842e-03,-9.112601313842e-03,1.822558797427e-02,-1.805874537133e-02,2.733780394153e-02,-2.683956692530e-02,2.758223527722e-08,-1.660790008293e-04,1.907434617048e-01,-7.367049051098e-02,8.437124139989e-02,-5.133165934331e-02
6.161686112812e+03,9.008141858759e-03,-9.008141858759e-03,1.801665588502e-02,-1.785362508413e-02,2.702442557628e-02,-2.653754585779e-02,2.633909489205e-08,-1.622932352204e-04,1.896991257208e-01,-7.329910331480e-02,8.367980231078e-02,-5.094356031360e-02
6.305417924055e+03,8.904879841968e-03,-8.904879841968e-03,1.781011912396e-02,-1.765081294013e-02,2.671463952590e-02,-2.623885821590e-02,2.515198325012e-08,-1.585937660108e-04,1.886601957057e-01,-7.292925390115e-02,8.299375786258e-02,-5.055807092614e-02
6.452502524320e+03,8.802801537010e-03,-8.802801537010e-03,1.760595022266e-02,-1.745028346837e-02,2.640840461103e-02,-2.594346872163e-02,2.401837511780e-08,-1.549786260776e-04,1.876266474288e-01,-7.256094027411e-02,8.231306945706e-02,-5.017517815209e-02
6.603018123116e+03,8.701893374775e-03,-8.701893374775e-03,1.740412202792e-02,-1.725201146728e-02,2.610568012432e-02,-2.565134243449e-02,2.293585907453e-08,-1.514458931384e-04,1.865984567203e-01,-7.219416037080e-02,8.163769872510e-02,-4.979486895694e-02
6.757044754322e+03,8.602141941697e-03,-8.602141941697e-03,1.720460769815e-02,-1.705597200203e-02,2.580642582509e-02,-2.536244474918e-02,2.190213238327e-08,-1.479936887288e-04,1.855755994716e-01,-7.182891206268e-02,8.096760752596e-02,-4.941713030199e-02
6.914664318740e+03,8.503533977974e-03,-8.503533977974e-03,1.700738069977e-02,-1.686214040205e-02,2.551060193392e-02,-2.507674139323e-02,2.091499609206e-08,-1.446201772044e-04,1.845580516363e-01,-7.146519315673e-02,8.030275794665e-02,-4.904194914581e-02
7.075960627651e+03,8.406056375802e-03,-8.406056375802e-03,1.681241480369e-02,-1.667049225847e-02,2.521816912741e-02,-2.479419842465e-02,1.997235035643e-08,-1.413235647638e-04,1.835457892303e-01,-7.110300139679e-02,7.964311230121e-02,-4.866931244565e-02
7.241019447375e+03,8.309696177635e-03,-8.309696177635e-03,1.661968408180e-02,-1.648100342161e-02,2.492908853291e-02,-2.451478222952e-02,1.907218997256e-08,-1.381020984953e-04,1.825387883324e-01,-7.074233446476e-02,7.898863313004e-02,-4.829920715887e-02
7.409928544878e+03,8.214440574462e-03,-8.214440574462e-03,1.642916290351e-02,-1.629364999846e-02,2.464332172339e-02,-2.423845951968e-02,1.821260011180e-08,-1.349540654449e-04,1.815370250848e-01,-7.038318998179e-02,7.833928319918e-02,-4.793162024429e-02
7.582777734439e+03,8.120276904104e-03,-8.120276904104e-03,1.624082593232e-02,-1.610840835023e-02,2.436083071231e-02,-2.396519733032e-02,1.739175224748e-08,-1.318777917051e-04,1.805404756939e-01,-7.002556550951e-02,7.769502549957e-02,-4.756653866353e-02
7.759658925409e+03,8.027192649530e-03,-8.027192649530e-03,1.605464812245e-02,-1.592525508987e-02,2.408157794859e-02,-2.369496301759e-02,1.660790026519e-08,-1.288716415251e-04,1.795491164303e-01,-6.966945855121e-02,7.705582324638e-02,-4.720394938234e-02
7.940666171081e+03,7.935175437195e-03,-7.935175437195e-03,1.587060471549e-02,-1.574416707964e-02,2.380552631159e-02,-2.342772425627e-02,1.585937674846e-08,-1.259340164409e-04,1.785629236294e-01,-6.931486655298e-02,7.642163987824e-02,-4.684383937189e-02
8.125895718699e+03,7.844213035395e-03,-7.844213035395e-03,1.568867123711e-02,-1.556512142865e-02,2.353263910618e-02,-2.316344903732e-02,1.514458943183e-08,-1.230633544256e-04,1.775818736921e-01,-6.896178690489e-02,7.579243905649e-02,-4.648619561001e-02
8.315446060639e+03,7.754293352637e-03,-7.754293352637e-03,1.550882349376e-02,-1.538809549052e-02,2.326288005791e-02,-2.290210566552e-02,1.446201781376e-08,-1.202581290583e-04,1.766059430849e-01,-6.861021694209e-02,7.516818466445e-02,-4.613100508242e-02
8.509417986781e+03,7.665404436040e-03,-7.665404436040e-03,1.533103756950e-02,-1.521306686089e-02,2.299621330812e-02,-2.264366275711e-02,1.381020992220e-08,-1.175168487132e-04,1.756351083405e-01,-6.826015394595e-02,7.454884080668e-02,-4.577825478397e-02
8.707914638098e+03,7.577534469737e-03,-7.577534469737e-03,1.515528982276e-02,-1.504001337515e-02,2.273260340921e-02,-2.238808923737e-02,1.318777922595e-08,-1.148380557656e-04,1.746693460583e-01,-6.791159514516e-02,7.393437180815e-02,-4.542793171980e-02
8.911041561502e+03,7.490671773310e-03,-7.490671773310e-03,1.498155688320e-02,-1.486891310600e-02,2.247201531993e-02,-2.213535433824e-02,1.259340168522e-08,-1.122203258177e-04,1.737086329045e-01,-6.756453771682e-02,7.332474221354e-02,-4.508002290648e-02
9.118906765967e+03,7.404804800236e-03,-7.404804800236e-03,1.480981564861e-02,-1.469974436117e-02,2.221441440071e-02,-2.188542759593e-02,1.202581293513e-08,-1.096622669404e-04,1.727529456128e-01,-6.721897878747e-02,7.271991678640e-02,-4.473451537319e-02
9.331620779960e+03,7.319922136352e-03,-7.319922136352e-03,1.464004328180e-02,-1.453248568107e-02,2.195976640906e-02,-2.163827884856e-02,1.148380559613e-08,-1.071625189339e-04,1.718022609846e-01,-6.687491543422e-02,7.211986050842e-02,-4.439139616277e-02
9.549296710212e+03,7.236012498337e-03,-7.236012498337e-03,1.447221720757e-02,-1.436711583651e-02,2.170803749501e-02,-2.139387823376e-02,1.096622670566e-08,-1.047197526038e-04,1.708565558894e-01,-6.653234468572e-02,7.152453857859e-02,-4.405065233284e-02
9.772050301862e+03,7.153064732214e-03,-7.153064732214e-03,1.430631510972e-02,-1.420361382640e-02,2.145919419664e-02,-2.115219618626e-02,1.047197526556e-08,-1.023326690549e-04,1.699158072652e-01,-6.619126352322e-02,7.093391641241e-02,-4.371227095685e-02
1.000000000000e+04,7.071067811865e-03,-7.071067811865e-03,1.414231492803e-02,-1.404195887548e-02,2.121320343560e-02,-2.091320343560e-02,9.999999900000e-09,-9.999999900000e-05,1.689799921188e-01,-6.585166888157e-02,7.034795964108e-02,-4.337623912511e-02
