u,slab,cylinder,sphere
5.000000000000e-02,7.837314994645e-01,7.847731636009e-01,7.850648301028e-01
5.297648824412e-02,7.835271617271e-01,7.846965366086e-01,7.850239623447e-01
5.595297648824e-02,7.833110117142e-01,7.846154799025e-01,7.849807320632e-01
5.892946473237e-02,7.830830495153e-01,7.845299934893e-01,7.849351392597e-01
6.190595297649e-02,7.828432752355e-01,7.844400773768e-01,7.848871839355e-01
6.488244122061e-02,7.825916889973e-01,7.843457315742e-01,7.848368660923e-01
6.785892946473e-02,7.823282909418e-01,7.842469560918e-01,7.847841857321e-01
7.083541770885e-02,7.820530812312e-01,7.841437509419e-01,7.847291428576e-01
7.381190595298e-02,7.817660600504e-01,7.840361161380e-01,7.846717374710e-01
7.678839419710e-02,7.814672276090e-01,7.839240516960e-01,7.846119695754e-01
7.976488244122e-02,7.811565841436e-01,7.838075576333e-01,7.845498391743e-01
8.274137068534e-02,7.808341299202e-01,7.836866339698e-01,7.844853462712e-01
8.571785892946e-02,7.804998652358e-01,7.835612807275e-01,7.844184908705e-01
8.869434717359e-02,7.801537904218e-01,7.834314979312e-01,7.843492729770e-01
9.167083541771e-02,7.797959058454e-01,7.832972856081e-01,7.842776925957e-01
9.464732366183e-02,7.794262119130e-01,7.831586437886e-01,7.842037497324e-01
9.762381190595e-02,7.790447090725e-01,7.830155725059e-01,7.841274443936e-01
1.006003001501e-01,7.786513978160e-01,7.828680717967e-01,7.840487765861e-01
1.035767883942e-01,7.782462786828e-01,7.827161417011e-01,7.839677463177e-01
1.065532766383e-01,7.778293522621e-01,7.825597822630e-01,7.838843535967e-01
1.095297648824e-01,7.774006191963e-01,7.823989935302e-01,7.837985984323e-01
1.125062531266e-01,7.769600801837e-01,7.822337755547e-01,7.837104808343e-01
1.154827413707e-01,7.765077359821e-01,7.820641283930e-01,7.836200008136e-01
1.184592296148e-01,7.760435874115e-01,7.818900521059e-01,7.835271583817e-01
1.214357178589e-01,7.755676353581e-01,7.817115467596e-01,7.834319535512e-01
1.244122061031e-01,7.750798807773e-01,7.815286124252e-01,7.833343863358e-01
1.273886943472e-01,7.745803246973e-01,7.813412491792e-01,7.832344567499e-01
1.303651825913e-01,7.740689682227e-01,7.811494571039e-01,7.831321648093e-01
1.333416708354e-01,7.735458125383e-01,7.809532362874e-01,7.830275105309e-01
1.363181590795e-01,7.730108589128e-01,7.807525868244e-01,7.829204939326e-01
1.392946473237e-01,7.724641087026e-01,7.805475088157e-01,7.828111150337e-01
1.422711355678e-01,7.719055633558e-01,7.803380023692e-01,7.826993738548e-01
1.452476238119e-01,7.713352244163e-01,7.801240676000e-01,7.825852704178e-01
1.482241120560e-01,7.707530935277e-01,7.799057046305e-01,7.824688047461e-01
1.512006003002e-01,7.701591724379e-01,7.796829135907e-01,7.823499768645e-01
1.541770885443e-01,7.695534630030e-01,7.794556946191e-01,7.822287867993e-01
1.571535767884e-01,7.689359671917e-01,7.792240478623e-01,7.821052345786e-01
1.601300650325e-01,7.683066870900e-01,7.789879734757e-01,7.819793202320e-01
1.631065532766e-01,7.676656249055e-01,7.787474716239e-01,7.818510437908e-01
1.660830415208e-01,7.670127829722e-01,7.785025424807e-01,7.817204052883e-01
1.690595297649e-01,7.663481637551e-01,7.782531862299e-01,7.815874047595e-01
1.720360180090e-01,7.656717698549e-01,7.779994030653e-01,7.814520422414e-01
1.750125062531e-01,7.649836040131e-01,7.777411931913e-01,7.813143177729e-01
1.779889944972e-01,7.642836691167e-01,7.774785568231e-01,7.811742313952e-01
1.809654827414e-01,7.635719682035e-01,7.772114941873e-01,7.810317831514e-01
1.839419709855e-01,7.628485044667e-01,7.769400055219e-01,7.808869730869e-01
1.869184592296e-01,7.621132812609e-01,7.766640910773e-01,7.807398012495e-01
1.898949474737e-01,7.613663021066e-01,7.763837511159e-01,7.805902676894e-01
1.928714357179e-01,7.606075706960e-01,7.760989859132e-01,7.804383724589e-01
1.958479239620e-01,7.598370908982e-01,7.758097957581e-01,7.802841156133e-01
1.988244122061e-01,7.590548667648e-01,7.755161809527e-01,7.801274972102e-01
2.018009004502e-01,7.582609025356e-01,7.752181418137e-01,7.799685173100e-01
2.047773886943e-01,7.574552026440e-01,7.749156786719e-01,7.798071759759e-01
2.077538769385e-01,7.566377717229e-01,7.746087918734e-01,7.796434732738e-01
2.107303651826e-01,7.558086146106e-01,7.742974817794e-01,7.794774092728e-01
2.137068534267e-01,7.549677363564e-01,7.739817487673e-01,7.793089840447e-01
2.166833416708e-01,7.541151422268e-01,7.736615932304e-01,7.791381976647e-01
2.196598299150e-01,7.532508377116e-01,7.733370155791e-01,7.789650502111e-01
2.226363181591e-01,7.523748285297e-01,7.730080162408e-01,7.787895417654e-01
2.256128064032e-01,7.514871206356e-01,7.726745956608e-01,7.786116724127e-01
2.285892946473e-01,7.505877202253e-01,7.723367543026e-01,7.784314422413e-01
2.315657828914e-01,7.496766337430e-01,7.719944926480e-01,7.782488513433e-01
2.345422711356e-01,7.487538678872e-01,7.716478111986e-01,7.780638998144e-01
2.375187593797e-01,7.478194296175e-01,7.712967104750e-01,7.778765877540e-01
2.404952476238e-01,7.468733261605e-01,7.709411910185e-01,7.776869152653e-01
2.434717358679e-01,7.459155650172e-01,7.705812533909e-01,7.774948824556e-01
2.464482241121e-01,7.449461539688e-01,7.702168981751e-01,7.773004894363e-01
2.494247123562e-01,7.439651010843e-01,7.698481259759e-01,7.771037363227e-01
2.524012006003e-01,7.429724147264e-01,7.694749374203e-01,7.769046232346e-01
2.553776888444e-01,7.419681035590e-01,7.690973331580e-01,7.767031502961e-01
2.583541770885e-01,7.409521765539e-01,7.687153138621e-01,7.764993176356e-01
2.613306653327e-01,7.399246429975e-01,7.683288802298e-01,7.762931253862e-01
2.643071535768e-01,7.388855124984e-01,7.679380329824e-01,7.760845736859e-01
2.672836418209e-01,7.378347949937e-01,7.675427728664e-01,7.758736626770e-01
2.702601300650e-01,7.367725007569e-01,7.671431006538e-01,7.756603925070e-01
2.732366183092e-01,7.356986404044e-01,7.667390171429e-01,7.754447633285e-01
2.762131065533e-01,7.346132249032e-01,7.663305231584e-01,7.752267752989e-01
2.791895947974e-01,7.335162655782e-01,7.659176195527e-01,7.750064285811e-01
2.821660830415e-01,7.324077741190e-01,7.655003072058e-01,7.747837233432e-01
2.851425712856e-01,7.312877625879e-01,7.650785870264e-01,7.745586597588e-01
2.881190595298e-01,7.301562434268e-01,7.646524599522e-01,7.743312380071e-01
2.910955477739e-01,7.290132294653e-01,7.642219269505e-01,7.741014582730e-01
2.940720360180e-01,7.278587339274e-01,7.637869890190e-01,7.738693207470e-01
2.970485242621e-01,7.266927704396e-01,7.633476471866e-01,7.736348256258e-01
3.000250125063e-01,7.255153530385e-01,7.629039025134e-01,7.733979731122e-01
3.030015007504e-01,7.243264961780e-01,7.624557560919e-01,7.731587634148e-01
3.059779889945e-01,7.231262147373e-01,7.620032090473e-01,7.729171967488e-01
3.089544772386e-01,7.219145240286e-01,7.615462625384e-01,7.726732733357e-01
3.119309654827e-01,7.206914398044e-01,7.610849177582e-01,7.724269934038e-01
3.149074537269e-01,7.194569782658e-01,7.606191759342e-01,7.721783571876e-01
3.178839419710e-01,7.182111560699e-01,7.601490383297e-01,7.719273649288e-01
3.208604302151e-01,7.169539903375e-01,7.596745062438e-01,7.716740168760e-01
3.238369184592e-01,7.156854986612e-01,7.591955810125e-01,7.714183132846e-01
3.268134067034e-01,7.144056991132e-01,7.587122640094e-01,7.711602544174e-01
3.297898949475e-01,7.131146102528e-01,7.582245566461e-01,7.708998405445e-01
3.327663831916e-01,7.118122511346e-01,7.577324603729e-01,7.706370719435e-01
3.357428714357e-01,7.104986413162e-01,7.572359766799e-01,7.703719488996e-01
3.387193596798e-01,7.091738008660e-01,7.567351070972e-01,7.701044717055e-01
3.416958479240e-01,7.078377503713e-01,7.562298531960e-01,7.698346406621e-01
3.446723361681e-01,7.064905109458e-01,7.557202165889e-01,7.695624560782e-01
3.476488244122e-01,7.051321042380e-01,7.552061989310e-01,7.692879182706e-01
3.506253126563e-01,7.037625524386e-01,7.546878019205e-01,7.690110275646e-01
3.536018009005e-01,7.023818782885e-01,7.541650272994e-01,7.687317842939e-01
3.565782891446e-01,7.009901050867e-01,7.536378768540e-01,7.684501888006e-01
3.595547773887e-01,6.995872566981e-01,7.531063524160e-01,7.681662414356e-01
3.625312656328e-01,6.981733575613e-01,7.525704558631e-01,7.678799425589e-01
3.655077538769e-01,6.967484326965e-01,7.520301891198e-01,7.675912925393e-01
3.684842421211e-01,6.953125077132e-01,7.514855541580e-01,7.673002917547e-01
3.714607303652e-01,6.938656088179e-01,7.509365529977e-01,7.670069405924e-01
3.744372186093e-01,6.924077628220e-01,7.503831877082e-01,7.667112394492e-01
3.774137068534e-01,6.909389971492e-01,7.498254604082e-01,7.664131887315e-01
3.803901950975e-01,6.894593398435e-01,7.492633732673e-01,7.661127888555e-01
3.833666833417e-01,6.879688195767e-01,7.486969285061e-01,7.658100402471e-01
3.863431715858e-01,6.864674656557e-01,7.481261283975e-01,7.655049433426e-01
3.893196598299e-01,6.849553080306e-01,7.475509752669e-01,7.651974985883e-01
3.922961480740e-01,6.834323773014e-01,7.469714714938e-01,7.648877064410e-01
3.952726363182e-01,6.818987047264e-01,7.463876195119e-01,7.645755673679e-01
3.982491245623e-01,6.803543222286e-01,7.457994218100e-01,7.642610818471e-01
4.012256128064e-01,6.787992624037e-01,7.452068809331e-01,7.639442503674e-01
4.042021010505e-01,6.772335585271e-01,7.446099994830e-01,7.636250734287e-01
4.071785892946e-01,6.756572445609e-01,7.440087801191e-01,7.633035515421e-01
4.101550775388e-01,6.740703551614e-01,7.434032255593e-01,7.629796852301e-01
4.131315657829e-01,6.724729256857e-01,7.427933385806e-01,7.626534750265e-01
4.161080540270e-01,6.708649921991e-01,7.421791220202e-01,7.623249214769e-01
4.190845422711e-01,6.692465914814e-01,7.415605787762e-01,7.619940251389e-01
4.220610305153e-01,6.676177610342e-01,7.409377118083e-01,7.616607865820e-01
4.250375187594e-01,6.659785390875e-01,7.403105241388e-01,7.613252063877e-01
4.280140070035e-01,6.643289646059e-01,7.396790188535e-01,7.609872851502e-01
4.309904952476e-01,6.626690772955e-01,7.390431991023e-01,7.606470234758e-01
4.339669834917e-01,6.609989176101e-01,7.384030681001e-01,7.603044219840e-01
4.369434717359e-01,6.593185267574e-01,7.377586291278e-01,7.599594813066e-01
4.399199599800e-01,6.576279467055e-01,7.371098855330e-01,7.596122020890e-01
4.428964482241e-01,6.559272201885e-01,7.364568407308e-01,7.592625849895e-01
4.458729364682e-01,6.542163907127e-01,7.357994982049e-01,7.589106306797e-01
4.488494247124e-01,6.524955025623e-01,7.351378615082e-01,7.585563398450e-01
4.518259129565e-01,6.507646008051e-01,7.344719342638e-01,7.581997131844e-01
4.548024012006e-01,6.490237312980e-01,7.338017201656e-01,7.578407514110e-01
4.577788894447e-01,6.472729406923e-01,7.331272229796e-01,7.574794552517e-01
4.607553776888e-01,6.455122764393e-01,7.324484465445e-01,7.571158254480e-01
4.637318659330e-01,6.437417867948e-01,7.317653947726e-01,7.567498627557e-01
4.667083541771e-01,6.419615208247e-01,7.310780716505e-01,7.563815679452e-01
4.696848424212e-01,6.401715284093e-01,7.303864812404e-01,7.560109418019e-01
4.726613306653e-01,6.383718602482e-01,7.296906276804e-01,7.556379851260e-01
4.756378189095e-01,6.365625678646e-01,7.289905151860e-01,7.552626987330e-01
4.786143071536e-01,6.347437036096e-01,7.282861480504e-01,7.548850834540e-01
4.815907953977e-01,6.329153206666e-01,7.275775306459e-01,7.545051401352e-01
4.845672836418e-01,6.310774730550e-01,7.268646674243e-01,7.541228696390e-01
4.875437718859e-01,6.292302156337e-01,7.261475629180e-01,7.537382728436e-01
4.905202601301e-01,6.273736041054e-01,7.254262217411e-01,7.533513506432e-01
4.934967483742e-01,6.255076950191e-01,7.247006485898e-01,7.529621039484e-01
4.964732366183e-01,6.236325457741e-01,7.239708482438e-01,7.525705336866e-01
4.994497248624e-01,6.217482146225e-01,7.232368255667e-01,7.521766408014e-01
5.024262131066e-01,6.198547606721e-01,7.224985855073e-01,7.517804262538e-01
5.054027013507e-01,6.179522438890e-01,7.217561331003e-01,7.513818910216e-01
5.083791895948e-01,6.160407250998e-01,7.210094734670e-01,7.509810360999e-01
5.113556778389e-01,6.141202659943e-01,7.202586118167e-01,7.505778625015e-01
5.143321660830e-01,6.121909291266e-01,7.195035534470e-01,7.501723712566e-01
5.173086543272e-01,6.102527779175e-01,7.187443037451e-01,7.497645634135e-01
5.202851425713e-01,6.083058766556e-01,7.179808681886e-01,7.493544400385e-01
5.232616308154e-01,6.063502904989e-01,7.172132523461e-01,7.489420022163e-01
5.262381190595e-01,6.043860854752e-01,7.164414618787e-01,7.485272510498e-01
5.292146073037e-01,6.024133284836e-01,7.156655025402e-01,7.481101876608e-01
5.321910955478e-01,6.004320872945e-01,7.148853801785e-01,7.476908131899e-01
5.351675837919e-01,5.984424305502e-01,7.141011007361e-01,7.472691287969e-01
5.381440720360e-01,5.964444277648e-01,7.133126702515e-01,7.468451356607e-01
5.411205602801e-01,5.944381493239e-01,7.125200948593e-01,7.464188349798e-01
5.440970485243e-01,5.924236664842e-01,7.117233807921e-01,7.459902279723e-01
5.470735367684e-01,5.904010513730e-01,7.109225343804e-01,7.455593158763e-01
5.500500250125e-01,5.883703769869e-01,7.101175620541e-01,7.451260999500e-01
5.530265132566e-01,5.863317171907e-01,7.093084703431e-01,7.446905814719e-01
5.560030015008e-01,5.842851467156e-01,7.084952658783e-01,7.442527617408e-01
5.589794897449e-01,5.822307411580e-01,7.076779553926e-01,7.438126420765e-01
5.619559779890e-01,5.801685769767e-01,7.068565457214e-01,7.433702238196e-01
5.649324662331e-01,5.780987314912e-01,7.060310438039e-01,7.429255083318e-01
5.679089544772e-01,5.760212828787e-01,7.052014566834e-01,7.424784969962e-01
5.708854427214e-01,5.739363101711e-01,7.043677915091e-01,7.420291912175e-01
5.738619309655e-01,5.718438932522e-01,7.035300555358e-01,7.415775924221e-01
5.768384192096e-01,5.697441128540e-01,7.026882561258e-01,7.411237020582e-01
5.798149074537e-01,5.676370505529e-01,7.018424007490e-01,7.406675215966e-01
5.827913956978e-01,5.655227887659e-01,7.009924969844e-01,7.402090525301e-01
5.857678839420e-01,5.634014107457e-01,7.001385525202e-01,7.397482963743e-01
5.887443721861e-01,5.612730005769e-01,6.992805751554e-01,7.392852546675e-01
5.917208604302e-01,5.591376431703e-01,6.984185728003e-01,7.388199289712e-01
5.946973486743e-01,5.569954242582e-01,6.975525534771e-01,7.383523208700e-01
5.976738369185e-01,5.548464303885e-01,6.966825253212e-01,7.378824319720e-01
6.006503251626e-01,5.526907489192e-01,6.958084965817e-01,7.374102639090e-01
6.036268134067e-01,5.505284680123e-01,6.949304756226e-01,7.369358183367e-01
6.066033016508e-01,5.483596766270e-01,6.940484709229e-01,7.364590969348e-01
6.095797898949e-01,5.461844645135e-01,6.931624910784e-01,7.359801014075e-01
6.125562781391e-01,5.440029222057e-01,6.922725448016e-01,7.354988334833e-01
6.155327663832e-01,5.418151410140e-01,6.913786409231e-01,7.350152949156e-01
6.185092546273e-01,5.396212130176e-01,6.904807883922e-01,7.345294874827e-01
6.214857428714e-01,5.374212310568e-01,6.895789962776e-01,7.340414129883e-01
6.244622311156e-01,5.352152887245e-01,6.886732737685e-01,7.335510732611e-01
6.274387193597e-01,5.330034803581e-01,6.877636301749e-01,7.330584701558e-01
6.304152076038e-01,5.307859010305e-01,6.868500749288e-01,7.325636055528e-01
6.333916958479e-01,5.285626465410e-01,6.859326175849e-01,7.320664813584e-01
6.363681840920e-01,5.263338134059e-01,6.850112678212e-01,7.315670995053e-01
6.393446723362e-01,5.240994988489e-01,6.840860354398e-01,7.310654619528e-01
6.423211605803e-01,5.218598007913e-01,6.831569303678e-01,7.305615706868e-01
6.452976488244e-01,5.196148178415e-01,6.822239626579e-01,7.300554277201e-01
6.482741370685e-01,5.173646492846e-01,6.812871424891e-01,7.295470350926e-01
6.512506253127e-01,5.151093950714e-01,6.803464801677e-01,7.290363948718e-01
6.542271135568e-01,5.128491558076e-01,6.794019861276e-01,7.285235091525e-01
6.572036018009e-01,5.105840327423e-01,6.784536709314e-01,7.280083800574e-01
6.601800900450e-01,5.083141277562e-01,6.775015452709e-01,7.274910097374e-01
6.631565782891e-01,5.060395433498e-01,6.765456199678e-01,7.269714003714e-01
6.661330665333e-01,5.037603826312e-01,6.755859059745e-01,7.264495541669e-01
6.691095547774e-01,5.014767493035e-01,6.746224143745e-01,7.259254733600e-01
6.720860430215e-01,4.991887476523e-01,6.736551563837e-01,7.253991602158e-01
6.750625312656e-01,4.968964825324e-01,6.726841433501e-01,7.248706170283e-01
6.780390195098e-01,4.946000593548e-01,6.717093867554e-01,7.243398461213e-01
6.810155077539e-01,4.922995840731e-01,6.707308982150e-01,7.238068498476e-01
6.839919959980e-01,4.899951631695e-01,6.697486894789e-01,7.232716305901e-01
6.869684842421e-01,4.876869036412e-01,6.687627724322e-01,7.227341907618e-01
6.899449724862e-01,4.853749129861e-01,6.677731590961e-01,7.221945328055e-01
6.929214607304e-01,4.830592991878e-01,6.667798616277e-01,7.216526591949e-01
6.958979489745e-01,4.807401707016e-01,6.657828923213e-01,7.211085724340e-01
6.988744372186e-01,4.784176364390e-01,6.647822636090e-01,7.205622750578e-01
7.018509254627e-01,4.760918057528e-01,6.637779880604e-01,7.200137696326e-01
7.048274137069e-01,4.737627884218e-01,6.627700783844e-01,7.194630587557e-01
7.078039019510e-01,4.714306946349e-01,6.617585474286e-01,7.189101450559e-01
7.107803901951e-01,4.690956349756e-01,6.607434081806e-01,7.183550311941e-01
7.137568784392e-01,4.667577204058e-01,6.597246737683e-01,7.177977198629e-01
7.167333666833e-01,4.644170622499e-01,6.587023574601e-01,7.172382137871e-01
7.197098549275e-01,4.620737721781e-01,6.576764726659e-01,7.166765157239e-01
7.226863431716e-01,4.597279621898e-01,6.566470329372e-01,7.161126284631e-01
7.256628314157e-01,4.573797445975e-01,6.556140519676e-01,7.155465548274e-01
7.286393196598e-01,4.550292320090e-01,6.545775435936e-01,7.149782976726e-01
7.316158079040e-01,4.526765373111e-01,6.535375217947e-01,7.144078598875e-01
7.345922961481e-01,4.503217736519e-01,6.524940006937e-01,7.138352443945e-01
7.375687843922e-01,4.479650544239e-01,6.514469945576e-01,7.132604541499e-01
7.405452726363e-01,4.456064932458e-01,6.503965177976e-01,7.126834921436e-01
7.435217608804e-01,4.432462039458e-01,6.493425849696e-01,7.121043613997e-01
7.464982491246e-01,4.408843005431e-01,6.482852107747e-01,7.115230649767e-01
7.494747373687e-01,4.385208972301e-01,6.472244100592e-01,7.109396059675e-01
7.524512256128e-01,4.361561083550e-01,6.461601978155e-01,7.103539874998e-01
7.554277138569e-01,4.337900484029e-01,6.450925891818e-01,7.097662127365e-01
7.584042021011e-01,4.314228319783e-01,6.440215994428e-01,7.091762848752e-01
7.613806903452e-01,4.290545737864e-01,6.429472440300e-01,7.085842071492e-01
7.643571785893e-01,4.266853886149e-01,6.418695385217e-01,7.079899828273e-01
7.673336668334e-01,4.243153913155e-01,6.407884986437e-01,7.073936152142e-01
7.703101550775e-01,4.219446967857e-01,6.397041402690e-01,7.067951076503e-01
7.732866433217e-01,4.195734199497e-01,6.386164794185e-01,7.061944635125e-01
7.762631315658e-01,4.172016757403e-01,6.375255322609e-01,7.055916862139e-01
7.792396198099e-01,4.148295790800e-01,6.364313151131e-01,7.049867792045e-01
7.822161080540e-01,4.124572448626e-01,6.353338444404e-01,7.043797459708e-01
7.851925962981e-01,4.100847879340e-01,6.342331368563e-01,7.037705900364e-01
7.881690845423e-01,4.077123230740e-01,6.331292091232e-01,7.031593149622e-01
7.911455727864e-01,4.053399649774e-01,6.320220781519e-01,7.025459243465e-01
7.941220610305e-01,4.029678282352e-01,6.309117610024e-01,7.019304218251e-01
7.970985492746e-01,4.005960273158e-01,6.297982748834e-01,7.013128110719e-01
8.000750375188e-01,3.982246765466e-01,6.286816371527e-01,7.006930957984e-01
8.030515257629e-01,3.958538900952e-01,6.275618653171e-01,7.000712797547e-01
8.060280140070e-01,3.934837819506e-01,6.264389770324e-01,6.994473667291e-01
8.090045022511e-01,3.911144659048e-01,6.253129901038e-01,6.988213605485e-01
8.119809904952e-01,3.887460555340e-01,6.241839224854e-01,6.981932650786e-01
8.149574787394e-01,3.863786641805e-01,6.230517922803e-01,6.975630842242e-01
8.179339669835e-01,3.840124049338e-01,6.219166177408e-01,6.969308219291e-01
8.209104552276e-01,3.816473906127e-01,6.207784172683e-01,6.962964821765e-01
8.238869434717e-01,3.792837337464e-01,6.196372094127e-01,6.956600689893e-01
8.268634317159e-01,3.769215465571e-01,6.184930128732e-01,6.950215864300e-01
8.298399199600e-01,3.745609409412e-01,6.173458464973e-01,6.943810386010e-01
8.328164082041e-01,3.722020284515e-01,6.161957292812e-01,6.937384296449e-01
8.357928964482e-01,3.698449202798e-01,6.150426803695e-01,6.930937637445e-01
8.387693846923e-01,3.674897272382e-01,6.138867190551e-01,6.924470451231e-01
8.417458729365e-01,3.651365597422e-01,6.127278647787e-01,6.917982780446e-01
8.447223611806e-01,3.627855277931e-01,6.115661371289e-01,6.911474668138e-01
8.476988494247e-01,3.604367409600e-01,6.104015558418e-01,6.904946157766e-01
8.506753376688e-01,3.580903083636e-01,6.092341408009e-01,6.898397293197e-01
8.536518259130e-01,3.557463386581e-01,6.080639120367e-01,6.891828118715e-01
8.566283141571e-01,3.534049400151e-01,6.068908897262e-01,6.885238679018e-01
8.596048024012e-01,3.510662201061e-01,6.057150941929e-01,6.878629019222e-01
8.625812906453e-01,3.487302860866e-01,6.045365459064e-01,6.871999184858e-01
8.655577788894e-01,3.463972445795e-01,6.033552654818e-01,6.865349221882e-01
8.685342671336e-01,3.440672016585e-01,6.021712736796e-01,6.858679176667e-01
8.715107553777e-01,3.417402628325e-01,6.009845914050e-01,6.851989096015e-01
8.744872436218e-01,3.394165330299e-01,5.997952397078e-01,6.845279027147e-01
8.774637318659e-01,3.370961165825e-01,5.986032397816e-01,6.838549017716e-01
8.804402201101e-01,3.347791172103e-01,5.974086129636e-01,6.831799115799e-01
8.834167083542e-01,3.324656380066e-01,5.962113807340e-01,6.825029369907e-01
8.863931965983e-01,3.301557814227e-01,5.950115647152e-01,6.818239828978e-01
8.893696848424e-01,3.278496492531e-01,5.938091866719e-01,6.811430542385e-01
8.923461730865e-01,3.255473426212e-01,5.926042685098e-01,6.804601559937e-01
8.953226613307e-01,3.232489619651e-01,5.913968322757e-01,6.797752931875e-01
8.982991495748e-01,3.209546070233e-01,5.901869001562e-01,6.790884708880e-01
9.012756378189e-01,3.186643768210e-01,5.889744944777e-01,6.783996942071e-01
9.042521260630e-01,3.163783696566e-01,5.877596377053e-01,6.777089683007e-01
9.072286143072e-01,3.140966830884e-01,5.865423524423e-01,6.770162983687e-01
9.102051025513e-01,3.118194139216e-01,5.853226614294e-01,6.763216896556e-01
9.131815907954e-01,3.095466581954e-01,5.841005875443e-01,6.756251474501e-01
9.161580790395e-01,3.072785111709e-01,5.828761538004e-01,6.749266770853e-01
9.191345672836e-01,3.050150673181e-01,5.816493833465e-01,6.742262839394e-01
9.221110555278e-01,3.027564203048e-01,5.804202994658e-01,6.735239734350e-01
9.250875437719e-01,3.005026629843e-01,5.791889255751e-01,6.728197510398e-01
9.280640320160e-01,2.982538873842e-01,5.779552852240e-01,6.721136222666e-01
9.310405202601e-01,2.960101846954e-01,5.767194020939e-01,6.714055926733e-01
9.340170085043e-01,2.937716452611e-01,5.754812999974e-01,6.706956678630e-01
9.369934967484e-01,2.915383585661e-01,5.742410028772e-01,6.699838534843e-01
9.399699849925e-01,2.893104132270e-01,5.729985348050e-01,6.692701552314e-01
9.429464732366e-01,2.870878969817e-01,5.717539199810e-01,6.685545788439e-01
9.459229614807e-01,2.848708966799e-01,5.705071827325e-01,6.678371301074e-01
9.488994497249e-01,2.826594982740e-01,5.692583475130e-01,6.671178148531e-01
9.518759379690e-01,2.804537868094e-01,5.680074389014e-01,6.663966389582e-01
9.548524262131e-01,2.782538464162e-01,5.667544816007e-01,6.656736083460e-01
9.578289144572e-01,2.760597603006e-01,5.654995004370e-01,6.649487289858e-01
9.608054027014e-01,2.738716107365e-01,5.642425203584e-01,6.642220068933e-01
9.637818909455e-01,2.716894790576e-01,5.629835664342e-01,6.634934481304e-01
9.667583791896e-01,2.695134456500e-01,5.617226638530e-01,6.627630588055e-01
9.697348674337e-01,2.673435899447e-01,5.604598379225e-01,6.620308450733e-01
9.727113556778e-01,2.651799904108e-01,5.591951140674e-01,6.612968131351e-01
9.756878439220e-01,2.630227245484e-01,5.579285178290e-01,6.605609692392e-01
9.786643321661e-01,2.608718688825e-01,5.566600748635e-01,6.598233196801e-01
9.816408204102e-01,2.587274989570e-01,5.553898109408e-01,6.590838707995e-01
9.846173086543e-01,2.565896893284e-01,5.541177519433e-01,6.583426289857e-01
9.875937968984e-01,2.544585135607e-01,5.528439238646e-01,6.575996006741e-01
9.905702851426e-01,2.523340442200e-01,5.515683528083e-01,6.568547923471e-01
9.935467733867e-01,2.502163528696e-01,5.502910649865e-01,6.561082105341e-01
9.965232616308e-01,2.481055100654e-01,5.490120867184e-01,6.553598618115e-01
9.994997498749e-01,2.460015853515e-01,5.477314444291e-01,6.546097528031e-01
1.002476238119e+00,2.439046472563e-01,5.464491646483e-01,6.538578901797e-01
1.005452726363e+00,2.418147632885e-01,5.451652740083e-01,6.531042806597e-01
1.008429214607e+00,2.397319999338e-01,5.438797992432e-01,6.523489310084e-01
1.011405702851e+00,2.376564226518e-01,5.425927671873e-01,6.515918480387e-01
1.014382191096e+00,2.355880958728e-01,5.413042047733e-01,6.508330386108e-01
1.017358679340e+00,2.335270829955e-01,5.400141390310e-01,6.500725096325e-01
1.020335167584e+00,2.314734463847e-01,5.387225970861e-01,6.493102680589e-01
1.023311655828e+00,2.294272473687e-01,5.374296061579e-01,6.485463208926e-01
1.026288144072e+00,2.273885462382e-01,5.361351935586e-01,6.477806751837e-01
1.029264632316e+00,2.253574022446e-01,5.348393866908e-01,6.470133380299e-01
1.032241120560e+00,2.233338735985e-01,5.335422130469e-01,6.462443165764e-01
1.035217608804e+00,2.213180174689e-01,5.322437002066e-01,6.454736180160e-01
1.038194097049e+00,2.193098899827e-01,5.309438758358e-01,6.447012495891e-01
1.041170585293e+00,2.173095462239e-01,5.296427676846e-01,6.439272185835e-01
1.044147073537e+00,2.153170402338e-01,5.283404035860e-01,6.431515323349e-01
1.047123561781e+00,2.133324250106e-01,5.270368114538e-01,6.423741982264e-01
1.050100050025e+00,2.113557525104e-01,5.257320192812e-01,6.415952236886e-01
1.053076538269e+00,2.093870736470e-01,5.244260551387e-01,6.408146161998e-01
1.056053026513e+00,2.074264382933e-01,5.231189471728e-01,6.400323832858e-01
1.059029514757e+00,2.054738952823e-01,5.218107236040e-01,6.392485325200e-01
1.062006003002e+00,2.035294924080e-01,5.205014127247e-01,6.384630715233e-01
1.064982491246e+00,2.015932764274e-01,5.191910428982e-01,6.376760079642e-01
1.067958979490e+00,1.996652930622e-01,5.178796425560e-01,6.368873495584e-01
1.070935467734e+00,1.977455870004e-01,5.165672401964e-01,6.360971040694e-01
1.073911955978e+00,1.958342018990e-01,5.152538643828e-01,6.353052793078e-01
1.076888444222e+00,1.939311803863e-01,5.139395437415e-01,6.345118831318e-01
1.079864932466e+00,1.920365640643e-01,5.126243069599e-01,6.337169234469e-01
1.082841420710e+00,1.901503935120e-01,5.113081827846e-01,6.329204082057e-01
1.085817908954e+00,1.882727082880e-01,5.099912000196e-01,6.321223454083e-01
1.088794397199e+00,1.864035469343e-01,5.086733875243e-01,6.313227431018e-01
1.091770885443e+00,1.845429469794e-01,5.073547742116e-01,6.305216093805e-01
1.094747373687e+00,1.826909449419e-01,5.060353890456e-01,6.297189523857e-01
1.097723861931e+00,1.808475763349e-01,5.047152610403e-01,6.289147803058e-01
1.100700350175e+00,1.790128756692e-01,5.033944192569e-01,6.281091013761e-01
1.103676838419e+00,1.771868764586e-01,5.020728928022e-01,6.273019238786e-01
1.106653326663e+00,1.753696112232e-01,5.007507108266e-01,6.264932561422e-01
1.109629814907e+00,1.735611114949e-01,4.994279025219e-01,6.256831065426e-01
1.112606303152e+00,1.717614078216e-01,4.981044971195e-01,6.248714835019e-01
1.115582791396e+00,1.699705297723e-01,4.967805238878e-01,6.240583954888e-01
1.118559279640e+00,1.681885059422e-01,4.954560121310e-01,6.232438510185e-01
1.121535767884e+00,1.664153639580e-01,4.941309911862e-01,6.224278586523e-01
1.124512256128e+00,1.646511304831e-01,4.928054904220e-01,6.216104269980e-01
1.127488744372e+00,1.628958312233e-01,4.914795392357e-01,6.207915647093e-01
1.130465232616e+00,1.611494909324e-01,4.901531670518e-01,6.199712804860e-01
1.133441720860e+00,1.594121334180e-01,4.888264033197e-01,6.191495830736e-01
1.136418209105e+00,1.576837815478e-01,4.874992775115e-01,6.183264812637e-01
1.139394697349e+00,1.559644572552e-01,4.861718191199e-01,6.175019838931e-01
1.142371185593e+00,1.542541815456e-01,4.848440576560e-01,6.166760998446e-01
1.145347673837e+00,1.525529745032e-01,4.835160226473e-01,6.158488380460e-01
1.148324162081e+00,1.508608552969e-01,4.821877436355e-01,6.150202074704e-01
1.151300650325e+00,1.491778421873e-01,4.808592501742e-01,6.141902171362e-01
1.154277138569e+00,1.475039525329e-01,4.795305718268e-01,6.133588761064e-01
1.157253626813e+00,1.458392027976e-01,4.782017381647e-01,6.125261934891e-01
1.160230115058e+00,1.441836085569e-01,4.768727787642e-01,6.116921784369e-01
1.163206603302e+00,1.425371845053e-01,4.755437232055e-01,6.108568401469e-01
1.166183091546e+00,1.408999444634e-01,4.742146010693e-01,6.100201878605e-01
1.169159579790e+00,1.392719013847e-01,4.728854419357e-01,6.091822308634e-01
1.172136068034e+00,1.376530673633e-01,4.715562753813e-01,6.083429784851e-01
1.175112556278e+00,1.360434536411e-01,4.702271309769e-01,6.075024400989e-01
1.178089044522e+00,1.344430706152e-01,4.688980382861e-01,6.066606251219e-01
1.181065532766e+00,1.328519278454e-01,4.675690268620e-01,6.058175430143e-01
1.184042021011e+00,1.312700340617e-01,4.662401262461e-01,6.049732032800e-01
1.187018509255e+00,1.296973971723e-01,4.649113659650e-01,6.041276154655e-01
1.189994997499e+00,1.281340242708e-01,4.635827755290e-01,6.032807891604e-01
1.192971485743e+00,1.265799216443e-01,4.622543844295e-01,6.024327339969e-01
1.195947973987e+00,1.250350947812e-01,4.609262221368e-01,6.015834596496e-01
1.198924462231e+00,1.234995483790e-01,4.595983180980e-01,6.007329758353e-01
1.201900950475e+00,1.219732863523e-01,4.582707017345e-01,5.998812923130e-01
1.204877438719e+00,1.204563118407e-01,4.569434024403e-01,5.990284188832e-01
1.207853926963e+00,1.189486272169e-01,4.556164495791e-01,5.981743653882e-01
1.210830415208e+00,1.174502340945e-01,4.542898724825e-01,5.973191417114e-01
1.213806903452e+00,1.159611333367e-01,4.529637004479e-01,5.964627577775e-01
1.216783391696e+00,1.144813250639e-01,4.516379627357e-01,5.956052235519e-01
1.219759879940e+00,1.130108086618e-01,4.503126885679e-01,5.947465490407e-01
1.222736368184e+00,1.115495827900e-01,4.489879071249e-01,5.938867442904e-01
1.225712856428e+00,1.100976453902e-01,4.476636475442e-01,5.930258193874e-01
1.228689344672e+00,1.086549936939e-01,4.463399389177e-01,5.921637844582e-01
1.231665832916e+00,1.072216242311e-01,4.450168102895e-01,5.913006496687e-01
1.234642321161e+00,1.057975328387e-01,4.436942906539e-01,5.904364252243e-01
1.237618809405e+00,1.043827146684e-01,4.423724089529e-01,5.895711213692e-01
1.240595297649e+00,1.029771641950e-01,4.410511940745e-01,5.887047483867e-01
1.243571785893e+00,1.015808752253e-01,4.397306748500e-01,5.878373165983e-01
1.246548274137e+00,1.001938409054e-01,4.384108800519e-01,5.869688363639e-01
1.249524762381e+00,9.881605373001e-02,4.370918383921e-01,5.860993180812e-01
1.252501250625e+00,9.744750555016e-02,4.357735785194e-01,5.852287721856e-01
1.255477738869e+00,9.608818758165e-02,4.344561290172e-01,5.843572091498e-01
1.258454227114e+00,9.473809041341e-02,4.331395184018e-01,5.834846394837e-01
1.261430715358e+00,9.339720401572e-02,4.318237751199e-01,5.826110737336e-01
1.264407203602e+00,9.206551774855e-02,4.305089275465e-01,5.817365224825e-01
1.267383691846e+00,9.074302036977e-02,4.291950039830e-01,5.808609963494e-01
1.270360180090e+00,8.942970004348e-02,4.278820326548e-01,5.799845059890e-01
1.273336668334e+00,8.812554434820e-02,4.265700417092e-01,5.791070620916e-01
1.276313156578e+00,8.683054028512e-02,4.252590592135e-01,5.782286753826e-01
1.279289644822e+00,8.554467428628e-02,4.239491131527e-01,5.773493566221e-01
1.282266133067e+00,8.426793222279e-02,4.226402314278e-01,5.764691166048e-01
1.285242621311e+00,8.300029941296e-02,4.213324418530e-01,5.755879661594e-01
1.288219109555e+00,8.174176063042e-02,4.200257721544e-01,5.747059161484e-01
1.291195597799e+00,8.049230011227e-02,4.187202499675e-01,5.738229774679e-01
1.294172086043e+00,7.925190156712e-02,4.174159028354e-01,5.729391610468e-01
1.297148574287e+00,7.802054818316e-02,4.161127582064e-01,5.720544778470e-01
1.300125062531e+00,7.679822263614e-02,4.148108434326e-01,5.711689388625e-01
1.303101550775e+00,7.558490709738e-02,4.135101857673e-01,5.702825551194e-01
1.306078039020e+00,7.438058324172e-02,4.122108123634e-01,5.693953376755e-01
1.309054527264e+00,7.318523225539e-02,4.109127502711e-01,5.685072976198e-01
1.312031015508e+00,7.199883484391e-02,4.096160264365e-01,5.676184460721e-01
1.315007503752e+00,7.082137123990e-02,4.083206676990e-01,5.667287941827e-01
1.317983991996e+00,6.965282121090e-02,4.070267007896e-01,5.658383531321e-01
1.320960480240e+00,6.849316406707e-02,4.057341523294e-01,5.649471341305e-01
1.323936968484e+00,6.734237866894e-02,4.044430488271e-01,5.640551484173e-01
1.326913456728e+00,6.620044343504e-02,4.031534166773e-01,5.631624072610e-01
1.329889944972e+00,6.506733634949e-02,4.018652821589e-01,5.622689219584e-01
1.332866433217e+00,6.394303496964e-02,4.005786714329e-01,5.613747038345e-01
1.335842921461e+00,6.282751643351e-02,3.992936105409e-01,5.604797642422e-01
1.338819409705e+00,6.172075746732e-02,3.980101254029e-01,5.595841145614e-01
1.341795897949e+00,6.062273439285e-02,3.967282418158e-01,5.586877661991e-01
1.344772386193e+00,5.953342313487e-02,3.954479854516e-01,5.577907305887e-01
1.347748874437e+00,5.845279922843e-02,3.941693818554e-01,5.568930191894e-01
1.350725362681e+00,5.738083782610e-02,3.928924564438e-01,5.559946434863e-01
1.353701850925e+00,5.631751370525e-02,3.916172345034e-01,5.550956149896e-01
1.356678339170e+00,5.526280127513e-02,3.903437411886e-01,5.541959452342e-01
1.359654827414e+00,5.421667458405e-02,3.890720015205e-01,5.532956457793e-01
1.362631315658e+00,5.317910732637e-02,3.878020403846e-01,5.523947282078e-01
1.365607803902e+00,5.215007284953e-02,3.865338825297e-01,5.514932041264e-01
1.368584292146e+00,5.112954416100e-02,3.852675525659e-01,5.505910851643e-01
1.371560780390e+00,5.011749393509e-02,3.840030749631e-01,5.496883829735e-01
1.374537268634e+00,4.911389451988e-02,3.827404740495e-01,5.487851092280e-01
1.377513756878e+00,4.811871794389e-02,3.814797740099e-01,5.478812756234e-01
1.380490245123e+00,4.713193592286e-02,3.802209988843e-01,5.469768938762e-01
1.383466733367e+00,4.615351986636e-02,3.789641725663e-01,5.460719757239e-01
1.386443221611e+00,4.518344088439e-02,3.777093188013e-01,5.451665329240e-01
1.389419709855e+00,4.422166979392e-02,3.764564611855e-01,5.442605772537e-01
1.392396198099e+00,4.326817712537e-02,3.752056231643e-01,5.433541205095e-01
1.395372686343e+00,4.232293312899e-02,3.739568280306e-01,5.424471745067e-01
1.398349174587e+00,4.138590778124e-02,3.727100989235e-01,5.415397510789e-01
1.401325662831e+00,4.045707079109e-02,3.714654588271e-01,5.406318620772e-01
1.404302151076e+00,3.953639160624e-02,3.702229305689e-01,5.397235193704e-01
1.407278639320e+00,3.862383941927e-02,3.689825368184e-01,5.388147348440e-01
1.410255127564e+00,3.771938317378e-02,3.677443000862e-01,5.379055203996e-01
1.413231615808e+00,3.682299157045e-02,3.665082427219e-01,5.369958879549e-01
1.416208104052e+00,3.593463307299e-02,3.652743869137e-01,5.360858494429e-01
1.419184592296e+00,3.505427591410e-02,3.640427546864e-01,5.351754168112e-01
1.422161080540e+00,3.418188810132e-02,3.628133679007e-01,5.342646020220e-01
1.425137568784e+00,3.331743742284e-02,3.615862482515e-01,5.333534170511e-01
1.428114057029e+00,3.246089145324e-02,3.603614172672e-01,5.324418738877e-01
1.431090545273e+00,3.161221755920e-02,3.591388963082e-01,5.315299845337e-01
1.434067033517e+00,3.077138290509e-02,3.579187065656e-01,5.306177610035e-01
1.437043521761e+00,2.993835445853e-02,3.567008690607e-01,5.297052153230e-01
1.440020010005e+00,2.911309899593e-02,3.554854046432e-01,5.287923595294e-01
1.442996498249e+00,2.829558310787e-02,3.542723339905e-01,5.278792056708e-01
1.445972986493e+00,2.748577320454e-02,3.530616776065e-01,5.269657658052e-01
1.448949474737e+00,2.668363552101e-02,3.518534558208e-01,5.260520520004e-01
1.451925962981e+00,2.588913612252e-02,3.506476887875e-01,5.251380763334e-01
1.454902451226e+00,2.510224090967e-02,3.494443964841e-01,5.242238508897e-01
1.457878939470e+00,2.432291562353e-02,3.482435987107e-01,5.233093877629e-01
1.460855427714e+00,2.355112585078e-02,3.470453150893e-01,5.223946990541e-01
1.463831915958e+00,2.278683702864e-02,3.458495650623e-01,5.214797968715e-01
1.466808404202e+00,2.203001444991e-02,3.446563678922e-01,5.205646933297e-01
1.469784892446e+00,2.128062326782e-02,3.434657426604e-01,5.196494005492e-01
1.472761380690e+00,2.053862850092e-02,3.422777082665e-01,5.187339306559e-01
1.475737868934e+00,1.980399503777e-02,3.410922834274e-01,5.178182957804e-01
1.478714357179e+00,1.907668764178e-02,3.399094866766e-01,5.169025080578e-01
1.481690845423e+00,1.835667095578e-02,3.387293363634e-01,5.159865796267e-01
1.484667333667e+00,1.764390950667e-02,3.375518506521e-01,5.150705226292e-01
1.487643821911e+00,1.693836770998e-02,3.363770475214e-01,5.141543492098e-01
1.490620310155e+00,1.624000987433e-02,3.352049447637e-01,5.132380715150e-01
1.493596798399e+00,1.554880020588e-02,3.340355599841e-01,5.123217016932e-01
1.496573286643e+00,1.486470281273e-02,3.328689106004e-01,5.114052518933e-01
1.499549774887e+00,1.418768170920e-02,3.317050138419e-01,5.104887342650e-01
1.502526263132e+00,1.351770082015e-02,3.305438867492e-01,5.095721609577e-01
1.505502751376e+00,1.285472398512e-02,3.293855461733e-01,5.086555441201e-01
1.508479239620e+00,1.219871496256e-02,3.282300087753e-01,5.077388958996e-01
1.511455727864e+00,1.154963743390e-02,3.270772910257e-01,5.068222284421e-01
1.514432216108e+00,1.090745500759e-02,3.259274092042e-01,5.059055538906e-01
1.517408704352e+00,1.027213122309e-02,3.247803793988e-01,5.049888843856e-01
1.520385192596e+00,9.643629554838e-03,3.236362175057e-01,5.040722320638e-01
1.523361680840e+00,9.021913416110e-03,3.224949392288e-01,5.031556090581e-01
1.526338169085e+00,8.406946162864e-03,3.213565600791e-01,5.022390274966e-01
1.529314657329e+00,7.798691097519e-03,3.202210953747e-01,5.013224995023e-01
1.532291145573e+00,7.197111472685e-03,3.190885602399e-01,5.004060371922e-01
1.535267633817e+00,6.602170494841e-03,3.179589696056e-01,4.994896526772e-01
1.538244122061e+00,6.013831327960e-03,3.168323382082e-01,4.985733580614e-01
1.541220610305e+00,5.432057097087e-03,3.157086805900e-01,4.976571654411e-01
1.544197098549e+00,4.856810891865e-03,3.145880110985e-01,4.967410869049e-01
1.547173586793e+00,4.288055770004e-03,3.134703438864e-01,4.958251345326e-01
1.550150075038e+00,3.725754760719e-03,3.123556929111e-01,4.949093203949e-01
1.553126563282e+00,3.169870868097e-03,3.112440719350e-01,4.939936565528e-01
1.556103051526e+00,2.620367074429e-03,3.101354945248e-01,4.930781550569e-01
1.559079539770e+00,2.077206343491e-03,3.090299740517e-01,4.921628279471e-01
1.562056028014e+00,1.540351623780e-03,3.079275236913e-01,4.912476872516e-01
1.565032516258e+00,1.009765851691e-03,3.068281564232e-01,4.903327449869e-01
1.568009004502e+00,4.854119546654e-04,3.057318850311e-01,4.894180131568e-01
1.570985492746e+00,-3.274714572343e-05,3.046387221029e-01,4.885035037518e-01
1.573961980990e+00,-5.447485307201e-04,3.035486800304e-01,4.875892287489e-01
1.576938469235e+00,-1.050629281388e-03,3.024617710094e-01,4.866752001108e-01
1.579914957479e+00,-1.550426475652e-03,3.013780070398e-01,4.857614297853e-01
1.582891445723e+00,-2.044177185389e-03,3.002973999255e-01,4.848479297048e-01
1.585867933967e+00,-2.531918473558e-03,2.992199612746e-01,4.839347117858e-01
1.588844422211e+00,-3.013687391380e-03,2.981457024991e-01,4.830217879282e-01
1.591820910455e+00,-3.489520975554e-03,2.970746348157e-01,4.821091700149e-01
1.594797398699e+00,-3.959456245525e-03,2.960067692452e-01,4.811968699109e-01
1.597773886943e+00,-4.423530200782e-03,2.949421166130e-01,4.802848994633e-01
1.600750375188e+00,-4.881779818213e-03,2.938806875493e-01,4.793732705002e-01
1.603726863432e+00,-5.334242049485e-03,2.928224924891e-01,4.784619948304e-01
1.606703351676e+00,-5.780953818481e-03,2.917675416724e-01,4.775510842428e-01
1.609679839920e+00,-6.221952018766e-03,2.907158451448e-01,4.766405505060e-01
1.612656328164e+00,-6.657273511101e-03,2.896674127570e-01,4.757304053673e-01
1.615632816408e+00,-7.086955120988e-03,2.886222541659e-01,4.748206605526e-01
1.618609304652e+00,-7.511033636264e-03,2.875803788343e-01,4.739113277656e-01
1.621585792896e+00,-7.929545804729e-03,2.865417960314e-01,4.730024186875e-01
1.624562281141e+00,-8.342528331811e-03,2.855065148331e-01,4.720939449761e-01
1.627538769385e+00,-8.750017878274e-03,2.844745441224e-01,4.711859182654e-01
1.630515257629e+00,-9.152051057958e-03,2.834458925897e-01,4.702783501652e-01
1.633491745873e+00,-9.548664435561e-03,2.824205687331e-01,4.693712522602e-01
1.636468234117e+00,-9.939894524454e-03,2.813985808589e-01,4.684646361101e-01
1.639444722361e+00,-1.032577778454e-02,2.803799370820e-01,4.675585132482e-01
1.642421210605e+00,-1.070635062012e-02,2.793646453262e-01,4.666528951815e-01
1.645397698849e+00,-1.108164937788e-02,2.783527133250e-01,4.657477933899e-01
1.648374187094e+00,-1.145171034475e-02,2.773441486216e-01,4.648432193258e-01
1.651350675338e+00,-1.181656974600e-02,2.763389585697e-01,4.639391844134e-01
1.654327163582e+00,-1.217626374320e-02,2.753371503339e-01,4.630357000484e-01
1.657303651826e+00,-1.253082843233e-02,2.743387308902e-01,4.621327775970e-01
1.660280140070e+00,-1.288029984184e-02,2.733437070265e-01,4.612304283960e-01
1.663256628314e+00,-1.322471393080e-02,2.723520853434e-01,4.603286637518e-01
1.666233116558e+00,-1.356410658705e-02,2.713638722543e-01,4.594274949401e-01
1.669209604802e+00,-1.389851362542e-02,2.703790739864e-01,4.585269332053e-01
1.672186093047e+00,-1.422797078593e-02,2.693976965813e-01,4.576269897601e-01
1.675162581291e+00,-1.455251373205e-02,2.684197458952e-01,4.567276757845e-01
1.678139069535e+00,-1.487217804902e-02,2.674452275998e-01,4.558290024261e-01
1.681115557779e+00,-1.518699924213e-02,2.664741471833e-01,4.549309807990e-01
1.684092046023e+00,-1.549701273511e-02,2.655065099502e-01,4.540336219834e-01
1.687068534267e+00,-1.580225386848e-02,2.645423210228e-01,4.531369370250e-01
1.690045022511e+00,-1.610275789797e-02,2.635815853416e-01,4.522409369349e-01
1.693021510755e+00,-1.639855999299e-02,2.626243076656e-01,4.513456326886e-01
1.695997998999e+00,-1.668969523505e-02,2.616704925737e-01,4.504510352259e-01
1.698974487244e+00,-1.697619861631e-02,2.607201444650e-01,4.495571554501e-01
1.701950975488e+00,-1.725810503805e-02,2.597732675598e-01,4.486640042277e-01
1.704927463732e+00,-1.753544930930e-02,2.588298658999e-01,4.477715923878e-01
1.707903951976e+00,-1.780826614534e-02,2.578899433500e-01,4.468799307217e-01
1.710880440220e+00,-1.807659016637e-02,2.569535035980e-01,4.459890299823e-01
1.713856928464e+00,-1.834045589613e-02,2.560205501559e-01,4.450989008838e-01
1.716833416708e+00,-1.859989776057e-02,2.550910863608e-01,4.442095541010e-01
1.719809904952e+00,-1.885495008651e-02,2.541651153755e-01,4.433210002691e-01
1.722786393197e+00,-1.910564710039e-02,2.532426401896e-01,4.424332499829e-01
1.725762881441e+00,-1.935202292702e-02,2.523236636198e-01,4.415463137966e-01
1.728739369685e+00,-1.959411158830e-02,2.514081883116e-01,4.406602022233e-01
1.731715857929e+00,-1.983194700207e-02,2.504962167392e-01,4.397749257342e-01
1.734692346173e+00,-2.006556298088e-02,2.495877512073e-01,4.388904947588e-01
1.737668834417e+00,-2.029499323085e-02,2.486827938512e-01,4.380069196838e-01
1.740645322661e+00,-2.052027135057e-02,2.477813466384e-01,4.371242108529e-01
1.743621810905e+00,-2.074143082993e-02,2.468834113687e-01,4.362423785667e-01
1.746598299150e+00,-2.095850504906e-02,2.459889896761e-01,4.353614330815e-01
1.749574787394e+00,-2.117152727729e-02,2.450980830289e-01,4.344813846095e-01
1.752551275638e+00,-2.138053067208e-02,2.442106927310e-01,4.336022433183e-01
1.755527763882e+00,-2.158554827802e-02,2.433268199228e-01,4.327240193299e-01
1.758504252126e+00,-2.178661302580e-02,2.424464655823e-01,4.318467227211e-01
1.761480740370e+00,-2.198375773130e-02,2.415696305258e-01,4.309703635225e-01
1.764457228614e+00,-2.217701509459e-02,2.406963154090e-01,4.300949517183e-01
1.767433716858e+00,-2.236641769901e-02,2.398265207280e-01,4.292204972457e-01
1.770410205103e+00,-2.255199801028e-02,2.389602468203e-01,4.283470099948e-01
1.773386693347e+00,-2.273378837558e-02,2.380974938659e-01,4.274744998079e-01
1.776363181591e+00,-2.291182102273e-02,2.372382618879e-01,4.266029764793e-01
1.779339669835e+00,-2.308612805931e-02,2.363825507542e-01,4.257324497547e-01
1.782316158079e+00,-2.325674147182e-02,2.355303601779e-01,4.248629293310e-01
1.785292646323e+00,-2.342369312494e-02,2.346816897185e-01,4.239944248557e-01
1.788269134567e+00,-2.358701476068e-02,2.338365387832e-01,4.231269459269e-01
1.791245622811e+00,-2.374673799763e-02,2.329949066276e-01,4.222605020924e-01
1.794222111056e+00,-2.390289433024e-02,2.321567923570e-01,4.213951028496e-01
1.797198599300e+00,-2.405551512807e-02,2.313221949274e-01,4.205307576453e-01
1.800175087544e+00,-2.420463163507e-02,2.304911131463e-01,4.196674758750e-01
1.803151575788e+00,-2.435027496892e-02,2.296635456744e-01,4.188052668826e-01
1.806128064032e+00,-2.449247612034e-02,2.288394910259e-01,4.179441399602e-01
1.809104552276e+00,-2.463126595243e-02,2.280189475701e-01,4.170841043476e-01
1.812081040520e+00,-2.476667520006e-02,2.272019135324e-01,4.162251692320e-01
1.815057528764e+00,-2.489873446922e-02,2.263883869953e-01,4.153673437478e-01
1.818034017009e+00,-2.502747423644e-02,2.255783658996e-01,4.145106369760e-01
1.821010505253e+00,-2.515292484821e-02,2.247718480452e-01,4.136550579438e-01
1.823986993497e+00,-2.527511652037e-02,2.239688310928e-01,4.128006156247e-01
1.826963481741e+00,-2.539407933765e-02,2.231693125645e-01,4.119473189378e-01
1.829939969985e+00,-2.550984325303e-02,2.223732898449e-01,4.110951767476e-01
1.832916458229e+00,-2.562243808730e-02,2.215807601828e-01,4.102441978637e-01
1.835892946473e+00,-2.573189352852e-02,2.207917206916e-01,4.093943910403e-01
1.838869434717e+00,-2.583823913157e-02,2.200061683509e-01,4.085457649762e-01
1.841845922961e+00,-2.594150431763e-02,2.192241000074e-01,4.076983283144e-01
1.844822411206e+00,-2.604171837379e-02,2.184455123761e-01,4.068520896414e-01
1.847798899450e+00,-2.613891045254e-02,2.176704020417e-01,4.060070574876e-01
1.850775387694e+00,-2.623310957142e-02,2.168987654591e-01,4.051632403265e-01
1.853751875938e+00,-2.632434461255e-02,2.161305989553e-01,4.043206465746e-01
1.856728364182e+00,-2.641264432228e-02,2.153658987301e-01,4.034792845910e-01
1.859704852426e+00,-2.649803731078e-02,2.146046608571e-01,4.026391626772e-01
1.862681340670e+00,-2.658055205171e-02,2.138468812853e-01,4.018002890770e-01
1.865657828914e+00,-2.666021688184e-02,2.130925558402e-01,4.009626719759e-01
1.868634317159e+00,-2.673706000072e-02,2.123416802244e-01,4.001263195011e-01
1.871610805403e+00,-2.681110947036e-02,2.115942500194e-01,3.992912397210e-01
1.874587293647e+00,-2.688239321495e-02,2.108502606866e-01,3.984574406454e-01
1.877563781891e+00,-2.695093902050e-02,2.101097075680e-01,3.976249302246e-01
1.880540270135e+00,-2.701677453463e-02,2.093725858882e-01,3.967937163497e-01
1.883516758379e+00,-2.707992726625e-02,2.086388907546e-01,3.959638068521e-01
1.886493246623e+00,-2.714042458533e-02,2.079086171596e-01,3.951352095035e-01
1.889469734867e+00,-2.719829372265e-02,2.071817599806e-01,3.943079320152e-01
1.892446223112e+00,-2.725356176958e-02,2.064583139824e-01,3.934819820386e-01
1.895422711356e+00,-2.730625567784e-02,2.057382738173e-01,3.926573671642e-01
1.898399199600e+00,-2.735640225931e-02,2.050216340268e-01,3.918340949219e-01
1.901375687844e+00,-2.740402818585e-02,2.043083890428e-01,3.910121727808e-01
1.904352176088e+00,-2.744915998910e-02,2.035985331887e-01,3.901916081486e-01
1.907328664332e+00,-2.749182406031e-02,2.028920606801e-01,3.893724083718e-01
1.910305152576e+00,-2.753204665020e-02,2.021889656269e-01,3.885545807354e-01
1.913281640820e+00,-2.756985386879e-02,2.014892420335e-01,3.877381324626e-01
1.916258129065e+00,-2.760527168529e-02,2.007928838007e-01,3.869230707148e-01
1.919234617309e+00,-2.763832592798e-02,2.000998847264e-01,3.861094025910e-01
1.922211105553e+00,-2.766904228406e-02,1.994102385069e-01,3.852971351284e-01
1.925187593797e+00,-2.769744629960e-02,1.987239387381e-01,3.844862753016e-01
1.928164082041e+00,-2.772356337942e-02,1.980409789168e-01,3.836768300224e-01
1.931140570285e+00,-2.774741878702e-02,1.973613524414e-01,3.828688061402e-01
1.934117058529e+00,-2.776903764449e-02,1.966850526137e-01,3.820622104414e-01
1.937093546773e+00,-2.778844493250e-02,1.960120726394e-01,3.812570496493e-01
1.940070035018e+00,-2.780566549021e-02,1.953424056298e-01,3.804533304240e-01
1.943046523262e+00,-2.782072401525e-02,1.946760446025e-01,3.796510593625e-01
1.946023011506e+00,-2.783364506369e-02,1.940129824830e-01,3.788502429981e-01
1.948999499750e+00,-2.784445305002e-02,1.933532121054e-01,3.780508878007e-01
1.951975987994e+00,-2.785317224717e-02,1.926967262140e-01,3.772530001764e-01
1.954952476238e+00,-2.785982678645e-02,1.920435174639e-01,3.764565864677e-01
1.957928964482e+00,-2.786444065762e-02,1.913935784227e-01,3.756616529530e-01
1.960905452726e+00,-2.786703770891e-02,1.907469015713e-01,3.748682058466e-01
1.963881940970e+00,-2.786764164700e-02,1.901034793052e-01,3.740762512990e-01
1.966858429215e+00,-2.786627603711e-02,1.894633039353e-01,3.732857953962e-01
1.969834917459e+00,-2.786296430304e-02,1.888263676896e-01,3.724968441600e-01
1.972811405703e+00,-2.785772972720e-02,1.881926627139e-01,3.717094035477e-01
1.975787893947e+00,-2.785059545071e-02,1.875621810730e-01,3.709234794524e-01
1.978764382191e+00,-2.784158447346e-02,1.869349147519e-01,3.701390777023e-01
1.981740870435e+00,-2.783071965420e-02,1.863108556568e-01,3.693562040612e-01
1.984717358679e+00,-2.781802371061e-02,1.856899956165e-01,3.685748642282e-01
1.987693846923e+00,-2.780351921945e-02,1.850723263831e-01,3.677950638376e-01
1.990670335168e+00,-2.778722861662e-02,1.844578396334e-01,3.670168084588e-01
1.993646823412e+00,-2.776917419730e-02,1.838465269700e-01,3.662401035966e-01
1.996623311656e+00,-2.774937811608e-02,1.832383799223e-01,3.654649546906e-01
1.999599799900e+00,-2.772786238708e-02,1.826333899475e-01,3.646913671156e-01
2.002576288144e+00,-2.770464888410e-02,1.820315484319e-01,3.639193461816e-01
2.005552776388e+00,-2.767975934076e-02,1.814328466920e-01,3.631488971332e-01
2.008529264632e+00,-2.765321535068e-02,1.808372759754e-01,3.623800251503e-01
2.011505752876e+00,-2.762503836762e-02,1.802448274620e-01,3.616127353474e-01
2.014482241121e+00,-2.759524970565e-02,1.796554922651e-01,3.608470327743e-01
2.017458729365e+00,-2.756387053935e-02,1.790692614323e-01,3.600829224155e-01
2.020435217609e+00,-2.753092190399e-02,1.784861259469e-01,3.593204091903e-01
2.023411705853e+00,-2.749642469572e-02,1.779060767286e-01,3.585594979531e-01
2.026388194097e+00,-2.746039967174e-02,1.773291046348e-01,3.578001934931e-01
2.029364682341e+00,-2.742286745058e-02,1.767552004616e-01,3.570425005343e-01
2.032341170585e+00,-2.738384851224e-02,1.761843549449e-01,3.562864237358e-01
2.035317658829e+00,-2.734336319846e-02,1.756165587612e-01,3.555319676916e-01
2.038294147074e+00,-2.730143171291e-02,1.750518025290e-01,3.547791369304e-01
2.041270635318e+00,-2.725807412148e-02,1.744900768095e-01,3.540279359162e-01
2.044247123562e+00,-2.721331035244e-02,1.739313721081e-01,3.532783690478e-01
2.047223611806e+00,-2.716716019676e-02,1.733756788748e-01,3.525304406590e-01
2.050200100050e+00,-2.711964330835e-02,1.728229875056e-01,3.517841550189e-01
2.053176588294e+00,-2.707077920426e-02,1.722732883438e-01,3.510395163315e-01
2.056153076538e+00,-2.702058726503e-02,1.717265716803e-01,3.502965287359e-01
2.059129564782e+00,-2.696908673490e-02,1.711828277551e-01,3.495551963067e-01
2.062106053027e+00,-2.691629672213e-02,1.706420467582e-01,3.488155230535e-01
2.065082541271e+00,-2.686223619924e-02,1.701042188308e-01,3.480775129213e-01
2.068059029515e+00,-2.680692400336e-02,1.695693340657e-01,3.473411697905e-01
2.071035517759e+00,-2.675037883643e-02,1.690373825091e-01,3.466064974769e-01
2.074012006003e+00,-2.669261926562e-02,1.685083541607e-01,3.458734997321e-01
2.076988494247e+00,-2.663366372354e-02,1.679822389754e-01,3.451421802428e-01
2.079964982491e+00,-2.657353050859e-02,1.674590268642e-01,3.444125426319e-01
2.082941470735e+00,-2.651223778527e-02,1.669387076944e-01,3.436845904577e-01
2.085917958979e+00,-2.644980358452e-02,1.664212712918e-01,3.429583272146e-01
2.088894447224e+00,-2.638624580402e-02,1.659067074403e-01,3.422337563328e-01
2.091870935468e+00,-2.632158220852e-02,1.653950058842e-01,3.415108811787e-01
2.094847423712e+00,-2.625583043024e-02,1.648861563279e-01,3.407897050547e-01
2.097823911956e+00,-2.618900796910e-02,1.643801484378e-01,3.400702311996e-01
2.100800400200e+00,-2.612113219318e-02,1.638769718427e-01,3.393524627885e-01
2.103776888444e+00,-2.605222033901e-02,1.633766161349e-01,3.386364029329e-01
2.106753376688e+00,-2.598228951191e-02,1.628790708709e-01,3.379220546811e-01
2.109729864932e+00,-2.591135668644e-02,1.623843255729e-01,3.372094210179e-01
2.112706353177e+00,-2.583943870665e-02,1.618923697290e-01,3.364985048652e-01
2.115682841421e+00,-2.576655228653e-02,1.614031927945e-01,3.357893090816e-01
2.118659329665e+00,-2.569271401037e-02,1.609167841927e-01,3.350818364632e-01
2.121635817909e+00,-2.561794033311e-02,1.604331333158e-01,3.343760897428e-01
2.124612306153e+00,-2.554224758077e-02,1.599522295259e-01,3.336720715911e-01
2.127588794397e+00,-2.546565195079e-02,1.594740621557e-01,3.329697846161e-01
2.130565282641e+00,-2.538816951245e-02,1.589986205093e-01,3.322692313635e-01
2.133541770885e+00,-2.530981620727e-02,1.585258938634e-01,3.315704143169e-01
2.136518259130e+00,-2.523060784937e-02,1.580558714679e-01,3.308733358977e-01
2.139494747374e+00,-2.515056012592e-02,1.575885425469e-01,3.301779984657e-01
2.142471235618e+00,-2.506968859755e-02,1.571238962993e-01,3.294844043190e-01
2.145447723862e+00,-2.498800869870e-02,1.566619219000e-01,3.287925556938e-01
2.148424212106e+00,-2.490553573810e-02,1.562026085004e-01,3.281024547655e-01
2.151400700350e+00,-2.482228489916e-02,1.557459452295e-01,3.274141036479e-01
2.154377188594e+00,-2.473827124039e-02,1.552919211946e-01,3.267275043940e-01
2.157353676838e+00,-2.465350969584e-02,1.548405254820e-01,3.260426589959e-01
2.160330165083e+00,-2.456801507552e-02,1.543917471580e-01,3.253595693850e-01
2.163306653327e+00,-2.448180206583e-02,1.539455752698e-01,3.246782374324e-01
2.166283141571e+00,-2.439488522999e-02,1.535019988460e-01,3.239986649489e-01
2.169259629815e+00,-2.430727900849e-02,1.530610068974e-01,3.233208536851e-01
2.172236118059e+00,-2.421899771955e-02,1.526225884183e-01,3.226448053318e-01
2.175212606303e+00,-2.413005555953e-02,1.521867323865e-01,3.219705215202e-01
2.178189094547e+00,-2.404046660338e-02,1.517534277647e-01,3.212980038219e-01
2.181165582791e+00,-2.395024480512e-02,1.513226635010e-01,3.206272537492e-01
2.184142071036e+00,-2.385940399827e-02,1.508944285297e-01,3.199582727555e-01
2.187118559280e+00,-2.376795789634e-02,1.504687117722e-01,3.192910622353e-01
2.190095047524e+00,-2.367592009322e-02,1.500455021374e-01,3.186256235244e-01
2.193071535768e+00,-2.358330406373e-02,1.496247885228e-01,3.179619579001e-01
2.196048024012e+00,-2.349012316402e-02,1.492065598150e-01,3.173000665816e-01
2.199024512256e+00,-2.339639063206e-02,1.487908048907e-01,3.166399507303e-01
2.202001000500e+00,-2.330211958813e-02,1.483775126170e-01,3.159816114495e-01
2.204977488744e+00,-2.320732303526e-02,1.479666718526e-01,3.153250497852e-01
2.207953976988e+00,-2.311201385972e-02,1.475582714481e-01,3.146702667261e-01
2.210930465233e+00,-2.301620483149e-02,1.471523002470e-01,3.140172632036e-01
2.213906953477e+00,-2.291990860477e-02,1.467487470864e-01,3.133660400927e-01
2.216883441721e+00,-2.282313771842e-02,1.463476007973e-01,3.127165982114e-01
2.219859929965e+00,-2.272590459647e-02,1.459488502058e-01,3.120689383216e-01
2.222836418209e+00,-2.262822154861e-02,1.455524841335e-01,3.114230611289e-01
2.225812906453e+00,-2.253010077065e-02,1.451584913981e-01,3.107789672834e-01
2.228789394697e+00,-2.243155434505e-02,1.447668608144e-01,3.101366573791e-01
2.231765882941e+00,-2.233259424139e-02,1.443775811945e-01,3.094961319552e-01
2.234742371186e+00,-2.223323231686e-02,1.439906413490e-01,3.088573914952e-01
2.237718859430e+00,-2.213348031677e-02,1.436060300872e-01,3.082204364283e-01
2.240695347674e+00,-2.203334987506e-02,1.432237362179e-01,3.075852671288e-01
2.243671835918e+00,-2.193285251476e-02,1.428437485500e-01,3.069518839166e-01
2.246648324162e+00,-2.183199964853e-02,1.424660558934e-01,3.063202870579e-01
2.249624812406e+00,-2.173080257916e-02,1.420906470592e-01,3.056904767648e-01
2.252601300650e+00,-2.162927250004e-02,1.417175108605e-01,3.050624531959e-01
2.255577788894e+00,-2.152742049571e-02,1.413466361131e-01,3.044362164566e-01
2.258554277139e+00,-2.142525754236e-02,1.409780116362e-01,3.038117665993e-01
2.261530765383e+00,-2.132279450831e-02,1.406116262525e-01,3.031891036237e-01
2.264507253627e+00,-2.122004215457e-02,1.402474687894e-01,3.025682274769e-01
2.267483741871e+00,-2.111701113531e-02,1.398855280791e-01,3.019491380541e-01
2.270460230115e+00,-2.101371199838e-02,1.395257929598e-01,3.013318351984e-01
2.273436718359e+00,-2.091015518586e-02,1.391682522754e-01,3.007163187013e-01
2.276413206603e+00,-2.080635103454e-02,1.388128948768e-01,3.001025883031e-01
2.279389694847e+00,-2.070230977645e-02,1.384597096223e-01,2.994906436929e-01
2.282366183092e+00,-2.059804153939e-02,1.381086853779e-01,2.988804845092e-01
2.285342671336e+00,-2.049355634743e-02,1.377598110181e-01,2.982721103400e-01
2.288319159580e+00,-2.038886412144e-02,1.374130754263e-01,2.976655207230e-01
2.291295647824e+00,-2.028397467962e-02,1.370684674955e-01,2.970607151460e-01
2.294272136068e+00,-2.017889773801e-02,1.367259761288e-01,2.964576930475e-01
2.297248624312e+00,-2.007364291104e-02,1.363855902397e-01,2.958564538163e-01
2.300225112556e+00,-1.996821971201e-02,1.360472987529e-01,2.952569967925e-01
2.303201600800e+00,-1.986263755365e-02,1.357110906047e-01,2.946593212673e-01
2.306178089045e+00,-1.975690574866e-02,1.353769547437e-01,2.940634264837e-01
2.309154577289e+00,-1.965103351018e-02,1.350448801307e-01,2.934693116363e-01
2.312131065533e+00,-1.954502995238e-02,1.347148557401e-01,2.928769758721e-01
2.315107553777e+00,-1.943890409096e-02,1.343868705596e-01,2.922864182905e-01
2.318084042021e+00,-1.933266484366e-02,1.340609135912e-01,2.916976379438e-01
2.321060530265e+00,-1.922632103084e-02,1.337369738514e-01,2.911106338374e-01
2.324037018509e+00,-1.911988137597e-02,1.334150403717e-01,2.905254049299e-01
2.327013506753e+00,-1.901335450618e-02,1.330951021994e-01,2.899419501339e-01
2.329989994997e+00,-1.890674895276e-02,1.327771483974e-01,2.893602683158e-01
2.332966483242e+00,-1.880007315175e-02,1.324611680454e-01,2.887803582964e-01
2.335942971486e+00,-1.869333544442e-02,1.321471502399e-01,2.882022188513e-01
2.338919459730e+00,-1.858654407783e-02,1.318350840948e-01,2.876258487109e-01
2.341895947974e+00,-1.847970720533e-02,1.315249587417e-01,2.870512465609e-01
2.344872436218e+00,-1.837283288715e-02,1.312167633306e-01,2.864784110426e-01
2.347848924462e+00,-1.826592909089e-02,1.309104870299e-01,2.859073407531e-01
2.350825412706e+00,-1.815900369204e-02,1.306061190274e-01,2.853380342460e-01
2.353801900950e+00,-1.805206447457e-02,1.303036485303e-01,2.847704900311e-01
2.356778389195e+00,-1.794511913141e-02,1.300030647657e-01,2.842047065753e-01
2.359754877439e+00,-1.783817526501e-02,1.297043569810e-01,2.836406823025e-01
2.362731365683e+00,-1.773124038787e-02,1.294075144445e-01,2.830784155942e-01
2.365707853927e+00,-1.762432192308e-02,1.291125264454e-01,2.825179047897e-01
2.368684342171e+00,-1.751742720482e-02,1.288193822948e-01,2.819591481864e-01
2.371660830415e+00,-1.741056347895e-02,1.285280713253e-01,2.814021440401e-01
2.374637318659e+00,-1.730373790349e-02,1.282385828921e-01,2.808468905655e-01
2.377613806903e+00,-1.719695754919e-02,1.279509063729e-01,2.802933859364e-01
2.380590295148e+00,-1.709022940004e-02,1.276650311686e-01,2.797416282857e-01
2.383566783392e+00,-1.698356035382e-02,1.273809467035e-01,2.791916157066e-01
2.386543271636e+00,-1.687695722262e-02,1.270986424255e-01,2.786433462519e-01
2.389519759880e+00,-1.677042673337e-02,1.268181078069e-01,2.780968179349e-01
2.392496248124e+00,-1.666397552840e-02,1.265393323442e-01,2.775520287298e-01
2.395472736368e+00,-1.655761016594e-02,1.262623055589e-01,2.770089765717e-01
2.398449224612e+00,-1.645133712065e-02,1.259870169977e-01,2.764676593570e-01
2.401425712856e+00,-1.634516278419e-02,1.257134562328e-01,2.759280749440e-01
2.404402201101e+00,-1.623909346571e-02,1.254416128620e-01,2.753902211529e-01
2.407378689345e+00,-1.613313539239e-02,1.251714765097e-01,2.748540957661e-01
2.410355177589e+00,-1.602729470997e-02,1.249030368263e-01,2.743196965291e-01
2.413331665833e+00,-1.592157748331e-02,1.246362834893e-01,2.737870211499e-01
2.416308154077e+00,-1.581598969687e-02,1.243712062033e-01,2.732560673001e-01
2.419284642321e+00,-1.571053725525e-02,1.241077947002e-01,2.727268326151e-01
2.422261130565e+00,-1.560522598376e-02,1.238460387396e-01,2.721993146940e-01
2.425237618809e+00,-1.550006162888e-02,1.235859281092e-01,2.716735111003e-01
2.428214107054e+00,-1.539504985883e-02,1.233274526249e-01,2.711494193623e-01
2.431190595298e+00,-1.529019626410e-02,1.230706021314e-01,2.706270369731e-01
2.434167083542e+00,-1.518550635793e-02,1.228153665019e-01,2.701063613911e-01
2.437143571786e+00,-1.508098557689e-02,1.225617356391e-01,2.695873900404e-01
2.440120060030e+00,-1.497663928137e-02,1.223096994750e-01,2.690701203111e-01
2.443096548274e+00,-1.487247275609e-02,1.220592479711e-01,2.685545495595e-01
2.446073036518e+00,-1.476849121065e-02,1.218103711191e-01,2.680406751085e-01
2.449049524762e+00,-1.466469978006e-02,1.215630589408e-01,2.675284942481e-01
2.452026013007e+00,-1.456110352520e-02,1.213173014884e-01,2.670180042352e-01
2.455002501251e+00,-1.445770743341e-02,1.210730888449e-01,2.665092022949e-01
2.457978989495e+00,-1.435451641897e-02,1.208304111241e-01,2.660020856195e-01
2.460955477739e+00,-1.425153532360e-02,1.205892584712e-01,2.654966513702e-01
2.463931965983e+00,-1.414876891702e-02,1.203496210626e-01,2.649928966764e-01
2.466908454227e+00,-1.404622189744e-02,1.201114891067e-01,2.644908186365e-01
2.469884942471e+00,-1.394389889206e-02,1.198748528432e-01,2.639904143182e-01
2.472861430715e+00,-1.384180445764e-02,1.196397025446e-01,2.634916807586e-01
2.475837918959e+00,-1.373994308091e-02,1.194060285151e-01,2.629946149648e-01
2.478814407204e+00,-1.363831917919e-02,1.191738210918e-01,2.624992139142e-01
2.481790895448e+00,-1.353693710084e-02,1.189430706446e-01,2.620054745545e-01
2.484767383692e+00,-1.343580112575e-02,1.187137675759e-01,2.615133938045e-01
2.487743871936e+00,-1.333491546592e-02,1.184859023218e-01,2.610229685539e-01
2.490720360180e+00,-1.323428426588e-02,1.182594653513e-01,2.605341956643e-01
2.493696848424e+00,-1.313391160326e-02,1.180344471672e-01,2.600470719687e-01
2.496673336668e+00,-1.303380148926e-02,1.178108383060e-01,2.595615942725e-01
2.499649824912e+00,-1.293395786916e-02,1.175886293381e-01,2.590777593536e-01
2.502626313157e+00,-1.283438462283e-02,1.173678108678e-01,2.585955639626e-01
2.505602801401e+00,-1.273508556521e-02,1.171483735338e-01,2.581150048233e-01
2.508579289645e+00,-1.263606444683e-02,1.169303080094e-01,2.576360786328e-01
2.511555777889e+00,-1.253732495429e-02,1.167136050023e-01,2.571587820621e-01
2.514532266133e+00,-1.243887071076e-02,1.164982552550e-01,2.566831117562e-01
2.517508754377e+00,-1.234070527647e-02,1.162842495450e-01,2.562090643345e-01
2.520485242621e+00,-1.224283214922e-02,1.160715786848e-01,2.557366363912e-01
2.523461730865e+00,-1.214525476486e-02,1.158602335223e-01,2.552658244954e-01
2.526438219110e+00,-1.204797649777e-02,1.156502049404e-01,2.547966251916e-01
2.529414707354e+00,-1.195100066136e-02,1.154414838581e-01,2.543290350000e-01
2.532391195598e+00,-1.185433050857e-02,1.152340612295e-01,2.538630504168e-01
2.535367683842e+00,-1.175796923230e-02,1.150279280450e-01,2.533986679144e-01
2.538344172086e+00,-1.166191996599e-02,1.148230753306e-01,2.529358839419e-01
2.541320660330e+00,-1.156618578399e-02,1.146194941486e-01,2.524746949251e-01
2.544297148574e+00,-1.147076970215e-02,1.144171755973e-01,2.520150972675e-01
2.547273636818e+00,-1.137567467820e-02,1.142161108115e-01,2.515570873495e-01
2.550250125063e+00,-1.128090361231e-02,1.140162909622e-01,2.511006615300e-01
2.553226613307e+00,-1.118645934750e-02,1.138177072573e-01,2.506458161456e-01
2.556203101551e+00,-1.109234467018e-02,1.136203509412e-01,2.501925475115e-01
2.559179589795e+00,-1.099856231057e-02,1.134242132949e-01,2.497408519217e-01
2.562156078039e+00,-1.090511494317e-02,1.132292856365e-01,2.492907256494e-01
2.565132566283e+00,-1.081200518729e-02,1.130355593211e-01,2.488421649469e-01
2.568109054527e+00,-1.071923560744e-02,1.128430257408e-01,2.483951660465e-01
2.571085542771e+00,-1.062680871386e-02,1.126516763248e-01,2.479497251603e-01
2.574062031016e+00,-1.053472696296e-02,1.124615025397e-01,2.475058384808e-01
2.577038519260e+00,-1.044299275775e-02,1.122724958895e-01,2.470635021809e-01
2.580015007504e+00,-1.035160844838e-02,1.120846479154e-01,2.466227124147e-01
2.582991495748e+00,-1.026057633251e-02,1.118979501964e-01,2.461834653174e-01
2.585967983992e+00,-1.016989865583e-02,1.117123943490e-01,2.457457570054e-01
2.588944472236e+00,-1.007957761251e-02,1.115279720272e-01,2.453095835774e-01
2.591920960480e+00,-9.989615345619e-03,1.113446749230e-01,2.448749411138e-01
2.594897448724e+00,-9.900013947612e-03,1.111624947661e-01,2.444418256775e-01
2.597873936968e+00,-9.810775460767e-03,1.109814233242e-01,2.440102333142e-01
2.600850425213e+00,-9.721901877638e-03,1.108014524027e-01,2.435801600524e-01
2.603826913457e+00,-9.633395141498e-03,1.106225738452e-01,2.431516019039e-01
2.606803401701e+00,-9.545257146791e-03,1.104447795334e-01,2.427245548642e-01
2.609779889945e+00,-9.457489739570e-03,1.102680613869e-01,2.422990149123e-01
2.612756378189e+00,-9.370094717940e-03,1.100924113637e-01,2.418749780118e-01
2.615732866433e+00,-9.283073832502e-03,1.099178214599e-01,2.414524401104e-01
2.618709354677e+00,-9.196428786786e-03,1.097442837098e-01,2.410313971405e-01
2.621685842921e+00,-9.110161237691e-03,1.095717901861e-01,2.406118450196e-01
2.624662331166e+00,-9.024272795918e-03,1.094003329999e-01,2.401937796504e-01
2.627638819410e+00,-8.938765026404e-03,1.092299043005e-01,2.397771969213e-01
2.630615307654e+00,-8.853639448748e-03,1.090604962758e-01,2.393620927063e-01
2.633591795898e+00,-8.768897537649e-03,1.088921011519e-01,2.389484628657e-01
2.636568284142e+00,-8.684540723324e-03,1.087247111935e-01,2.385363032461e-01
2.639544772386e+00,-8.600570391937e-03,1.085583187039e-01,2.381256096807e-01
2.642521260630e+00,-8.516987886023e-03,1.083929160248e-01,2.377163779899e-01
2.645497748874e+00,-8.433794504907e-03,1.082284955364e-01,2.373086039810e-01
2.648474237119e+00,-8.350991505125e-03,1.080650496576e-01,2.369022834490e-01
2.651450725363e+00,-8.268580100842e-03,1.079025708456e-01,2.364974121765e-01
2.654427213607e+00,-8.186561464264e-03,1.077410515966e-01,2.360939859344e-01
2.657403701851e+00,-8.104936726054e-03,1.075804844449e-01,2.356920004815e-01
2.660380190095e+00,-8.023706975746e-03,1.074208619637e-01,2.352914515655e-01
2.663356678339e+00,-7.942873262150e-03,1.072621767648e-01,2.348923349228e-01
2.666333166583e+00,-7.862436593761e-03,1.071044214985e-01,2.344946462790e-01
2.669309654827e+00,-7.782397939167e-03,1.069475888538e-01,2.340983813488e-01
2.672286143072e+00,-7.702758227449e-03,1.067916715582e-01,2.337035358368e-01
2.675262631316e+00,-7.623518348588e-03,1.066366623778e-01,2.333101054374e-01
2.678239119560e+00,-7.544679153856e-03,1.064825541174e-01,2.329180858350e-01
2.681215607804e+00,-7.466241456225e-03,1.063293396203e-01,2.325274727046e-01
2.684192096048e+00,-7.388206030754e-03,1.061770117683e-01,2.321382617118e-01
2.687168584292e+00,-7.310573614984e-03,1.060255634818e-01,2.317504485130e-01
2.690145072536e+00,-7.233344909335e-03,1.058749877199e-01,2.313640287559e-01
2.693121560780e+00,-7.156520577490e-03,1.057252774799e-01,2.309789980796e-01
2.696098049025e+00,-7.080101246784e-03,1.055764257978e-01,2.305953521146e-01
2.699074537269e+00,-7.004087508592e-03,1.054284257481e-01,2.302130864838e-01
2.702051025513e+00,-6.928479918711e-03,1.052812704436e-01,2.298321968018e-01
2.705027513757e+00,-6.853278997742e-03,1.051349530357e-01,2.294526786759e-01
2.708004002001e+00,-6.778485231468e-03,1.049894667139e-01,2.290745277059e-01
2.710980490245e+00,-6.704099071234e-03,1.048448047064e-01,2.286977394845e-01
2.713956978489e+00,-6.630120934323e-03,1.047009602795e-01,2.283223095977e-01
2.716933466733e+00,-6.556551204325e-03,1.045579267379e-01,2.279482336247e-01
2.719909954977e+00,-6.483390231514e-03,1.044156974244e-01,2.275755071383e-01
2.722886443222e+00,-6.410638333215e-03,1.042742657201e-01,2.272041257053e-01
2.725862931466e+00,-6.338295794170e-03,1.041336250443e-01,2.268340848865e-01
2.728839419710e+00,-6.266362866906e-03,1.039937688543e-01,2.264653802369e-01
2.731815907954e+00,-6.194839772098e-03,1.038546906458e-01,2.260980073064e-01
2.734792396198e+00,-6.123726698928e-03,1.037163839520e-01,2.257319616392e-01
2.737768884442e+00,-6.053023805446e-03,1.035788423446e-01,2.253672387750e-01
2.740745372686e+00,-5.982731218928e-03,1.034420594329e-01,2.250038342484e-01
2.743721860930e+00,-5.912849036228e-03,1.033060288642e-01,2.246417435895e-01
2.746698349175e+00,-5.843377324135e-03,1.031707443236e-01,2.242809623243e-01
2.749674837419e+00,-5.774316119721e-03,1.030361995339e-01,2.239214859745e-01
2.752651325663e+00,-5.705665430692e-03,1.029023882558e-01,2.235633100581e-01
2.755627813907e+00,-5.637425235732e-03,1.027693042874e-01,2.232064300893e-01
2.758604302151e+00,-5.569595484854e-03,1.026369414645e-01,2.228508415790e-01
2.761580790395e+00,-5.502176099733e-03,1.025052936605e-01,2.224965400349e-01
2.764557278639e+00,-5.435166974058e-03,1.023743547861e-01,2.221435209615e-01
2.767533766883e+00,-5.368567973862e-03,1.022441187896e-01,2.217917798607e-01
2.770510255128e+00,-5.302378937862e-03,1.021145796562e-01,2.214413122319e-01
2.773486743372e+00,-5.236599677794e-03,1.019857314089e-01,2.210921135720e-01
2.776463231616e+00,-5.171229978745e-03,1.018575681075e-01,2.207441793757e-01
2.779439719860e+00,-5.106269599483e-03,1.017300838490e-01,2.203975051361e-01
2.782416208104e+00,-5.041718272786e-03,1.016032727675e-01,2.200520863441e-01
2.785392696348e+00,-4.977575705769e-03,1.014771290340e-01,2.197079184894e-01
2.788369184592e+00,-4.913841580207e-03,1.013516468564e-01,2.193649970603e-01
2.791345672836e+00,-4.850515552856e-03,1.012268204793e-01,2.190233175439e-01
2.794322161081e+00,-4.787597255780e-03,1.011026441841e-01,2.186828754265e-01
2.797298649325e+00,-4.725086296659e-03,1.009791122890e-01,2.183436661935e-01
2.800275137569e+00,-4.662982259113e-03,1.008562191484e-01,2.180056853299e-01
2.803251625813e+00,-4.601284703015e-03,1.007339591534e-01,2.176689283205e-01
2.806228114057e+00,-4.539993164798e-03,1.006123267315e-01,2.173333906496e-01
2.809204602301e+00,-4.479107157773e-03,1.004913163464e-01,2.169990678018e-01
2.812181090545e+00,-4.418626172429e-03,1.003709224981e-01,2.166659552620e-01
2.815157578789e+00,-4.358549676744e-03,1.002511397225e-01,2.163340485153e-01
2.818134067034e+00,-4.298877116489e-03,1.001319625919e-01,2.160033430476e-01
2.821110555278e+00,-4.239607915527e-03,1.000133857142e-01,2.156738343456e-01
2.824087043522e+00,-4.180741476115e-03,9.989540373331e-02,2.153455178968e-01
2.827063531766e+00,-4.122277179200e-03,9.977801132879e-02,2.150183891902e-01
2.830040020010e+00,-4.064214384718e-03,9.966120321594e-02,2.146924437158e-01
2.833016508254e+00,-4.006552431885e-03,9.954497414555e-02,2.143676769653e-01
2.835992996498e+00,-3.949290639490e-03,9.942931890390e-02,2.140440844322e-01
2.838969484742e+00,-3.892428306184e-03,9.931423231260e-02,2.137216616118e-01
2.841945972986e+00,-3.835964710768e-03,9.919970922853e-02,2.134004040013e-01
2.844922461231e+00,-3.779899112481e-03,9.908574454373e-02,2.130803071003e-01
2.847898949475e+00,-3.724230751280e-03,9.897233318526e-02,2.127613664110e-01
2.850875437719e+00,-3.668958848124e-03,9.885947011516e-02,2.124435774377e-01
2.853851925963e+00,-3.614082605254e-03,9.874715033030e-02,2.121269356879e-01
2.856828414207e+00,-3.559601206470e-03,9.863536886227e-02,2.118114366717e-01
2.859804902451e+00,-3.505513817406e-03,9.852412077732e-02,2.114970759024e-01
2.862781390695e+00,-3.451819585808e-03,9.841340117619e-02,2.111838488966e-01
2.865757878939e+00,-3.398517641799e-03,9.830320519407e-02,2.108717511742e-01
2.868734367184e+00,-3.345607098153e-03,9.819352800041e-02,2.105607782588e-01
2.871710855428e+00,-3.293087050566e-03,9.808436479890e-02,2.102509256774e-01
2.874687343672e+00,-3.240956577916e-03,9.797571082726e-02,2.099421889613e-01
2.877663831916e+00,-3.189214742527e-03,9.786756135723e-02,2.096345636456e-01
2.880640320160e+00,-3.137860590439e-03,9.775991169437e-02,2.093280452696e-01
2.883616808404e+00,-3.086893151657e-03,9.765275717800e-02,2.090226293770e-01
2.886593296648e+00,-3.036311440419e-03,9.754609318106e-02,2.087183115160e-01
2.889569784892e+00,-2.986114455445e-03,9.743991511000e-02,2.084150872394e-01
2.892546273137e+00,-2.936301180195e-03,9.733421840467e-02,2.081129521049e-01
2.895522761381e+00,-2.886870583121e-03,9.722899853820e-02,2.078119016749e-01
2.898499249625e+00,-2.837821617915e-03,9.712425101686e-02,2.075119315172e-01
2.901475737869e+00,-2.789153223761e-03,9.701997137999e-02,2.072130372046e-01
2.904452226113e+00,-2.740864325579e-03,9.691615519984e-02,2.069152143153e-01
2.907428714357e+00,-2.692953834271e-03,9.681279808144e-02,2.066184584333e-01
2.910405202601e+00,-2.645420646961e-03,9.670989566252e-02,2.063227651478e-01
2.913381690845e+00,-2.598263647241e-03,9.660744361338e-02,2.060281300542e-01
2.916358179090e+00,-2.551481705405e-03,9.650543763673e-02,2.057345487536e-01
2.919334667334e+00,-2.505073678688e-03,9.640387346760e-02,2.054420168531e-01
2.922311155578e+00,-2.459038411501e-03,9.630274687322e-02,2.051505299663e-01
2.925287643822e+00,-2.413374735665e-03,9.620205365287e-02,2.048600837129e-01
2.928264132066e+00,-2.368081470641e-03,9.610178963779e-02,2.045706737191e-01
2.931240620310e+00,-2.323157423760e-03,9.600195069100e-02,2.042822956177e-01
2.934217108554e+00,-2.278601390452e-03,9.590253270725e-02,2.039949450482e-01
2.937193596798e+00,-2.234412154469e-03,9.580353161282e-02,2.037086176571e-01
2.940170085043e+00,-2.190588488113e-03,9.570494336544e-02,2.034233090976e-01
2.943146573287e+00,-2.147129152454e-03,9.560676395415e-02,2.031390150302e-01
2.946123061531e+00,-2.104032897552e-03,9.550898939914e-02,2.028557311226e-01
2.949099549775e+00,-2.061298462677e-03,9.541161575170e-02,2.025734530497e-01
2.952076038019e+00,-2.018924576522e-03,9.531463909398e-02,2.022921764940e-01
2.955052526263e+00,-1.976909957421e-03,9.521805553898e-02,2.020118971456e-01
2.958029014507e+00,-1.935253313562e-03,9.512186123032e-02,2.017326107021e-01
2.961005502751e+00,-1.893953343196e-03,9.502605234216e-02,2.014543128691e-01
2.963981990995e+00,-1.853008734848e-03,9.493062507907e-02,2.011769993600e-01
2.966958479240e+00,-1.812418167522e-03,9.483557567588e-02,2.009006658963e-01
2.969934967484e+00,-1.772180310911e-03,9.474090039755e-02,2.006253082076e-01
2.972911455728e+00,-1.732293825600e-03,9.464659553904e-02,2.003509220317e-01
2.975887943972e+00,-1.692757363265e-03,9.455265742520e-02,2.000775031149e-01
2.978864432216e+00,-1.653569566876e-03,9.445908241061e-02,1.998050472119e-01
2.981840920460e+00,-1.614729070895e-03,9.436586687943e-02,1.995335500859e-01
2.984817408704e+00,-1.576234501475e-03,9.427300724533e-02,1.992630075089e-01
2.987793896948e+00,-1.538084476653e-03,9.418049995129e-02,1.989934152616e-01
2.990770385193e+00,-1.500277606542e-03,9.408834146949e-02,1.987247691335e-01
2.993746873437e+00,-1.462812493529e-03,9.399652830119e-02,1.984570649233e-01
2.996723361681e+00,-1.425687732456e-03,9.390505697657e-02,1.981902984385e-01
2.999699849925e+00,-1.388901910817e-03,9.381392405463e-02,1.979244654960e-01
3.002676338169e+00,-1.352453608938e-03,9.372312612300e-02,1.976595619219e-01
3.005652826413e+00,-1.316341400167e-03,9.363265979785e-02,1.973955835516e-01
3.008629314657e+00,-1.280563851053e-03,9.354252172373e-02,1.971325262301e-01
3.011605802901e+00,-1.245119521531e-03,9.345270857347e-02,1.968703858117e-01
3.014582291146e+00,-1.210006965099e-03,9.336321704799e-02,1.966091581606e-01
3.017558779390e+00,-1.175224728997e-03,9.327404387619e-02,1.963488391505e-01
3.020535267634e+00,-1.140771354385e-03,9.318518581482e-02,1.960894246652e-01
3.023511755878e+00,-1.106645376516e-03,9.309663964833e-02,1.958309105981e-01
3.026488244122e+00,-1.072845324910e-03,9.300840218875e-02,1.955732928529e-01
3.029464732366e+00,-1.039369723524e-03,9.292047027554e-02,1.953165673429e-01
3.032441220610e+00,-1.006217090926e-03,9.283284077543e-02,1.950607299921e-01
3.035417708854e+00,-9.733859404579e-04,9.274551058232e-02,1.948057767344e-01
3.038394197099e+00,-9.408747804058e-04,9.265847661714e-02,1.945517035141e-01
3.041370685343e+00,-9.086821141636e-04,9.257173582768e-02,1.942985062859e-01
3.044347173587e+00,-8.768064403968e-04,9.248528518847e-02,1.940461810149e-01
3.047323661831e+00,-8.452462532038e-04,9.239912170066e-02,1.937947236768e-01
3.050300150075e+00,-8.140000422771e-04,9.231324239185e-02,1.935441302581e-01
3.053276638319e+00,-7.830662930607e-04,9.222764431598e-02,1.932943967556e-01
3.056253126563e+00,-7.524434869081e-04,9.214232455315e-02,1.930455191773e-01
3.059229614807e+00,-7.221301012372e-04,9.205728020953e-02,1.927974935417e-01
3.062206103052e+00,-6.921246096845e-04,9.197250841721e-02,1.925503158785e-01
3.065182591296e+00,-6.624254822576e-04,9.188800633402e-02,1.923039822281e-01
3.068159079540e+00,-6.330311854851e-04,9.180377114346e-02,1.920584886421e-01
3.071135567784e+00,-6.039401825668e-04,9.171980005448e-02,1.918138311833e-01
3.074112056028e+00,-5.751509335217e-04,9.163609030143e-02,1.915700059255e-01
3.077088544272e+00,-5.466618953327e-04,9.155263914384e-02,1.913270089538e-01
3.080065032516e+00,-5.184715220927e-04,9.146944386634e-02,1.910848363646e-01
3.083041520760e+00,-4.905782651474e-04,9.138650177850e-02,1.908434842659e-01
3.086018009005e+00,-4.629805732366e-04,9.130381021467e-02,1.906029487768e-01
3.088994497249e+00,-4.356768926345e-04,9.122136653389e-02,1.903632260280e-01
3.091970985493e+00,-4.086656672890e-04,9.113916811969e-02,1.901243121618e-01
3.094947473737e+00,-3.819453389581e-04,9.105721238002e-02,1.898862033321e-01
3.097923961981e+00,-3.555143473463e-04,9.097549674704e-02,1.896488957044e-01
3.100900450225e+00,-3.293711302379e-04,9.089401867704e-02,1.894123854561e-01
3.103876938469e+00,-3.035141236311e-04,9.081277565029e-02,1.891766687761e-01
3.106853426713e+00,-2.779417618687e-04,9.073176517085e-02,1.889417418653e-01
3.109829914957e+00,-2.526524777677e-04,9.065098476651e-02,1.887076009365e-01
3.112806403202e+00,-2.276447027489e-04,9.057043198861e-02,1.884742422143e-01
3.115782891446e+00,-2.029168669625e-04,9.049010441188e-02,1.882416619354e-01
3.118759379690e+00,-1.784673994150e-04,9.040999963435e-02,1.880098563484e-01
3.121735867934e+00,-1.542947280930e-04,9.033011527720e-02,1.877788217142e-01
3.124712356178e+00,-1.303972800861e-04,9.025044898459e-02,1.875485543055e-01
3.127688844422e+00,-1.067734817083e-04,9.017099842356e-02,1.873190504074e-01
3.130665332666e+00,-8.342175861797e-05,9.009176128387e-02,1.870903063172e-01
3.133641820910e+00,-6.034053593718e-05,9.001273527787e-02,1.868623183444e-01
3.136618309155e+00,-3.752823836811e-05,8.993391814038e-02,1.866350828108e-01
3.139594797399e+00,-1.498329030969e-05,8.985530762852e-02,1.864085960504e-01
3.142571285643e+00,7.295884027814e-06,8.977690152159e-02,1.861828544099e-01
3.145547773887e+00,2.931086050995e-05,8.969869762094e-02,1.859578542482e-01
3.148524262131e+00,5.106321496529e-05,8.962069374984e-02,1.857335919366e-01
3.151500750375e+00,7.255452307608e-05,8.954288775330e-02,1.855100638590e-01
3.154477238619e+00,9.378636026747e-05,8.946527749800e-02,1.852872664119e-01
3.157453726863e+00,1.147603016007e-04,8.938786087209e-02,1.850651960043e-01
3.160430215108e+00,1.354779216662e-04,8.931063578510e-02,1.848438490576e-01
3.163406703352e+00,1.559407944773e-04,8.923360016779e-02,1.846232220062e-01
3.166383191596e+00,1.761504933674e-04,8.915675197200e-02,1.844033112968e-01
3.169359679840e+00,1.961085908861e-04,8.908008917055e-02,1.841841133891e-01
3.172336168084e+00,2.158166586985e-04,8.900360975707e-02,1.839656247554e-01
3.175312656328e+00,2.352762674843e-04,8.892731174587e-02,1.837478418807e-01
3.178289144572e+00,2.544889868391e-04,8.885119317184e-02,1.835307612629e-01
3.181265632816e+00,2.734563851768e-04,8.877525209028e-02,1.833143794126e-01
3.184242121061e+00,2.921800296320e-04,8.869948657677e-02,1.830986928533e-01
3.187218609305e+00,3.106614859666e-04,8.862389472706e-02,1.828836981213e-01
3.190195097549e+00,3.289023184738e-04,8.854847465690e-02,1.826693917659e-01
3.193171585793e+00,3.469040898862e-04,8.847322450197e-02,1.824557703494e-01
3.196148074037e+00,3.646683612843e-04,8.839814241765e-02,1.822428304467e-01
3.199124562281e+00,3.821966920059e-04,8.832322657900e-02,1.820305686459e-01
3.202101050525e+00,3.994906395558e-04,8.824847518054e-02,1.818189815481e-01
3.205077538769e+00,4.165517595200e-04,8.817388643616e-02,1.816080657673e-01
3.208054027014e+00,4.333816054763e-04,8.809945857898e-02,1.813978179307e-01
3.211030515258e+00,4.499817289105e-04,8.802518986120e-02,1.811882346781e-01
3.214007003502e+00,4.663536791306e-04,8.795107855403e-02,1.809793126630e-01
3.216983491746e+00,4.824990031843e-04,8.787712294748e-02,1.807710485514e-01
3.219959979990e+00,4.984192457762e-04,8.780332135029e-02,1.805634390228e-01
3.222936468234e+00,5.141159491866e-04,8.772967208976e-02,1.803564807695e-01
3.225912956478e+00,5.295906531919e-04,8.765617351166e-02,1.801501704972e-01
3.228889444722e+00,5.448448949859e-04,8.758282398006e-02,1.799445049244e-01
3.231865932966e+00,5.598802091010e-04,8.750962187722e-02,1.797394807831e-01
3.234842421211e+00,5.746981273330e-04,8.743656560350e-02,1.795350948183e-01
3.237818909455e+00,5.893001786648e-04,8.736365357714e-02,1.793313437882e-01
3.240795397699e+00,6.036878891913e-04,8.729088423423e-02,1.791282244640e-01
3.243771885943e+00,6.178627820477e-04,8.721825602852e-02,1.789257336304e-01
3.246748374187e+00,6.318263773357e-04,8.714576743132e-02,1.787238680851e-01
3.249724862431e+00,6.455801920530e-04,8.707341693136e-02,1.785226246391e-01
3.252701350675e+00,6.591257400231e-04,8.700120303469e-02,1.783220001166e-01
3.255677838919e+00,6.724645318261e-04,8.692912426451e-02,1.781219913549e-01
3.258654327164e+00,6.855980747307e-04,8.685717916108e-02,1.779225952048e-01
3.261630815408e+00,6.985278726270e-04,8.678536628160e-02,1.777238085300e-01
3.264607303652e+00,7.112554259608e-04,8.671368420004e-02,1.775256282078e-01
3.267583791896e+00,7.237822316687e-04,8.664213150707e-02,1.773280511285e-01
3.270560280140e+00,7.361097831137e-04,8.657070680990e-02,1.771310741956e-01
3.273536768384e+00,7.482395700226e-04,8.649940873217e-02,1.769346943261e-01
3.276513256628e+00,7.601730784242e-04,8.642823591385e-02,1.767389084501e-01
3.279489744872e+00,7.719117905884e-04,8.635718701105e-02,1.765437135109e-01
3.282466233117e+00,7.834571849655e-04,8.628626069597e-02,1.763491064651e-01
3.285442721361e+00,7.948107361282e-04,8.621545565675e-02,1.761550842827e-01
3.288419209605e+00,8.059739147129e-04,8.614477059734e-02,1.759616439467e-01
3.291395697849e+00,8.169481873633e-04,8.607420423739e-02,1.757687824536e-01
3.294372186093e+00,8.277350166740e-04,8.600375531212e-02,1.755764968129e-01
3.297348674337e+00,8.383358611349e-04,8.593342257221e-02,1.753847840475e-01
3.300325162581e+00,8.487521750777e-04,8.586320478370e-02,1.751936411936e-01
3.303301650825e+00,8.589854086228e-04,8.579310072781e-02,1.750030653005e-01
3.306278139070e+00,8.690370076260e-04,8.572310920089e-02,1.748130534307e-01
3.309254627314e+00,8.789084136280e-04,8.565322901424e-02,1.746236026602e-01
3.312231115558e+00,8.886010638034e-04,8.558345899407e-02,1.744347100779e-01
3.315207603802e+00,8.981163909115e-04,8.551379798129e-02,1.742463727860e-01
3.318184092046e+00,9.074558232476e-04,8.544424483146e-02,1.740585879000e-01
3.321160580290e+00,9.166207845945e-04,8.537479841465e-02,1.738713525487e-01
3.324137068534e+00,9.256126941768e-04,8.530545761533e-02,1.736846638737e-01
3.327113556778e+00,9.344329666134e-04,8.523622133224e-02,1.734985190302e-01
3.330090045023e+00,9.430830118737e-04,8.516708847830e-02,1.733129151863e-01
3.333066533267e+00,9.515642352327e-04,8.509805798046e-02,1.731278495234e-01
3.336043021511e+00,9.598780372273e-04,8.502912877964e-02,1.729433192359e-01
3.339019509755e+00,9.680258136139e-04,8.496029983054e-02,1.727593215317e-01
3.341995997999e+00,9.760089553269e-04,8.489157010160e-02,1.725758536313e-01
3.344972486243e+00,9.838288484376e-04,8.482293857486e-02,1.723929127687e-01
3.347948974487e+00,9.914868741141e-04,8.475440424582e-02,1.722104961909e-01
3.350925462731e+00,9.989844085816e-04,8.468596612336e-02,1.720286011580e-01
3.353901950975e+00,1.006322823085e-03,8.461762322965e-02,1.718472249430e-01
3.356878439220e+00,1.013503483850e-03,8.454937459996e-02,1.716663648323e-01
3.359854927464e+00,1.020527752047e-03,8.448121928265e-02,1.714860181250e-01
3.362831415708e+00,1.027396983755e-03,8.441315633897e-02,1.713061821334e-01
3.365807903952e+00,1.034112529925e-03,8.434518484301e-02,1.711268541828e-01
3.368784392196e+00,1.040675736350e-03,8.427730388157e-02,1.709480316116e-01
3.371760880440e+00,1.047087943624e-03,8.420951255404e-02,1.707697117708e-01
3.374737368684e+00,1.053350487115e-03,8.414180997233e-02,1.705918920248e-01
3.377713856928e+00,1.059464696930e-03,8.407419526071e-02,1.704145697508e-01
3.380690345173e+00,1.065431897885e-03,8.400666755575e-02,1.702377423387e-01
3.383666833417e+00,1.071253409474e-03,8.393922600617e-02,1.700614071915e-01
3.386643321661e+00,1.076930545837e-03,8.387186977278e-02,1.698855617252e-01
3.389619809905e+00,1.082464615733e-03,8.380459802835e-02,1.697102033685e-01
3.392596298149e+00,1.087856922512e-03,8.373740995748e-02,1.695353295629e-01
3.395572786393e+00,1.093108764086e-03,8.367030475656e-02,1.693609377628e-01
3.398549274637e+00,1.098221432900e-03,8.360328163359e-02,1.691870254353e-01
3.401525762881e+00,1.103196215909e-03,8.353633980815e-02,1.690135900606e-01
3.404502251126e+00,1.108034394551e-03,8.346947851124e-02,1.688406291312e-01
3.407478739370e+00,1.112737244723e-03,8.340269698518e-02,1.686681401526e-01
3.410455227614e+00,1.117306036753e-03,8.333599448358e-02,1.684961206430e-01
3.413431715858e+00,1.121742035382e-03,8.326937027112e-02,1.683245681333e-01
3.416408204102e+00,1.126046499735e-03,8.320282362357e-02,1.681534801669e-01
3.419384692346e+00,1.130220683304e-03,8.313635382760e-02,1.679828543000e-01
3.422361180590e+00,1.134265833925e-03,8.306996018071e-02,1.678126881013e-01
3.425337668834e+00,1.138183193754e-03,8.300364199115e-02,1.676429791522e-01
3.428314157079e+00,1.141973999249e-03,8.293739857779e-02,1.674737250465e-01
3.431290645323e+00,1.145639481153e-03,8.287122927005e-02,1.673049233908e-01
3.434267133567e+00,1.149180864468e-03,8.280513340777e-02,1.671365718040e-01
3.437243621811e+00,1.152599368446e-03,8.273911034115e-02,1.669686679174e-01
3.440220110055e+00,1.155896206561e-03,8.267315943060e-02,1.668012093750e-01
3.443196598299e+00,1.159072586499e-03,8.260728004671e-02,1.666341938331e-01
3.446173086543e+00,1.162129710141e-03,8.254147157009e-02,1.664676189603e-01
3.449149574787e+00,1.165068773543e-03,8.247573339134e-02,1.663014824378e-01
3.452126063032e+00,1.167890966923e-03,8.241006491087e-02,1.661357819590e-01
3.455102551276e+00,1.170597474647e-03,8.234446553890e-02,1.659705152295e-01
3.458079039520e+00,1.173189475215e-03,8.227893469529e-02,1.658056799675e-01
3.461055527764e+00,1.175668141245e-03,8.221347180950e-02,1.656412739031e-01
3.464032016008e+00,1.178034639461e-03,8.214807632044e-02,1.654772947789e-01
3.467008504252e+00,1.180290130683e-03,8.208274767645e-02,1.653137403496e-01
3.469984992496e+00,1.182435769813e-03,8.201748533514e-02,1.651506083819e-01
3.472961480740e+00,1.184472705821e-03,8.195228876335e-02,1.649878966549e-01
3.475937968984e+00,1.186402081739e-03,8.188715743700e-02,1.648256029597e-01
3.478914457229e+00,1.188225034651e-03,8.182209084109e-02,1.646637250993e-01
3.481890945473e+00,1.189942695676e-03,8.175708846950e-02,1.645022608891e-01
3.484867433717e+00,1.191556189969e-03,8.169214982499e-02,1.643412081561e-01
3.487843921961e+00,1.193066636704e-03,8.162727441907e-02,1.641805647395e-01
3.490820410205e+00,1.194475149071e-03,8.156246177192e-02,1.640203284905e-01
3.493796898449e+00,1.195782834266e-03,8.149771141230e-02,1.638604972720e-01
3.496773386693e+00,1.196990793484e-03,8.143302287745e-02,1.637010689590e-01
3.499749874937e+00,1.198100121914e-03,8.136839571304e-02,1.635420414381e-01
3.502726363182e+00,1.199111908732e-03,8.130382947305e-02,1.633834126079e-01
3.505702851426e+00,1.200027237095e-03,8.123932371968e-02,1.632251803787e-01
3.508679339670e+00,1.200847184136e-03,8.117487802330e-02,1.630673426725e-01
3.511655827914e+00,1.201572820961e-03,8.111049196233e-02,1.629098974231e-01
3.514632316158e+00,1.202205212641e-03,8.104616512317e-02,1.627528425759e-01
3.517608804402e+00,1.202745418215e-03,8.098189710013e-02,1.625961760879e-01
3.520585292646e+00,1.203194490678e-03,8.091768749532e-02,1.624398959278e-01
3.523561780890e+00,1.203553476986e-03,8.085353591857e-02,1.622840000757e-01
3.526538269135e+00,1.203823418051e-03,8.078944198737e-02,1.621284865235e-01
3.529514757379e+00,1.204005348738e-03,8.072540532678e-02,1.619733532743e-01
3.532491245623e+00,1.204100297866e-03,8.066142556933e-02,1.618185983429e-01
3.535467733867e+00,1.204109288203e-03,8.059750235495e-02,1.616642197552e-01
3.538444222111e+00,1.204033336472e-03,8.053363533091e-02,1.615102155489e-01
3.541420710355e+00,1.203873453344e-03,8.046982415170e-02,1.613565837727e-01
3.544397198599e+00,1.203630643443e-03,8.040606847900e-02,1.612033224868e-01
3.547373686843e+00,1.203305905345e-03,8.034236798155e-02,1.610504297626e-01
3.550350175088e+00,1.202900231582e-03,8.027872233511e-02,1.608979036826e-01
3.553326663332e+00,1.202414608638e-03,8.021513122235e-02,1.607457423409e-01
3.556303151576e+00,1.201850016955e-03,8.015159433281e-02,1.605939438422e-01
3.559279639820e+00,1.201207430937e-03,8.008811136280e-02,1.604425063028e-01
3.562256128064e+00,1.200487818948e-03,8.002468201532e-02,1.602914278499e-01
3.565232616308e+00,1.199692143319e-03,7.996130599999e-02,1.601407066216e-01
3.568209104552e+00,1.198821360351e-03,7.989798303298e-02,1.599903407673e-01
3.571185592796e+00,1.197876420318e-03,7.983471283694e-02,1.598403284471e-01
3.574162081041e+00,1.196858267471e-03,7.977149514090e-02,1.596906678322e-01
3.577138569285e+00,1.195767840045e-03,7.970832968022e-02,1.595413571046e-01
3.580115057529e+00,1.194606070261e-03,7.964521619652e-02,1.593923944572e-01
3.583091545773e+00,1.193373884335e-03,7.958215443757e-02,1.592437780936e-01
3.586068034017e+00,1.192072202482e-03,7.951914415727e-02,1.590955062284e-01
3.589044522261e+00,1.190701938920e-03,7.945618511555e-02,1.589475770867e-01
3.592021010505e+00,1.189264001881e-03,7.939327707827e-02,1.587999889043e-01
3.594997498749e+00,1.187759293614e-03,7.933041981722e-02,1.586527399279e-01
3.597973986993e+00,1.186188710396e-03,7.926761310998e-02,1.585058284146e-01
3.600950475238e+00,1.184553142536e-03,7.920485673990e-02,1.583592526320e-01
3.603926963482e+00,1.182853474384e-03,7.914215049599e-02,1.582130108584e-01
3.606903451726e+00,1.181090584339e-03,7.907949417289e-02,1.580671013826e-01
3.609879939970e+00,1.179265344862e-03,7.901688757076e-02,1.579215225037e-01
3.612856428214e+00,1.177378622475e-03,7.895433049526e-02,1.577762725314e-01
3.615832916458e+00,1.175431277782e-03,7.889182275742e-02,1.576313497856e-01
3.618809404702e+00,1.173424165467e-03,7.882936417365e-02,1.574867525966e-01
3.621785892946e+00,1.171358134314e-03,7.876695456561e-02,1.573424793049e-01
3.624762381191e+00,1.169234027210e-03,7.870459376017e-02,1.571985282615e-01
3.627738869435e+00,1.167052681159e-03,7.864228158933e-02,1.570548978273e-01
3.630715357679e+00,1.164814927290e-03,7.858001789019e-02,1.569115863736e-01
3.633691845923e+00,1.162521590871e-03,7.851780250484e-02,1.567685922816e-01
3.636668334167e+00,1.160173491318e-03,7.845563528033e-02,1.566259139427e-01
3.639644822411e+00,1.157771442207e-03,7.839351606858e-02,1.564835497585e-01
3.642621310655e+00,1.155316251287e-03,7.833144472633e-02,1.563414981403e-01
3.645597798899e+00,1.152808720491e-03,7.826942111509e-02,1.561997575095e-01
3.648574287144e+00,1.150249645947e-03,7.820744510105e-02,1.560583262975e-01
3.651550775388e+00,1.147639817992e-03,7.814551655504e-02,1.559172029455e-01
3.654527263632e+00,1.144980021188e-03,7.808363535246e-02,1.557763859043e-01
3.657503751876e+00,1.142271034328e-03,7.802180137322e-02,1.556358736350e-01
3.660480240120e+00,1.139513630457e-03,7.796001450167e-02,1.554956646079e-01
3.663456728364e+00,1.136708576879e-03,7.789827462656e-02,1.553557573034e-01
3.666433216608e+00,1.133856635174e-03,7.783658164096e-02,1.552161502114e-01
3.669409704852e+00,1.130958561215e-03,7.777493544222e-02,1.550768418315e-01
3.672386193097e+00,1.128015105176e-03,7.771333593190e-02,1.549378306727e-01
3.675362681341e+00,1.125027011551e-03,7.765178301570e-02,1.547991152537e-01
3.678339169585e+00,1.121995019168e-03,7.759027660343e-02,1.546606941027e-01
3.681315657829e+00,1.118919861202e-03,7.752881660894e-02,1.545225657573e-01
3.684292146073e+00,1.115802265193e-03,7.746740295004e-02,1.543847287646e-01
3.687268634317e+00,1.112642953062e-03,7.740603554848e-02,1.542471816808e-01
3.690245122561e+00,1.109442641121e-03,7.734471432989e-02,1.541099230717e-01
3.693221610805e+00,1.106202040097e-03,7.728343922368e-02,1.539729515124e-01
3.696198099050e+00,1.102921855140e-03,7.722221016306e-02,1.538362655869e-01
3.699174587294e+00,1.099602785845e-03,7.716102708489e-02,1.536998638889e-01
3.702151075538e+00,1.096245526268e-03,7.709988992973e-02,1.535637450208e-01
3.705127563782e+00,1.092850764939e-03,7.703879864171e-02,1.534279075944e-01
3.708104052026e+00,1.089419184883e-03,7.697775316849e-02,1.532923502305e-01
3.711080540270e+00,1.085951463633e-03,7.691675346125e-02,1.531570715588e-01
3.714057028514e+00,1.082448273251e-03,7.685579947459e-02,1.530220702181e-01
3.717033516758e+00,1.078910280345e-03,7.679489116647e-02,1.528873448562e-01
3.720010005003e+00,1.075338146084e-03,7.673402849823e-02,1.527528941298e-01
3.722986493247e+00,1.071732526216e-03,7.667321143444e-02,1.526187167041e-01
3.725962981491e+00,1.068094071090e-03,7.661243994294e-02,1.524848112537e-01
3.728939469735e+00,1.064423425669e-03,7.655171399474e-02,1.523511764616e-01
3.731915957979e+00,1.060721229553e-03,7.649103356396e-02,1.522178110195e-01
3.734892446223e+00,1.056988116992e-03,7.643039862781e-02,1.520847136280e-01
3.737868934467e+00,1.053224716910e-03,7.636980916656e-02,1.519518829962e-01
3.740845422711e+00,1.049431652921e-03,7.630926516340e-02,1.518193178419e-01
3.743821910955e+00,1.045609543348e-03,7.624876660452e-02,1.516870168913e-01
3.746798399200e+00,1.041759001241e-03,7.618831347896e-02,1.515549788793e-01
3.749774887444e+00,1.037880634400e-03,7.612790577859e-02,1.514232025491e-01
3.752751375688e+00,1.033975045391e-03,7.606754349809e-02,1.512916866525e-01
3.755727863932e+00,1.030042831565e-03,7.600722663489e-02,1.511604299497e-01
3.758704352176e+00,1.026084585080e-03,7.594695518910e-02,1.510294312090e-01
3.761680840420e+00,1.022100892920e-03,7.588672916350e-02,1.508986892072e-01
3.764657328664e+00,1.018092336916e-03,7.582654856345e-02,1.507682027294e-01
3.767633816908e+00,1.014059493761e-03,7.576641339690e-02,1.506379705689e-01
3.770610305153e+00,1.010002935036e-03,7.570632367430e-02,1.505079915269e-01
3.773586793397e+00,1.005923227229e-03,7.564627940859e-02,1.503782644132e-01
3.776563281641e+00,1.001820931752e-03,7.558628061512e-02,1.502487880454e-01
3.779539769885e+00,9.976966049670e-04,7.552632731163e-02,1.501195612492e-01
3.782516258129e+00,9.935507981998e-04,7.546641951821e-02,1.499905828582e-01
3.785492746373e+00,9.893840577672e-04,7.540655725725e-02,1.498618517143e-01
3.788469234617e+00,9.851969249940e-04,7.534674055339e-02,1.497333666670e-01
3.791445722861e+00,9.809899362349e-04,7.528696943349e-02,1.496051265737e-01
3.794422211106e+00,9.767636228961e-04,7.522724392657e-02,1.494771302999e-01
3.797398699350e+00,9.725185114555e-04,7.516756406382e-02,1.493493767187e-01
3.800375187594e+00,9.682551234848e-04,7.510792987847e-02,1.492218647109e-01
3.803351675838e+00,9.639739756701e-04,7.504834140584e-02,1.490945931652e-01
3.806328164082e+00,9.596755798336e-04,7.498879868326e-02,1.489675609778e-01
3.809304652326e+00,9.553604429552e-04,7.492930175001e-02,1.488407670528e-01
3.812281140570e+00,9.510290671941e-04,7.486985064731e-02,1.487142103014e-01
3.815257628814e+00,9.466819499104e-04,7.481044541830e-02,1.485878896429e-01
3.818234117059e+00,9.423195836867e-04,7.475108610793e-02,1.484618040038e-01
3.821210605303e+00,9.379424563501e-04,7.469177276300e-02,1.483359523181e-01
3.824187093547e+00,9.335510509944e-04,7.463250543209e-02,1.482103335273e-01
3.827163581791e+00,9.291458460012e-04,7.457328416550e-02,1.480849465801e-01
3.830140070035e+00,9.247273150630e-04,7.451410901524e-02,1.479597904329e-01
3.833116558279e+00,9.202959272049e-04,7.445498003501e-02,1.478348640489e-01
3.836093046523e+00,9.158521468067e-04,7.439589728012e-02,1.477101663991e-01
3.839069534767e+00,9.113964336250e-04,7.433686080748e-02,1.475856964612e-01
3.842046023012e+00,9.069292428159e-04,7.427787067556e-02,1.474614532206e-01
3.845022511256e+00,9.024510249575e-04,7.421892694436e-02,1.473374356694e-01
3.847998999500e+00,8.979622260715e-04,7.416002967537e-02,1.472136428069e-01
3.850975487744e+00,8.934632876467e-04,7.410117893152e-02,1.470900736397e-01
3.853951975988e+00,8.889546466613e-04,7.404237477718e-02,1.469667271812e-01
3.856928464232e+00,8.844367356047e-04,7.398361727810e-02,1.468436024517e-01
3.859904952476e+00,8.799099825014e-04,7.392490650138e-02,1.467206984787e-01
3.862881440720e+00,8.753748109326e-04,7.386624251544e-02,1.465980142962e-01
3.865857928964e+00,8.708316400595e-04,7.380762539000e-02,1.464755489455e-01
3.868834417209e+00,8.662808846461e-04,7.374905519602e-02,1.463533014745e-01
3.871810905453e+00,8.617229550821e-04,7.369053200568e-02,1.462312709377e-01
3.874787393697e+00,8.571582574051e-04,7.363205589237e-02,1.461094563967e-01
3.877763881941e+00,8.525871933242e-04,7.357362693062e-02,1.459878569195e-01
3.880740370185e+00,8.480101602427e-04,7.351524519610e-02,1.458664715809e-01
3.883716858429e+00,8.434275512808e-04,7.345691076558e-02,1.457452994622e-01
3.886693346673e+00,8.388397552993e-04,7.339862371688e-02,1.456243396514e-01
3.889669834917e+00,8.342471569218e-04,7.334038412886e-02,1.455035912429e-01
3.892646323162e+00,8.296501365583e-04,7.328219208141e-02,1.453830533378e-01
3.895622811406e+00,8.250490704281e-04,7.322404765537e-02,1.452627250434e-01
3.898599299650e+00,8.204443305824e-04,7.316595093254e-02,1.451426054736e-01
3.901575787894e+00,8.158362849288e-04,7.310790199563e-02,1.450226937487e-01
3.904552276138e+00,8.112252972523e-04,7.304990092825e-02,1.449029889951e-01
3.907528764382e+00,8.066117272408e-04,7.299194781487e-02,1.447834903457e-01
3.910505252626e+00,8.019959305066e-04,7.293404274079e-02,1.446641969396e-01
3.913481740870e+00,7.973782586098e-04,7.287618579212e-02,1.445451079222e-01
3.916458229115e+00,7.927590590825e-04,7.281837705574e-02,1.444262224450e-01
3.919434717359e+00,7.881386754507e-04,7.276061661930e-02,1.443075396656e-01
3.922411205603e+00,7.835174472582e-04,7.270290457115e-02,1.441890587479e-01
3.925387693847e+00,7.788957100900e-04,7.264524100036e-02,1.440707788616e-01
3.928364182091e+00,7.742737955949e-04,7.258762599665e-02,1.439526991827e-01
3.931340670335e+00,7.696520315089e-04,7.253005965042e-02,1.438348188930e-01
3.934317158579e+00,7.650307416790e-04,7.247254205266e-02,1.437171371802e-01
3.937293646823e+00,7.604102460855e-04,7.241507329496e-02,1.435996532382e-01
3.940270135068e+00,7.557908608662e-04,7.235765346950e-02,1.434823662665e-01
3.943246623312e+00,7.511728983381e-04,7.230028266898e-02,1.433652754706e-01
3.946223111556e+00,7.465566670227e-04,7.224296098664e-02,1.432483800618e-01
3.949199599800e+00,7.419424716676e-04,7.218568851621e-02,1.431316792570e-01
3.952176088044e+00,7.373306132700e-04,7.212846535189e-02,1.430151722790e-01
3.955152576288e+00,7.327213891003e-04,7.207129158834e-02,1.428988583562e-01
3.958129064532e+00,7.281150927249e-04,7.201416732064e-02,1.427827367228e-01
3.961105552776e+00,7.235120140293e-04,7.195709264427e-02,1.426668066184e-01
3.964082041021e+00,7.189124392418e-04,7.190006765510e-02,1.425510672883e-01
3.967058529265e+00,7.143166509561e-04,7.184309244934e-02,1.424355179834e-01
3.970035017509e+00,7.097249281545e-04,7.178616712357e-02,1.423201579600e-01
3.973011505753e+00,7.051375462309e-04,7.172929177466e-02,1.422049864799e-01
3.975987993997e+00,7.005547770138e-04,7.167246649976e-02,1.420900028103e-01
3.978964482241e+00,6.959768887902e-04,7.161569139633e-02,1.419752062240e-01
3.981940970485e+00,6.914041463273e-04,7.155896656204e-02,1.418605959989e-01
3.984917458729e+00,6.868368108965e-04,7.150229209482e-02,1.417461714183e-01
3.987893946973e+00,6.822751402961e-04,7.144566809279e-02,1.416319317710e-01
3.990870435218e+00,6.777193888734e-04,7.138909465427e-02,1.415178763507e-01
3.993846923462e+00,6.731698075493e-04,7.133257187774e-02,1.414040044566e-01
3.996823411706e+00,6.686266438400e-04,7.127609986184e-02,1.412903153929e-01
3.999799899950e+00,6.640901418800e-04,7.121967870533e-02,1.411768084692e-01
4.002776388194e+00,6.595605424445e-04,7.116330850707e-02,1.410634830000e-01
4.005752876438e+00,6.550380829742e-04,7.110698936604e-02,1.409503383048e-01
4.008729364682e+00,6.505229975948e-04,7.105072138127e-02,1.408373737084e-01
4.011705852926e+00,6.460155171428e-04,7.099450465185e-02,1.407245885406e-01
4.014682341171e+00,6.415158691861e-04,7.093833927690e-02,1.406119821358e-01
4.017658829415e+00,6.370242780479e-04,7.088222535556e-02,1.404995538338e-01
4.020635317659e+00,6.325409648288e-04,7.082616298698e-02,1.403873029791e-01
4.023611805903e+00,6.280661474289e-04,7.077015227028e-02,1.402752289210e-01
4.026588294147e+00,6.236000405712e-04,7.071419330456e-02,1.401633310138e-01
4.029564782391e+00,6.191428558238e-04,7.065828618884e-02,1.400516086166e-01
4.032541270635e+00,6.146948016217e-04,7.060243102209e-02,1.399400610930e-01
4.035517758879e+00,6.102560832902e-04,7.054662790320e-02,1.398286878117e-01
4.038494247124e+00,6.058269030667e-04,7.049087693094e-02,1.397174881459e-01
4.041470735368e+00,6.014074601225e-04,7.043517820399e-02,1.396064614736e-01
4.044447223612e+00,5.969979505864e-04,7.037953182085e-02,1.394956071772e-01
4.047423711856e+00,5.925985675658e-04,7.032393787993e-02,1.393849246440e-01
4.050400200100e+00,5.882095011686e-04,7.026839647942e-02,1.392744132656e-01
4.053376688344e+00,5.838309385267e-04,7.021290771736e-02,1.391640724384e-01
4.056353176588e+00,5.794630638165e-04,7.015747169159e-02,1.390539015631e-01
4.059329664832e+00,5.751060582819e-04,7.010208849973e-02,1.389439000449e-01
4.062306153077e+00,5.707601002561e-04,7.004675823919e-02,1.388340672936e-01
4.065282641321e+00,5.664253651831e-04,6.999148100714e-02,1.387244027233e-01
4.068259129565e+00,5.621020256396e-04,6.993625690047e-02,1.386149057525e-01
4.071235617809e+00,5.577902513573e-04,6.988108601585e-02,1.385055758039e-01
4.074212106053e+00,5.534902092437e-04,6.982596844962e-02,1.383964123047e-01
4.077188594297e+00,5.492020634050e-04,6.977090429787e-02,1.382874146863e-01
4.080165082541e+00,5.449259751664e-04,6.971589365634e-02,1.381785823845e-01
4.083141570785e+00,5.406621030944e-04,6.966093662050e-02,1.380699148390e-01
4.086118059030e+00,5.364106030183e-04,6.960603328543e-02,1.379614114940e-01
4.089094547274e+00,5.321716280515e-04,6.955118374590e-02,1.378530717977e-01
4.092071035518e+00,5.279453286124e-04,6.949638809633e-02,1.377448952024e-01
4.095047523762e+00,5.237318524464e-04,6.944164643073e-02,1.376368811647e-01
4.098024012006e+00,5.195313446464e-04,6.938695884276e-02,1.375290291450e-01
4.101000500250e+00,5.153439476751e-04,6.933232542569e-02,1.374213386079e-01
4.103976988494e+00,5.111698013849e-04,6.927774627235e-02,1.373138090219e-01
4.106953476738e+00,5.070090430394e-04,6.922322147518e-02,1.372064398597e-01
4.109929964982e+00,5.028618073345e-04,6.916875112618e-02,1.370992305975e-01
4.112906453227e+00,4.987282264193e-04,6.911433531692e-02,1.369921807160e-01
4.115882941471e+00,4.946084299167e-04,6.905997413850e-02,1.368852896992e-01
4.118859429715e+00,4.905025449442e-04,6.900566768159e-02,1.367785570353e-01
4.121835917959e+00,4.864106961349e-04,6.895141603636e-02,1.366719822164e-01
4.124812406203e+00,4.823330056575e-04,6.889721929250e-02,1.365655647380e-01
4.127788894447e+00,4.782695932378e-04,6.884307753922e-02,1.364593040998e-01
4.130765382691e+00,4.742205761784e-04,6.878899086522e-02,1.363531998050e-01
4.133741870935e+00,4.701860693792e-04,6.873495935869e-02,1.362472513606e-01
4.136718359180e+00,4.661661853581e-04,6.868098310731e-02,1.361414582770e-01
4.139694847424e+00,4.621610342711e-04,6.862706219819e-02,1.360358200688e-01
4.142671335668e+00,4.581707239322e-04,6.857319671795e-02,1.359303362537e-01
4.145647823912e+00,4.541953598339e-04,6.851938675262e-02,1.358250063533e-01
4.148624312156e+00,4.502350451674e-04,6.846563238770e-02,1.357198298926e-01
4.151600800400e+00,4.462898808417e-04,6.841193370810e-02,1.356148064002e-01
4.154577288644e+00,4.423599655048e-04,6.835829079818e-02,1.355099354082e-01
4.157553776888e+00,4.384453955621e-04,6.830470374168e-02,1.354052164523e-01
4.160530265133e+00,4.345462651973e-04,6.825117262179e-02,1.353006490715e-01
4.163506753377e+00,4.306626663915e-04,6.819769752106e-02,1.351962328082e-01
4.166483241621e+00,4.267946889427e-04,6.814427852146e-02,1.350919672083e-01
4.169459729865e+00,4.229424204859e-04,6.809091570433e-02,1.349878518211e-01
4.172436218109e+00,4.191059465118e-04,6.803760915040e-02,1.348838861992e-01
4.175412706353e+00,4.152853503866e-04,6.798435893974e-02,1.347800698984e-01
4.178389194597e+00,4.114807133710e-04,6.793116515182e-02,1.346764024780e-01
4.181365682841e+00,4.076921146400e-04,6.787802786543e-02,1.345728835004e-01
4.184342171086e+00,4.039196313010e-04,6.782494715874e-02,1.344695125313e-01
4.187318659330e+00,4.001633384136e-04,6.777192310923e-02,1.343662891397e-01
4.190295147574e+00,3.964233090086e-04,6.771895579373e-02,1.342632128976e-01
4.193271635818e+00,3.926996141063e-04,6.766604528840e-02,1.341602833803e-01
4.196248124062e+00,3.889923227355e-04,6.761319166872e-02,1.340575001662e-01
4.199224612306e+00,3.853015019527e-04,6.756039500948e-02,1.339548628368e-01
4.202201100550e+00,3.816272168602e-04,6.750765538479e-02,1.338523709767e-01
4.205177588794e+00,3.779695306244e-04,6.745497286804e-02,1.337500241734e-01
4.208154077039e+00,3.743285044953e-04,6.740234753195e-02,1.336478220178e-01
4.211130565283e+00,3.707041978234e-04,6.734977944850e-02,1.335457641034e-01
4.214107053527e+00,3.670966680794e-04,6.729726868898e-02,1.334438500269e-01
4.217083541771e+00,3.635059708716e-04,6.724481532396e-02,1.333420793880e-01
4.220060030015e+00,3.599321599643e-04,6.719241942327e-02,1.332404517891e-01
4.223036518259e+00,3.563752872956e-04,6.714008105601e-02,1.331389668358e-01
4.226013006503e+00,3.528354029956e-04,6.708780029058e-02,1.330376241363e-01
4.228989494747e+00,3.493125554038e-04,6.703557719460e-02,1.329364233019e-01
4.231965982991e+00,3.458067910881e-04,6.698341183497e-02,1.328353639466e-01
4.234942471236e+00,3.423181548607e-04,6.693130427783e-02,1.327344456873e-01
4.237918959480e+00,3.388466897977e-04,6.687925458858e-02,1.326336681435e-01
4.240895447724e+00,3.353924372544e-04,6.682726283186e-02,1.325330309376e-01
4.243871935968e+00,3.319554368849e-04,6.677532907154e-02,1.324325336948e-01
4.246848424212e+00,3.285357266581e-04,6.672345337073e-02,1.323321760430e-01
4.249824912456e+00,3.251333428753e-04,6.667163579177e-02,1.322319576125e-01
4.252801400700e+00,3.217483201873e-04,6.661987639625e-02,1.321318780368e-01
4.255777888944e+00,3.183806916121e-04,6.656817524494e-02,1.320319369515e-01
4.258754377189e+00,3.150304885509e-04,6.651653239787e-02,1.319321339952e-01
4.261730865433e+00,3.116977408057e-04,6.646494791427e-02,1.318324688089e-01
4.264707353677e+00,3.083824765963e-04,6.641342185258e-02,1.317329410363e-01
4.267683841921e+00,3.050847225762e-04,6.636195427046e-02,1.316335503236e-01
4.270660330165e+00,3.018045038500e-04,6.631054522478e-02,1.315342963196e-01
4.273636818409e+00,2.985418439897e-04,6.625919477160e-02,1.314351786754e-01
4.276613306653e+00,2.952967650512e-04,6.620790296620e-02,1.313361970448e-01
4.279589794897e+00,2.920692875908e-04,6.615666986304e-02,1.312373510840e-01
4.282566283142e+00,2.888594306811e-04,6.610549551578e-02,1.311386404516e-01
4.285542771386e+00,2.856672119279e-04,6.605437997730e-02,1.310400648088e-01
4.288519259630e+00,2.824926474857e-04,6.600332329964e-02,1.309416238189e-01
4.291495747874e+00,2.793357520740e-04,6.595232553405e-02,1.308433171479e-01
4.294472236118e+00,2.761965389931e-04,6.590138673095e-02,1.307451444639e-01
4.297448724362e+00,2.730750201403e-04,6.585050693995e-02,1.306471054375e-01
4.300425212606e+00,2.699712060252e-04,6.579968620986e-02,1.305491997415e-01
4.303401700850e+00,2.668851057859e-04,6.574892458865e-02,1.304514270511e-01
4.306378189095e+00,2.638167272041e-04,6.569822212348e-02,1.303537870438e-01
4.309354677339e+00,2.607660767208e-04,6.564757886068e-02,1.302562793991e-01
4.312331165583e+00,2.577331594519e-04,6.559699484578e-02,1.301589037991e-01
4.315307653827e+00,2.547179792034e-04,6.554647012345e-02,1.300616599278e-01
4.318284142071e+00,2.517205384861e-04,6.549600473756e-02,1.299645474716e-01
4.321260630315e+00,2.487408385320e-04,6.544559873113e-02,1.298675661189e-01
4.324237118559e+00,2.457788793080e-04,6.539525214639e-02,1.297707155605e-01
4.327213606803e+00,2.428346595315e-04,6.534496502469e-02,1.296739954891e-01
4.330190095048e+00,2.399081766855e-04,6.529473740659e-02,1.295774055996e-01
4.333166583292e+00,2.369994270334e-04,6.524456933180e-02,1.294809455890e-01
4.336143071536e+00,2.341084056326e-04,6.519446083919e-02,1.293846151563e-01
4.339119559780e+00,2.312351063504e-04,6.514441196682e-02,1.292884140028e-01
4.342096048024e+00,2.283795218784e-04,6.509442275189e-02,1.291923418315e-01
4.345072536268e+00,2.255416437458e-04,6.504449323078e-02,1.290963983475e-01
4.348049024512e+00,2.227214623356e-04,6.499462343905e-02,1.290005832582e-01
4.351025512756e+00,2.199189668967e-04,6.494481341138e-02,1.289048962726e-01
4.354002001001e+00,2.171341455601e-04,6.489506318167e-02,1.288093371019e-01
4.356978489245e+00,2.143669853512e-04,6.484537278294e-02,1.287139054591e-01
4.359954977489e+00,2.116174722053e-04,6.479574224741e-02,1.286186010591e-01
4.362931465733e+00,2.088855909808e-04,6.474617160642e-02,1.285234236190e-01
4.365907953977e+00,2.061713254723e-04,6.469666089051e-02,1.284283728574e-01
4.368884442221e+00,2.034746584263e-04,6.464721012939e-02,1.283334484950e-01
4.371860930465e+00,2.007955715524e-04,6.459781935190e-02,1.282386502543e-01
4.374837418709e+00,1.981340455388e-04,6.454848858606e-02,1.281439778596e-01
4.377813906953e+00,1.954900600646e-04,6.449921785908e-02,1.280494310370e-01
4.380790395198e+00,1.928635938141e-04,6.445000719730e-02,1.279550095146e-01
4.383766883442e+00,1.902546244889e-04,6.440085662624e-02,1.278607130220e-01
4.386743371686e+00,1.876631288223e-04,6.435176617059e-02,1.277665412908e-01
4.389719859930e+00,1.850890825915e-04,6.430273585421e-02,1.276724940541e-01
4.392696348174e+00,1.825324606316e-04,6.425376570012e-02,1.275785710470e-01
4.395672836418e+00,1.799932368468e-04,6.420485573050e-02,1.274847720061e-01
4.398649324662e+00,1.774713842252e-04,6.415600596673e-02,1.273910966698e-01
4.401625812906e+00,1.749668748505e-04,6.410721642933e-02,1.272975447782e-01
4.404602301151e+00,1.724796799151e-04,6.405848713801e-02,1.272041160730e-01
4.407578789395e+00,1.700097697318e-04,6.400981811164e-02,1.271108102975e-01
4.410555277639e+00,1.675571137478e-04,6.396120936827e-02,1.270176271968e-01
4.413531765883e+00,1.651216805556e-04,6.391266092514e-02,1.269245665174e-01
4.416508254127e+00,1.627034379065e-04,6.386417279863e-02,1.268316280077e-01
4.419484742371e+00,1.603023527218e-04,6.381574500434e-02,1.267388114174e-01
4.422461230615e+00,1.579183911058e-04,6.376737755702e-02,1.266461164978e-01
4.425437718859e+00,1.555515183572e-04,6.371907047060e-02,1.265535430019e-01
4.428414207104e+00,1.532016989821e-04,6.367082375821e-02,1.264610906841e-01
4.431390695348e+00,1.508688967045e-04,6.362263743216e-02,1.263687593005e-01
4.434367183592e+00,1.485530744787e-04,6.357451150392e-02,1.262765486084e-01
4.437343671836e+00,1.462541945019e-04,6.352644598419e-02,1.261844583669e-01
4.440320160080e+00,1.439722182243e-04,6.347844088282e-02,1.260924883364e-01
4.443296648324e+00,1.417071063616e-04,6.343049620886e-02,1.260006382788e-01
4.446273136568e+00,1.394588189066e-04,6.338261197057e-02,1.259089079574e-01
4.449249624812e+00,1.372273151399e-04,6.333478817538e-02,1.258172971371e-01
4.452226113057e+00,1.350125536413e-04,6.328702482994e-02,1.257258055840e-01
4.455202601301e+00,1.328144923017e-04,6.323932194007e-02,1.256344330658e-01
4.458179089545e+00,1.306330883338e-04,6.319167951081e-02,1.255431793513e-01
4.461155577789e+00,1.284682982826e-04,6.314409754641e-02,1.254520442110e-01
4.464132066033e+00,1.263200780374e-04,6.309657605029e-02,1.253610274166e-01
4.467108554277e+00,1.241883828415e-04,6.304911502511e-02,1.252701287411e-01
4.470085042521e+00,1.220731673046e-04,6.300171447272e-02,1.251793479590e-01
4.473061530765e+00,1.199743854114e-04,6.295437439420e-02,1.250886848459e-01
4.476038019010e+00,1.178919905346e-04,6.290709478982e-02,1.249981391788e-01
4.479014507254e+00,1.158259354427e-04,6.285987565908e-02,1.249077107361e-01
4.481990995498e+00,1.137761723135e-04,6.281271700068e-02,1.248173992973e-01
4.484967483742e+00,1.117426527421e-04,6.276561881258e-02,1.247272046432e-01
4.487943971986e+00,1.097253277519e-04,6.271858109193e-02,1.246371265560e-01
4.490920460230e+00,1.077241478057e-04,6.267160383510e-02,1.245471648190e-01
4.493896948474e+00,1.057390628142e-04,6.262468703772e-02,1.244573192166e-01
4.496873436718e+00,1.037700221480e-04,6.257783069462e-02,1.243675895347e-01
4.499849924962e+00,1.018169746454e-04,6.253103479989e-02,1.242779755602e-01
4.502826413207e+00,9.987986862414e-05,6.248429934683e-02,1.241884770812e-01
4.505802901451e+00,9.795865189000e-05,6.243762432800e-02,1.240990938871e-01
4.508779389695e+00,9.605327174789e-05,6.239100973519e-02,1.240098257683e-01
4.511755877939e+00,9.416367500958e-05,6.234445555945e-02,1.239206725164e-01
4.514732366183e+00,9.228980800469e-05,6.229796179105e-02,1.238316339242e-01
4.517708854427e+00,9.043161658995e-05,6.225152841954e-02,1.237427097855e-01
4.520685342671e+00,8.858904615860e-05,6.220515543371e-02,1.236538998953e-01
4.523661830915e+00,8.676204164892e-05,6.215884282160e-02,1.235652040497e-01
4.526638319160e+00,8.495054755508e-05,6.211259057052e-02,1.234766220459e-01
4.529614807404e+00,8.315450793472e-05,6.206639866703e-02,1.233881536820e-01
4.532591295648e+00,8.137386641904e-05,6.202026709699e-02,1.232997987574e-01
4.535567783892e+00,7.960856622113e-05,6.197419584548e-02,1.232115570725e-01
4.538544272136e+00,7.785855014575e-05,6.192818489688e-02,1.231234284286e-01
4.541520760380e+00,7.612376059751e-05,6.188223423485e-02,1.230354126281e-01
4.544497248624e+00,7.440413959015e-05,6.183634384230e-02,1.229475094745e-01
4.547473736868e+00,7.269962875478e-05,6.179051370147e-02,1.228597187721e-01
4.550450225113e+00,7.101016934841e-05,6.174474379383e-02,1.227720403265e-01
4.553426713357e+00,6.933570226364e-05,6.169903410017e-02,1.226844739441e-01
4.556403201601e+00,6.767616803538e-05,6.165338460056e-02,1.225970194322e-01
4.559379689845e+00,6.603150685136e-05,6.160779527439e-02,1.225096765991e-01
4.562356178089e+00,6.440165855803e-05,6.156226610030e-02,1.224224452543e-01
4.565332666333e+00,6.278656267111e-05,6.151679705628e-02,1.223353252078e-01
4.568309154577e+00,6.118615838258e-05,6.147138811959e-02,1.222483162710e-01
4.571285642821e+00,5.960038456898e-05,6.142603926682e-02,1.221614182557e-01
4.574262131066e+00,5.802917979902e-05,6.138075047386e-02,1.220746309752e-01
4.577238619310e+00,5.647248234275e-05,6.133552171593e-02,1.219879542432e-01
4.580215107554e+00,5.493023017822e-05,6.129035296754e-02,1.219013878745e-01
4.583191595798e+00,5.340236099971e-05,6.124524420256e-02,1.218149316848e-01
4.586168084042e+00,5.188881222618e-05,6.120019539415e-02,1.217285854906e-01
4.589144572286e+00,5.038952100755e-05,6.115520651483e-02,1.216423491094e-01
4.592121060530e+00,4.890442423378e-05,6.111027753644e-02,1.215562223592e-01
4.595097548774e+00,4.743345854064e-05,6.106540843015e-02,1.214702050592e-01
4.598074037019e+00,4.597656031957e-05,6.102059916647e-02,1.213842970294e-01
4.601050525263e+00,4.453366572266e-05,6.097584971528e-02,1.212984980903e-01
4.604027013507e+00,4.310471067159e-05,6.093116004578e-02,1.212128080636e-01
4.607003501751e+00,4.168963086415e-05,6.088653012653e-02,1.211272267716e-01
4.609979989995e+00,4.028836178138e-05,6.084195992544e-02,1.210417540373e-01
4.612956478239e+00,3.890083869562e-05,6.079744940980e-02,1.209563896847e-01
4.615932966483e+00,3.752699667581e-05,6.075299854623e-02,1.208711335385e-01
4.618909454727e+00,3.616677059604e-05,6.070860730076e-02,1.207859854241e-01
4.621885942971e+00,3.482009514166e-05,6.066427563874e-02,1.207009451677e-01
4.624862431216e+00,3.348690481664e-05,6.062000352493e-02,1.206160125962e-01
4.627838919460e+00,3.216713394982e-05,6.057579092345e-02,1.205311875373e-01
4.630815407704e+00,3.086071670177e-05,6.053163779782e-02,1.204464698194e-01
4.633791895948e+00,2.956758707151e-05,6.048754411093e-02,1.203618592716e-01
4.636768384192e+00,2.828767890295e-05,6.044350982505e-02,1.202773557238e-01
4.639744872436e+00,2.702092589191e-05,6.039953490188e-02,1.201929590065e-01
4.642721360680e+00,2.576726159109e-05,6.035561930248e-02,1.201086689509e-01
4.645697848924e+00,2.452661941865e-05,6.031176298734e-02,1.200244853890e-01
4.648674337169e+00,2.329893266240e-05,6.026796591632e-02,1.199404081533e-01
4.651650825413e+00,2.208413448734e-05,6.022422804872e-02,1.198564370772e-01
4.654627313657e+00,2.088215794138e-05,6.018054934324e-02,1.197725719944e-01
4.657603801901e+00,1.969293596149e-05,6.013692975800e-02,1.196888127398e-01
4.660580290145e+00,1.851640137951e-05,6.009336925055e-02,1.196051591483e-01
4.663556778389e+00,1.735248692858e-05,6.004986777784e-02,1.195216110560e-01
4.666533266633e+00,1.620112524892e-05,6.000642529627e-02,1.194381682993e-01
4.669509754877e+00,1.506224889303e-05,5.996304176166e-02,1.193548307153e-01
4.672486243122e+00,1.393579033282e-05,5.991971712929e-02,1.192715981418e-01
4.675462731366e+00,1.282168196381e-05,5.987645135384e-02,1.191884704171e-01
4.678439219610e+00,1.171985611170e-05,5.983324438947e-02,1.191054473802e-01
4.681415707854e+00,1.063024503822e-05,5.979009618978e-02,1.190225288706e-01
4.684392196098e+00,9.552780945610e-06,5.974700670782e-02,1.189397147284e-01
4.687368684342e+00,8.487395982804e-06,5.970397589608e-02,1.188570047943e-01
4.690345172586e+00,7.434022251118e-06,5.966100370654e-02,1.187743989096e-01
4.693321660830e+00,6.392591809123e-06,5.961809009063e-02,1.186918969161e-01
4.696298149075e+00,5.363036677419e-06,5.957523499925e-02,1.186094986562e-01
4.699274637319e+00,4.345288845409e-06,5.953243838276e-02,1.185272039730e-01
4.702251125563e+00,3.339280274739e-06,5.948970019103e-02,1.184450127097e-01
4.705227613807e+00,2.344942905852e-06,5.944702037337e-02,1.183629247106e-01
4.708204102051e+00,1.362208661981e-06,5.940439887861e-02,1.182809398201e-01
4.711180590295e+00,3.910094547033e-07,5.936183565504e-02,1.181990578833e-01
4.714157078539e+00,-5.687228109563e-07,5.931933065046e-02,1.181172787459e-01
4.717133566783e+00,-1.517056232858e-06,5.927688381217e-02,1.180356022539e-01
4.720110055028e+00,-2.454058904644e-06,5.923449508697e-02,1.179540282539e-01
4.723086543272e+00,-3.379798913627e-06,5.919216442114e-02,1.178725565931e-01
4.726063031516e+00,-4.294344333911e-06,5.914989176050e-02,1.177911871190e-01
4.729039519760e+00,-5.197763223386e-06,5.910767705036e-02,1.177099196798e-01
4.732016008004e+00,-6.090123617408e-06,5.906552023558e-02,1.176287541240e-01
4.734992496248e+00,-6.971493526464e-06,5.902342126051e-02,1.175476903006e-01
4.737968984492e+00,-7.841940929287e-06,5.898138006902e-02,1.174667280592e-01
4.740945472736e+00,-8.701533770417e-06,5.893939660455e-02,1.173858672498e-01
4.743921960980e+00,-9.550339954534e-06,5.889747081003e-02,1.173051077227e-01
4.746898449225e+00,-1.038842734269e-05,5.885560262795e-02,1.172244493288e-01
4.749874937469e+00,-1.121586374841e-05,5.881379200034e-02,1.171438919195e-01
4.752851425713e+00,-1.203271693240e-05,5.877203886877e-02,1.170634353465e-01
4.755827913957e+00,-1.283905459937e-05,5.873034317436e-02,1.169830794621e-01
4.758804402201e+00,-1.363494439344e-05,5.868870485779e-02,1.169028241187e-01
4.761780890445e+00,-1.442045389477e-05,5.864712385929e-02,1.168226691696e-01
4.764757378689e+00,-1.519565061425e-05,5.860560011865e-02,1.167426144680e-01
4.767733866933e+00,-1.596060199083e-05,5.856413357524e-02,1.166626598680e-01
4.770710355178e+00,-1.671537538717e-05,5.852272416798e-02,1.165828052237e-01
4.773686843422e+00,-1.746003808523e-05,5.848137183538e-02,1.165030503898e-01
4.776663331666e+00,-1.819465728370e-05,5.844007651552e-02,1.164233952215e-01
4.779639819910e+00,-1.891930009290e-05,5.839883814606e-02,1.163438395741e-01
4.782616308154e+00,-1.963403353278e-05,5.835765666425e-02,1.162643833036e-01
4.785592796398e+00,-2.033892452702e-05,5.831653200694e-02,1.161850262661e-01
4.788569284642e+00,-2.103403990139e-05,5.827546411054e-02,1.161057683183e-01
4.791545772886e+00,-2.171944637941e-05,5.823445291110e-02,1.160266093170e-01
4.794522261131e+00,-2.239521057867e-05,5.819349834424e-02,1.159475491198e-01
4.797498749375e+00,-2.306139900832e-05,5.815260034520e-02,1.158685875841e-01
4.800475237619e+00,-2.371807806456e-05,5.811175884884e-02,1.157897245682e-01
4.803451725863e+00,-2.436531402727e-05,5.807097378960e-02,1.157109599304e-01
4.806428214107e+00,-2.500317305831e-05,5.803024510156e-02,1.156322935295e-01
4.809404702351e+00,-2.563172119585e-05,5.798957271844e-02,1.155537252245e-01
4.812381190595e+00,-2.625102435405e-05,5.794895657355e-02,1.154752548750e-01
4.815357678839e+00,-2.686114831674e-05,5.790839659984e-02,1.153968823406e-01
4.818334167084e+00,-2.746215873695e-05,5.786789272991e-02,1.153186074814e-01
4.821310655328e+00,-2.805412113205e-05,5.782744489598e-02,1.152404301580e-01
4.824287143572e+00,-2.863710088230e-05,5.778705302992e-02,1.151623502309e-01
4.827263631816e+00,-2.921116322607e-05,5.774671706323e-02,1.150843675614e-01
4.830240120060e+00,-2.977637325874e-05,5.770643692708e-02,1.150064820107e-01
4.833216608304e+00,-3.033279592868e-05,5.766621255228e-02,1.149286934405e-01
4.836193096548e+00,-3.088049603406e-05,5.762604386931e-02,1.148510017129e-01
4.839169584792e+00,-3.141953822183e-05,5.758593080829e-02,1.147734066900e-01
4.842146073037e+00,-3.194998698297e-05,5.754587329901e-02,1.146959082345e-01
4.845122561281e+00,-3.247190665068e-05,5.750587127094e-02,1.146185062093e-01
4.848099049525e+00,-3.298536139829e-05,5.746592465322e-02,1.145412004775e-01
4.851075537769e+00,-3.349041523559e-05,5.742603337465e-02,1.144639909025e-01
4.854052026013e+00,-3.398713200653e-05,5.738619736374e-02,1.143868773481e-01
4.857028514257e+00,-3.447557538672e-05,5.734641654864e-02,1.143098596783e-01
4.860005002501e+00,-3.495580888180e-05,5.730669085723e-02,1.142329377573e-01
4.862981490745e+00,-3.542789582345e-05,5.726702021705e-02,1.141561114498e-01
4.865957978989e+00,-3.589189936837e-05,5.722740455536e-02,1.140793806204e-01
4.868934467234e+00,-3.634788249474e-05,5.718784379910e-02,1.140027451344e-01
4.871910955478e+00,-3.679590800076e-05,5.714833787493e-02,1.139262048569e-01
4.874887443722e+00,-3.723603850203e-05,5.710888670919e-02,1.138497596537e-01
4.877863931966e+00,-3.766833642926e-05,5.706949022795e-02,1.137734093906e-01
4.880840420210e+00,-3.809286402590e-05,5.703014835699e-02,1.136971539336e-01
4.883816908454e+00,-3.850968334695e-05,5.699086102180e-02,1.136209931491e-01
4.886793396698e+00,-3.891885625529e-05,5.695162814762e-02,1.135449269037e-01
4.889769884942e+00,-3.932044442023e-05,5.691244965936e-02,1.134689550642e-01
4.892746373187e+00,-3.971450931628e-05,5.687332548172e-02,1.133930774976e-01
4.895722861431e+00,-4.010111222030e-05,5.683425553908e-02,1.133172940713e-01
4.898699349675e+00,-4.048031420922e-05,5.679523975559e-02,1.132416046528e-01
4.901675837919e+00,-4.085217615868e-05,5.675627805512e-02,1.131660091098e-01
4.904652326163e+00,-4.121675874114e-05,5.671737036129e-02,1.130905073103e-01
4.907628814407e+00,-4.157412242389e-05,5.667851659748e-02,1.130150991225e-01
4.910605302651e+00,-4.192432746686e-05,5.663971668679e-02,1.129397844148e-01
4.913581790895e+00,-4.226743392166e-05,5.660097055211e-02,1.128645630558e-01
4.916558279140e+00,-4.260350162855e-05,5.656227811604e-02,1.127894349144e-01
4.919534767384e+00,-4.293259021648e-05,5.652363930099e-02,1.127143998597e-01
4.922511255628e+00,-4.325475909916e-05,5.648505402911e-02,1.126394577608e-01
4.925487743872e+00,-4.357006747580e-05,5.644652222232e-02,1.125646084874e-01
4.928464232116e+00,-4.387857432786e-05,5.640804380230e-02,1.124898519089e-01
4.931440720360e+00,-4.418033841758e-05,5.636961869054e-02,1.124151878954e-01
4.934417208604e+00,-4.447541828723e-05,5.633124680826e-02,1.123406163169e-01
4.937393696848e+00,-4.476387225716e-05,5.629292807650e-02,1.122661370435e-01
4.940370185093e+00,-4.504575842401e-05,5.625466241608e-02,1.121917499459e-01
4.943346673337e+00,-4.532113466005e-05,5.621644974759e-02,1.121174548946e-01
4.946323161581e+00,-4.559005861049e-05,5.617828999142e-02,1.120432517604e-01
4.949299649825e+00,-4.585258769374e-05,5.614018306777e-02,1.119691404144e-01
4.952276138069e+00,-4.610877909861e-05,5.610212889662e-02,1.118951207278e-01
4.955252626313e+00,-4.635868978375e-05,5.606412739776e-02,1.118211925720e-01
4.958229114557e+00,-4.660237647658e-05,5.602617849079e-02,1.117473558184e-01
4.961205602801e+00,-4.683989567078e-05,5.598828209511e-02,1.116736103389e-01
4.964182091046e+00,-4.707130362658e-05,5.595043812994e-02,1.115999560053e-01
4.967158579290e+00,-4.729665636904e-05,5.591264651431e-02,1.115263926897e-01
4.970135067534e+00,-4.751600968622e-05,5.587490716708e-02,1.114529202644e-01
4.973111555778e+00,-4.772941912912e-05,5.583722000691e-02,1.113795386018e-01
4.976088044022e+00,-4.793694000960e-05,5.579958495231e-02,1.113062475745e-01
4.979064532266e+00,-4.813862740005e-05,5.576200192160e-02,1.112330470551e-01
4.982041020510e+00,-4.833453613218e-05,5.572447083294e-02,1.111599369167e-01
4.985017508754e+00,-4.852472079531e-05,5.568699160434e-02,1.110869170322e-01
4.987993996998e+00,-4.870923573663e-05,5.564956415361e-02,1.110139872749e-01
4.990970485243e+00,-4.888813505921e-05,5.561218839845e-02,1.109411475182e-01
4.993946973487e+00,-4.906147262163e-05,5.557486425636e-02,1.108683976356e-01
4.996923461731e+00,-4.922930203632e-05,5.553759164472e-02,1.107957375008e-01
4.999899949975e+00,-4.939167667040e-05,5.550037048074e-02,1.107231669876e-01
5.002876438219e+00,-4.954864964291e-05,5.546320068150e-02,1.106506859700e-01
5.005852926463e+00,-4.970027382412e-05,5.542608216393e-02,1.105782943221e-01
5.008829414707e+00,-4.984660183704e-05,5.538901484483e-02,1.105059919182e-01
5.011805902951e+00,-4.998768605402e-05,5.535199864083e-02,1.104337786328e-01
5.014782391196e+00,-5.012357859668e-05,5.531503346848e-02,1.103616543403e-01
5.017758879440e+00,-5.025433133643e-05,5.527811924415e-02,1.102896189155e-01
5.020735367684e+00,-5.037999589241e-05,5.524125588411e-02,1.102176722332e-01
5.023711855928e+00,-5.050062363099e-05,5.520444330450e-02,1.101458141684e-01
5.026688344172e+00,-5.061626566638e-05,5.516768142134e-02,1.100740445962e-01
5.029664832416e+00,-5.072697285824e-05,5.513097015052e-02,1.100023633919e-01
5.032641320660e+00,-5.083279581264e-05,5.509430940784e-02,1.099307704307e-01
5.035617808904e+00,-5.093378488008e-05,5.505769910896e-02,1.098592655883e-01
5.038594297149e+00,-5.102999015649e-05,5.502113916944e-02,1.097878487403e-01
5.041570785393e+00,-5.112146148134e-05,5.498462950475e-02,1.097165197624e-01
5.044547273637e+00,-5.120824843818e-05,5.494817003022e-02,1.096452785306e-01
5.047523761881e+00,-5.129040035345e-05,5.491176066112e-02,1.095741249208e-01
5.050500250125e+00,-5.136796629668e-05,5.487540131260e-02,1.095030588092e-01
5.053476738369e+00,-5.144099507937e-05,5.483909189971e-02,1.094320800721e-01
5.056453226613e+00,-5.150953525523e-05,5.480283233742e-02,1.093611885858e-01
5.059429714857e+00,-5.157363511965e-05,5.476662254060e-02,1.092903842269e-01
5.062406203102e+00,-5.163334270897e-05,5.473046242405e-02,1.092196668721e-01
5.065382691346e+00,-5.168870580063e-05,5.469435190247e-02,1.091490363979e-01
5.068359179590e+00,-5.173977191297e-05,5.465829089048e-02,1.090784926814e-01
5.071335667834e+00,-5.178658830418e-05,5.462227930264e-02,1.090080355995e-01
5.074312156078e+00,-5.182920197255e-05,5.458631705340e-02,1.089376650293e-01
5.077288644322e+00,-5.186765965681e-05,5.455040405717e-02,1.088673808480e-01
5.080265132566e+00,-5.190200783489e-05,5.451454022828e-02,1.087971829330e-01
5.083241620810e+00,-5.193229272427e-05,5.447872548098e-02,1.087270711616e-01
5.086218109055e+00,-5.195856028173e-05,5.444295972947e-02,1.086570454115e-01
5.089194597299e+00,-5.198085620295e-05,5.440724288788e-02,1.085871055603e-01
5.092171085543e+00,-5.199922592292e-05,5.437157487028e-02,1.085172514858e-01
5.095147573787e+00,-5.201371461527e-05,5.433595559069e-02,1.084474830658e-01
5.098124062031e+00,-5.202436719287e-05,5.430038496306e-02,1.083778001783e-01
5.101100550275e+00,-5.203122830666e-05,5.426486290132e-02,1.083082027014e-01
5.104077038519e+00,-5.203434234680e-05,5.422938931931e-02,1.082386905134e-01
5.107053526763e+00,-5.203375344154e-05,5.419396413085e-02,1.081692634925e-01
5.110030015008e+00,-5.202950545835e-05,5.415858724971e-02,1.080999215172e-01
5.113006503252e+00,-5.202164200291e-05,5.412325858961e-02,1.080306644658e-01
5.115982991496e+00,-5.201020641976e-05,5.408797806424e-02,1.079614922172e-01
5.118959479740e+00,-5.199524179178e-05,5.405274558725e-02,1.078924046499e-01
5.121935967984e+00,-5.197679094093e-05,5.401756107226e-02,1.078234016428e-01
5.124912456228e+00,-5.195489642795e-05,5.398242443286e-02,1.077544830748e-01
5.127888944472e+00,-5.192960055211e-05,5.394733558258e-02,1.076856488250e-01
5.130865432716e+00,-5.190094535246e-05,5.391229443497e-02,1.076168987724e-01
5.133841920960e+00,-5.186897260623e-05,5.387730090353e-02,1.075482327962e-01
5.136818409205e+00,-5.183372383066e-05,5.384235490172e-02,1.074796507758e-01
5.139794897449e+00,-5.179524028220e-05,5.380745634303e-02,1.074111525906e-01
5.142771385693e+00,-5.175356295672e-05,5.377260514088e-02,1.073427381201e-01
5.145747873937e+00,-5.170873259042e-05,5.373780120870e-02,1.072744072439e-01
5.148724362181e+00,-5.166078965890e-05,5.370304445991e-02,1.072061598416e-01
5.151700850425e+00,-5.160977437857e-05,5.366833480791e-02,1.071379957932e-01
5.154677338669e+00,-5.155572670579e-05,5.363367216609e-02,1.070699149784e-01
5.157653826913e+00,-5.149868633791e-05,5.359905644785e-02,1.070019172772e-01
5.160630315158e+00,-5.143869271362e-05,5.356448756656e-02,1.069340025698e-01
5.163606803402e+00,-5.137578501258e-05,5.352996543561e-02,1.068661707363e-01
5.166583291646e+00,-5.131000215597e-05,5.349548996837e-02,1.067984216569e-01
5.169559779890e+00,-5.124138280721e-05,5.346106107825e-02,1.067307552120e-01
5.172536268134e+00,-5.116996537147e-05,5.342667867861e-02,1.066631712821e-01
5.175512756378e+00,-5.109578799711e-05,5.339234268286e-02,1.065956697477e-01
5.178489244622e+00,-5.101888857506e-05,5.335805300441e-02,1.065282504894e-01
5.181465732866e+00,-5.093930473976e-05,5.332380955667e-02,1.064609133879e-01
5.184442221111e+00,-5.085707386931e-05,5.328961225307e-02,1.063936583241e-01
5.187418709355e+00,-5.077223308592e-05,5.325546100704e-02,1.063264851788e-01
5.190395197599e+00,-5.068481925619e-05,5.322135573207e-02,1.062593938330e-01
5.193371685843e+00,-5.059486899184e-05,5.318729634162e-02,1.061923841678e-01
5.196348174087e+00,-5.050241864990e-05,5.315328274919e-02,1.061254560644e-01
5.199324662331e+00,-5.040750433338e-05,5.311931486832e-02,1.060586094040e-01
5.202301150575e+00,-5.031016189161e-05,5.308539261256e-02,1.059918440680e-01
5.205277638819e+00,-5.021042692044e-05,5.305151589547e-02,1.059251599377e-01
5.208254127064e+00,-5.010833476315e-05,5.301768463067e-02,1.058585568948e-01
5.211230615308e+00,-5.000392051091e-05,5.298389873180e-02,1.057920348208e-01
5.214207103552e+00,-4.989721900284e-05,5.295015811253e-02,1.057255935975e-01
5.217183591796e+00,-4.978826482749e-05,5.291646268656e-02,1.056592331065e-01
5.220160080040e+00,-4.967709232206e-05,5.288281236764e-02,1.055929532298e-01
5.223136568284e+00,-4.956373557397e-05,5.284920706955e-02,1.055267538493e-01
5.226113056528e+00,-4.944822842134e-05,5.281564670611e-02,1.054606348470e-01
5.229089544772e+00,-4.933060445267e-05,5.278213119119e-02,1.053945961052e-01
5.232066033017e+00,-4.921089700893e-05,5.274866043870e-02,1.053286375060e-01
5.235042521261e+00,-4.908913918233e-05,5.271523436259e-02,1.052627589316e-01
5.238019009505e+00,-4.896536381860e-05,5.268185287687e-02,1.051969602646e-01
5.240995497749e+00,-4.883960351665e-05,5.264851589558e-02,1.051312413874e-01
5.243971985993e+00,-4.871189062927e-05,5.261522333285e-02,1.050656021825e-01
5.246948474237e+00,-4.858225726412e-05,5.258197510282e-02,1.050000425325e-01
5.249924962481e+00,-4.845073528426e-05,5.254877111970e-02,1.049345623203e-01
5.252901450725e+00,-4.831735630817e-05,5.251561129777e-02,1.048691614287e-01
5.255877938969e+00,-4.818215171143e-05,5.248249555136e-02,1.048038397404e-01
5.258854427214e+00,-4.804515262691e-05,5.244942379484e-02,1.047385971387e-01
5.261830915458e+00,-4.790638994523e-05,5.241639594268e-02,1.046734335064e-01
5.264807403702e+00,-4.776589431577e-05,5.238341190938e-02,1.046083487268e-01
5.267783891946e+00,-4.762369614719e-05,5.235047160953e-02,1.045433426831e-01
5.270760380190e+00,-4.747982560838e-05,5.231757495776e-02,1.044784152586e-01
5.273736868434e+00,-4.733431262838e-05,5.228472186879e-02,1.044135663369e-01
5.276713356678e+00,-4.718718689889e-05,5.225191225741e-02,1.043487958013e-01
5.279689844922e+00,-4.703847787280e-05,5.221914603846e-02,1.042841035355e-01
5.282666333167e+00,-4.688821476628e-05,5.218642312687e-02,1.042194894232e-01
5.285642821411e+00,-4.673642655939e-05,5.215374343765e-02,1.041549533480e-01
5.288619309655e+00,-4.658314199646e-05,5.212110688588e-02,1.040904951940e-01
5.291595797899e+00,-4.642838958702e-05,5.208851338670e-02,1.040261148450e-01
5.294572286143e+00,-4.627219760667e-05,5.205596285535e-02,1.039618121849e-01
5.297548774387e+00,-4.611459409787e-05,5.202345520715e-02,1.038975870981e-01
5.300525262631e+00,-4.595560687048e-05,5.199099035749e-02,1.038334394686e-01
5.303501750875e+00,-4.579526350279e-05,5.195856822185e-02,1.037693691807e-01
5.306478239120e+00,-4.563359134235e-05,5.192618871579e-02,1.037053761187e-01
5.309454727364e+00,-4.547061750626e-05,5.189385175497e-02,1.036414601673e-01
5.312431215608e+00,-4.530636888300e-05,5.186155725513e-02,1.035776212108e-01
5.315407703852e+00,-4.514087213203e-05,5.182930513209e-02,1.035138591340e-01
5.318384192096e+00,-4.497415368565e-05,5.179709530177e-02,1.034501738215e-01
5.321360680340e+00,-4.480623974923e-05,5.176492768018e-02,1.033865651581e-01
5.324337168584e+00,-4.463715630210e-05,5.173280218342e-02,1.033230330288e-01
5.327313656828e+00,-4.446692909876e-05,5.170071872769e-02,1.032595773186e-01
5.330290145073e+00,-4.429558366936e-05,5.166867722928e-02,1.031961979124e-01
5.333266633317e+00,-4.412314532076e-05,5.163667760459e-02,1.031328946955e-01
5.336243121561e+00,-4.394963913701e-05,5.160471977009e-02,1.030696675531e-01
5.339219609805e+00,-4.377508998077e-05,5.157280364238e-02,1.030065163705e-01
5.342196098049e+00,-4.359952249411e-05,5.154092913815e-02,1.029434410332e-01
5.345172586293e+00,-4.342296109872e-05,5.150909617419e-02,1.028804414266e-01
5.348149074537e+00,-4.324542999778e-05,5.147730466739e-02,1.028175174365e-01
5.351125562781e+00,-4.306695317591e-05,5.144555453475e-02,1.027546689484e-01
5.354102051026e+00,-4.288755440063e-05,5.141384569338e-02,1.026918958481e-01
5.357078539270e+00,-4.270725722333e-05,5.138217806048e-02,1.026291980216e-01
5.360055027514e+00,-4.252608497968e-05,5.135055155338e-02,1.025665753548e-01
5.363031515758e+00,-4.234406079084e-05,5.131896608950e-02,1.025040277337e-01
5.366008004002e+00,-4.216120756473e-05,5.128742158638e-02,1.024415550445e-01
5.368984492246e+00,-4.197754799606e-05,5.125591796169e-02,1.023791571734e-01
5.371960980490e+00,-4.179310456787e-05,5.122445513317e-02,1.023168340067e-01
5.374937468734e+00,-4.160789955254e-05,5.119303301870e-02,1.022545854309e-01
5.377913956978e+00,-4.142195501233e-05,5.116165153628e-02,1.021924113325e-01
5.380890445223e+00,-4.123529280065e-05,5.113031060402e-02,1.021303115980e-01
5.383866933467e+00,-4.104793456261e-05,5.109901014014e-02,1.020682861142e-01
5.386843421711e+00,-4.085990173641e-05,5.106775006299e-02,1.020063347678e-01
5.389819909955e+00,-4.067121555373e-05,5.103653029101e-02,1.019444574458e-01
5.392796398199e+00,-4.048189704131e-05,5.100535074281e-02,1.018826540350e-01
5.395772886443e+00,-4.029196702138e-05,5.097421133708e-02,1.018209244226e-01
5.398749374687e+00,-4.010144611322e-05,5.094311199265e-02,1.017592684958e-01
5.401725862931e+00,-3.991035473294e-05,5.091205262846e-02,1.016976861417e-01
5.404702351176e+00,-3.971871309594e-05,5.088103316358e-02,1.016361772477e-01
5.407678839420e+00,-3.952654121686e-05,5.085005351723e-02,1.015747417013e-01
5.410655327664e+00,-3.933385891064e-05,5.081911360871e-02,1.015133793901e-01
5.413631815908e+00,-3.914068579403e-05,5.078821335749e-02,1.014520902015e-01
5.416608304152e+00,-3.894704128593e-05,5.075735268313e-02,1.013908740234e-01
5.419584792396e+00,-3.875294460853e-05,5.072653150534e-02,1.013297307436e-01
5.422561280640e+00,-3.855841478884e-05,5.069574974397e-02,1.012686602501e-01
5.425537768884e+00,-3.836347065855e-05,5.066500731898e-02,1.012076624307e-01
5.428514257129e+00,-3.816813085622e-05,5.063430415046e-02,1.011467371738e-01
5.431490745373e+00,-3.797241382741e-05,5.060364015865e-02,1.010858843673e-01
5.434467233617e+00,-3.777633782609e-05,5.057301526391e-02,1.010251038998e-01
5.437443721861e+00,-3.757992091524e-05,5.054242938674e-02,1.009643956595e-01
5.440420210105e+00,-3.738318096846e-05,5.051188244777e-02,1.009037595351e-01
5.443396698349e+00,-3.718613567016e-05,5.048137436777e-02,1.008431954150e-01
5.446373186593e+00,-3.698880251712e-05,5.045090506764e-02,1.007827031880e-01
5.449349674837e+00,-3.679119881950e-05,5.042047446842e-02,1.007222827430e-01
5.452326163082e+00,-3.659334170147e-05,5.039008249130e-02,1.006619339688e-01
5.455302651326e+00,-3.639524810228e-05,5.035972905759e-02,1.006016567543e-01
5.458279139570e+00,-3.619693477763e-05,5.032941408874e-02,1.005414509889e-01
5.461255627814e+00,-3.599841830004e-05,5.029913750636e-02,1.004813165615e-01
5.464232116058e+00,-3.579971506085e-05,5.026889923218e-02,1.004212533616e-01
5.467208604302e+00,-3.560084126963e-05,5.023869918809e-02,1.003612612786e-01
5.470185092546e+00,-3.540181295703e-05,5.020853729609e-02,1.003013402019e-01
5.473161580790e+00,-3.520264597401e-05,5.017841347836e-02,1.002414900213e-01
5.476138069035e+00,-3.500335599449e-05,5.014832765721e-02,1.001817106263e-01
5.479114557279e+00,-3.480395851507e-05,5.011827975509e-02,1.001220019069e-01
5.482091045523e+00,-3.460446885650e-05,5.008826969459e-02,1.000623637529e-01
5.485067533767e+00,-3.440490216522e-05,5.005829739845e-02,1.000027960544e-01
5.488044022011e+00,-3.420527341302e-05,5.002836278957e-02,9.994329870153e-02
5.491020510255e+00,-3.400559739952e-05,4.999846579099e-02,9.988387158452e-02
5.493996998499e+00,-3.380588875224e-05,4.996860632588e-02,9.982451459372e-02
5.496973486743e+00,-3.360616192793e-05,4.993878431757e-02,9.976522761957e-02
5.499949974987e+00,-3.340643121352e-05,4.990899968956e-02,9.970601055264e-02
5.502926463232e+00,-3.320671072715e-05,4.987925236545e-02,9.964686328358e-02
5.505902951476e+00,-3.300701441888e-05,4.984954226904e-02,9.958778570318e-02
5.508879439720e+00,-3.280735607258e-05,4.981986932425e-02,9.952877770229e-02
5.511855927964e+00,-3.260774930558e-05,4.979023345516e-02,9.946983917192e-02
5.514832416208e+00,-3.240820757100e-05,4.976063458601e-02,9.941097000315e-02
5.517808904452e+00,-3.220874415766e-05,4.973107264117e-02,9.935217008718e-02
5.520785392696e+00,-3.200937219217e-05,4.970154754518e-02,9.929343931532e-02
5.523761880940e+00,-3.181010463871e-05,4.967205922273e-02,9.923477757900e-02
5.526738369185e+00,-3.161095430093e-05,4.964260759866e-02,9.917618476974e-02
5.529714857429e+00,-3.141193382317e-05,4.961319259797e-02,9.911766077919e-02
5.532691345673e+00,-3.121305568987e-05,4.958381414581e-02,9.905920549908e-02
5.535667833917e+00,-3.101433222874e-05,4.955447216747e-02,9.900081882129e-02
5.538644322161e+00,-3.081577561026e-05,4.952516658843e-02,9.894250063777e-02
5.541620810405e+00,-3.061739784893e-05,4.949589733429e-02,9.888425084063e-02
5.544597298649e+00,-3.041921080482e-05,4.946666433083e-02,9.882606932204e-02
5.547573786893e+00,-3.022122618412e-05,4.943746750398e-02,9.876795597432e-02
5.550550275138e+00,-3.002345553982e-05,4.940830677982e-02,9.870991068990e-02
5.553526763382e+00,-2.982591027367e-05,4.937918208460e-02,9.865193336129e-02
5.556503251626e+00,-2.962860163613e-05,4.935009334471e-02,9.859402388115e-02
5.559479739870e+00,-2.943154072832e-05,4.932104048672e-02,9.853618214224e-02
5.562456228114e+00,-2.923473850180e-05,4.929202343734e-02,9.847840803744e-02
5.565432716358e+00,-2.903820576117e-05,4.926304212344e-02,9.842070145974e-02
5.568409204602e+00,-2.884195316344e-05,4.923409647207e-02,9.836306230223e-02
5.571385692846e+00,-2.864599121999e-05,4.920518641042e-02,9.830549045815e-02
5.574362181091e+00,-2.845033029775e-05,4.917631186584e-02,9.824798582083e-02
5.577338669335e+00,-2.825498061898e-05,4.914747276585e-02,9.819054828372e-02
5.580315157579e+00,-2.805995226340e-05,4.911866903812e-02,9.813317774039e-02
5.583291645823e+00,-2.786525516896e-05,4.908990061049e-02,9.807587408453e-02
5.586268134067e+00,-2.767089913247e-05,4.906116741096e-02,9.801863720995e-02
5.589244622311e+00,-2.747689381055e-05,4.903246936770e-02,9.796146701056e-02
5.592221110555e+00,-2.728324872137e-05,4.900380640901e-02,9.790436338041e-02
5.595197598799e+00,-2.708997324463e-05,4.897517846338e-02,9.784732621365e-02
5.598174087044e+00,-2.689707662307e-05,4.894658545947e-02,9.779035540458e-02
5.601150575288e+00,-2.670456796339e-05,4.891802732607e-02,9.773345084757e-02
5.604127063532e+00,-2.651245623708e-05,4.888950399215e-02,9.767661243716e-02
5.607103551776e+00,-2.632075028164e-05,4.886101538687e-02,9.761984006798e-02
5.610080040020e+00,-2.612945880132e-05,4.883256143950e-02,9.756313363478e-02
5.613056528264e+00,-2.593859036815e-05,4.880414207951e-02,9.750649303246e-02
5.616033016508e+00,-2.574815342282e-05,4.877575723653e-02,9.744991815600e-02
5.619009504752e+00,-2.555815627581e-05,4.874740684034e-02,9.739340890054e-02
5.621985992996e+00,-2.536860710811e-05,4.871909082090e-02,9.733696516131e-02
5.624962481241e+00,-2.517951397274e-05,4.869080910832e-02,9.728058683370e-02
5.627938969485e+00,-2.499088479468e-05,4.866256163290e-02,9.722427381317e-02
5.630915457729e+00,-2.480272737293e-05,4.863434832506e-02,9.716802599536e-02
5.633891945973e+00,-2.461504938067e-05,4.860616911543e-02,9.711184327599e-02
5.636868434217e+00,-2.442785836665e-05,4.857802393478e-02,9.705572555094e-02
5.639844922461e+00,-2.424116175581e-05,4.854991271406e-02,9.699967271618e-02
5.642821410705e+00,-2.405496685043e-05,4.852183538437e-02,9.694368466782e-02
5.645797898949e+00,-2.386928083120e-05,4.849379187698e-02,9.688776130211e-02
5.648774387194e+00,-2.368411075759e-05,4.846578212333e-02,9.683190251539e-02
5.651750875438e+00,-2.349946356972e-05,4.843780605502e-02,9.677610820417e-02
5.654727363682e+00,-2.331534608790e-05,4.840986360384e-02,9.672037826505e-02
5.657703851926e+00,-2.313176501523e-05,4.838195470170e-02,9.666471259477e-02
5.660680340170e+00,-2.294872693753e-05,4.835407928072e-02,9.660911109020e-02
5.663656828414e+00,-2.276623832387e-05,4.832623727316e-02,9.655357364834e-02
5.666633316658e+00,-2.258430552871e-05,4.829842861146e-02,9.649810016630e-02
5.669609804902e+00,-2.240293479161e-05,4.827065322821e-02,9.644269054133e-02
5.672586293147e+00,-2.222213223890e-05,4.824291105619e-02,9.638734467082e-02
5.675562781391e+00,-2.204190388466e-05,4.821520202832e-02,9.633206245227e-02
5.678539269635e+00,-2.186225563094e-05,4.818752607772e-02,9.627684378331e-02
5.681515757879e+00,-2.168319326923e-05,4.815988313763e-02,9.622168856171e-02
5.684492246123e+00,-2.150472248097e-05,4.813227314151e-02,9.616659668537e-02
5.687468734367e+00,-2.132684883904e-05,4.810469602295e-02,9.611156805230e-02
5.690445222611e+00,-2.114957780830e-05,4.807715171571e-02,9.605660256067e-02
5.693421710855e+00,-2.097291474590e-05,4.804964015374e-02,9.600170010876e-02
5.696398199100e+00,-2.079686490331e-05,4.802216127112e-02,9.594686059499e-02
5.699374687344e+00,-2.062143342663e-05,4.799471500213e-02,9.589208391791e-02
5.702351175588e+00,-2.044662535716e-05,4.796730128120e-02,9.583736997619e-02
5.705327663832e+00,-2.027244563274e-05,4.793992004293e-02,9.578271866865e-02
5.708304152076e+00,-2.009889908861e-05,4.791257122210e-02,9.572812989423e-02
5.711280640320e+00,-1.992599045841e-05,4.788525475363e-02,9.567360355201e-02
5.714257128564e+00,-1.975372437413e-05,4.785797057262e-02,9.561913954120e-02
5.717233616808e+00,-1.958210536801e-05,4.783071861435e-02,9.556473776115e-02
5.720210105053e+00,-1.941113787340e-05,4.780349881425e-02,9.551039811133e-02
5.723186593297e+00,-1.924082622484e-05,4.777631110791e-02,9.545612049135e-02
5.726163081541e+00,-1.907117465949e-05,4.774915543112e-02,9.540190480095e-02
5.729139569785e+00,-1.890218731770e-05,4.772203171979e-02,9.534775094003e-02
5.732116058029e+00,-1.873386824458e-05,4.769493991004e-02,9.529365880858e-02
5.735092546273e+00,-1.856622138952e-05,4.766787993813e-02,9.523962830677e-02
5.738069034517e+00,-1.839925060831e-05,4.764085174049e-02,9.518565933488e-02
5.741045522761e+00,-1.823295966330e-05,4.761385525373e-02,9.513175179332e-02
5.744022011006e+00,-1.806735222443e-05,4.758689041461e-02,9.507790558267e-02
5.746998499250e+00,-1.790243187005e-05,4.755995716007e-02,9.502412060360e-02
5.749974987494e+00,-1.773820208795e-05,4.753305542720e-02,9.497039675695e-02
5.752951475738e+00,-1.757466627561e-05,4.750618515326e-02,9.491673394369e-02
5.755927963982e+00,-1.741182774173e-05,4.747934627570e-02,9.486313206492e-02
5.758904452226e+00,-1.724968970629e-05,4.745253873210e-02,9.480959102189e-02
5.761880940470e+00,-1.708825530256e-05,4.742576246023e-02,9.475611071597e-02
5.764857428714e+00,-1.692752757632e-05,4.739901739802e-02,9.470269104868e-02
5.767833916958e+00,-1.676750948809e-05,4.737230348355e-02,9.464933192169e-02
5.770810405203e+00,-1.660820391303e-05,4.734562065509e-02,9.459603323677e-02
5.773786893447e+00,-1.644961364233e-05,4.731896885106e-02,9.454279489588e-02
5.776763381691e+00,-1.629174138340e-05,4.729234801006e-02,9.448961680107e-02
5.779739869935e+00,-1.613458976157e-05,4.726575807083e-02,9.443649885456e-02
5.782716358179e+00,-1.597816131971e-05,4.723919897229e-02,9.438344095871e-02
5.785692846423e+00,-1.582245852005e-05,4.721267065353e-02,9.433044301601e-02
5.788669334667e+00,-1.566748374437e-05,4.718617305379e-02,9.427750492908e-02
5.791645822911e+00,-1.551323929505e-05,4.715970611250e-02,9.422462660071e-02
5.794622311156e+00,-1.535972739575e-05,4.713326976921e-02,9.417180793380e-02
5.797598799400e+00,-1.520695019219e-05,4.710686396368e-02,9.411904883141e-02
5.800575287644e+00,-1.505490975273e-05,4.708048863581e-02,9.406634919673e-02
5.803551775888e+00,-1.490360806999e-05,4.705414372567e-02,9.401370893310e-02
5.806528264132e+00,-1.475304706011e-05,4.702782917348e-02,9.396112794401e-02
5.809504752376e+00,-1.460322856495e-05,4.700154491965e-02,9.390860613306e-02
5.812481240620e+00,-1.445415435186e-05,4.697529090473e-02,9.385614340402e-02
5.815457728864e+00,-1.430582611539e-05,4.694906706944e-02,9.380373966080e-02
5.818434217109e+00,-1.415824547668e-05,4.692287335467e-02,9.375139480745e-02
5.821410705353e+00,-1.401141398594e-05,4.689670970146e-02,9.369910874815e-02
5.824387193597e+00,-1.386533312164e-05,4.687057605103e-02,9.364688138724e-02
5.827363681841e+00,-1.372000429190e-05,4.684447234473e-02,9.359471262919e-02
5.830340170085e+00,-1.357542883518e-05,4.681839852411e-02,9.354260237863e-02
5.833316658329e+00,-1.343160802136e-05,4.679235453086e-02,9.349055054032e-02
5.836293146573e+00,-1.328854305183e-05,4.676634030684e-02,9.343855701916e-02
5.839269634817e+00,-1.314623506055e-05,4.674035579406e-02,9.338662172021e-02
5.842246123062e+00,-1.300468511467e-05,4.671440093469e-02,9.333474454866e-02
5.845222611306e+00,-1.286389421562e-05,4.668847567109e-02,9.328292540986e-02
5.848199099550e+00,-1.272386329898e-05,4.666257994575e-02,9.323116420929e-02
5.851175587794e+00,-1.258459323628e-05,4.663671370133e-02,9.317946085258e-02
5.854152076038e+00,-1.244608483453e-05,4.661087688065e-02,9.312781524550e-02
5.857128564282e+00,-1.230833883803e-05,4.658506942668e-02,9.307622729398e-02
5.860105052526e+00,-1.217135592824e-05,4.655929128258e-02,9.302469690408e-02
5.863081540770e+00,-1.203513672499e-05,4.653354239163e-02,9.297322398202e-02
5.866058029015e+00,-1.189968178694e-05,4.650782269730e-02,9.292180843414e-02
5.869034517259e+00,-1.176499161215e-05,4.648213214320e-02,9.287045016696e-02
5.872011005503e+00,-1.163106663904e-05,4.645647067311e-02,9.281914908713e-02
5.874987493747e+00,-1.149790724686e-05,4.643083823096e-02,9.276790510143e-02
5.877963981991e+00,-1.136551375658e-05,4.640523476085e-02,9.271671811682e-02
5.880940470235e+00,-1.123388643098e-05,4.637966020701e-02,9.266558804038e-02
5.883916958479e+00,-1.110302547636e-05,4.635411451387e-02,9.261451477935e-02
5.886893446723e+00,-1.097293104224e-05,4.632859762598e-02,9.256349824112e-02
5.889869934967e+00,-1.084360322212e-05,4.630310948806e-02,9.251253833320e-02
5.892846423212e+00,-1.071504205508e-05,4.627765004500e-02,9.246163496328e-02
5.895822911456e+00,-1.058724752501e-05,4.625221924183e-02,9.241078803919e-02
5.898799399700e+00,-1.046021956241e-05,4.622681702373e-02,9.235999746890e-02
5.901775887944e+00,-1.033395804440e-05,4.620144333605e-02,9.230926316053e-02
5.904752376188e+00,-1.020846279565e-05,4.617609812430e-02,9.225858502235e-02
5.907728864432e+00,-1.008373358879e-05,4.615078133412e-02,9.220796296277e-02
5.910705352676e+00,-9.959770145507e-06,4.612549291134e-02,9.215739689036e-02
5.913681840920e+00,-9.836572136268e-06,4.610023280192e-02,9.210688671383e-02
5.916658329165e+00,-9.714139181938e-06,4.607500095197e-02,9.205643234205e-02
5.919634817409e+00,-9.592470853970e-06,4.604979730778e-02,9.200603368403e-02
5.922611305653e+00,-9.471566674746e-06,4.602462181576e-02,9.195569064891e-02
5.925587793897e+00,-9.351426118798e-06,4.599947442251e-02,9.190540314603e-02
5.928564282141e+00,-9.232048612695e-06,4.597435507475e-02,9.185517108481e-02
5.931540770385e+00,-9.113433536267e-06,4.594926371937e-02,9.180499437489e-02
5.934517258629e+00,-8.995580223159e-06,4.592420030342e-02,9.175487292601e-02
5.937493746873e+00,-8.878487960828e-06,4.589916477407e-02,9.170480664807e-02
5.940470235118e+00,-8.762155991660e-06,4.587415707869e-02,9.165479545113e-02
5.943446723362e+00,-8.646583513627e-06,4.584917716475e-02,9.160483924539e-02
5.946423211606e+00,-8.531769680409e-06,4.582422497990e-02,9.155493794121e-02
5.949399699850e+00,-8.417713602715e-06,4.579930047195e-02,9.150509144909e-02
5.952376188094e+00,-8.304414347848e-06,4.577440358883e-02,9.145529967968e-02
5.955352676338e+00,-8.191870941032e-06,4.574953427865e-02,9.140556254378e-02
5.958329164582e+00,-8.080082365858e-06,4.572469248964e-02,9.135587995235e-02
5.961305652826e+00,-7.969047564504e-06,4.569987817021e-02,9.130625181649e-02
5.964282141071e+00,-7.858765439295e-06,4.567509126891e-02,9.125667804746e-02
5.967258629315e+00,-7.749234851584e-06,4.565033173441e-02,9.120715855665e-02
5.970235117559e+00,-7.640454623759e-06,4.562559951557e-02,9.115769325562e-02
5.973211605803e+00,-7.532423539125e-06,4.560089456137e-02,9.110828205608e-02
5.976188094047e+00,-7.425140342576e-06,4.557621682096e-02,9.105892486987e-02
5.979164582291e+00,-7.318603741480e-06,4.555156624360e-02,9.100962160901e-02
5.982141070535e+00,-7.212812405455e-06,4.552694277875e-02,9.096037218564e-02
5.985117558779e+00,-7.107764967595e-06,4.550234637597e-02,9.091117651209e-02
5.988094047024e+00,-7.003460024912e-06,4.547777698499e-02,9.086203450080e-02
5.991070535268e+00,-6.899896138335e-06,4.545323455568e-02,9.081294606438e-02
5.994047023512e+00,-6.797071834042e-06,4.542871903805e-02,9.076391111559e-02
5.997023511756e+00,-6.694985603128e-06,4.540423038227e-02,9.071492956734e-02
6.000000000000e+00,-6.593635902608e-06,4.537976853863e-02,9.066600133269e-02
